title,prediksi_rating
Toy Story,2.7891732797537987
Jumanji,1.471277015783362
Grumpier Old Men,1.2808697466603245
Waiting to Exhale,-0.0248563616171562
Father of the Bride Part II,0.2547585684672465
Heat,1.6095311192689055
Sabrina,0.2323956287808623
Tom and Huck,0.11594812694386235
Sudden Death,0.19322721655284592
GoldenEye,1.286941619394513
"American President, The",0.07237748913327575
Dracula: Dead and Loving It,0.45450321747844946
Balto,0.23611531955263934
Nixon,0.05114480099617819
Cutthroat Island,-0.0312623141987931
Casino,1.2469132816866948
Sense and Sensibility,-0.19215388191426452
Four Rooms,0.2741287613851094
Ace Ventura: When Nature Calls,1.046264235597875
Money Train,0.18926168378010783
Get Shorty,0.6537806350158458
Copycat,0.4590624930721298
Assassins,0.055294335568014316
Powder,0.7317539483795037
Leaving Las Vegas,0.52252139011057
Othello,-0.08150192373114387
Now and Then,-0.010562830096909242
Persuasion,-0.21719840449652095
"City of Lost Children, The (Cité des enfants perdus, La)",1.0559486820055228
Shanghai Triad (Yao a yao yao dao waipo qiao),-0.004040062157182647
Dangerous Minds,-0.03531764772221612
Twelve Monkeys (a.k.a. 12 Monkeys),3.100784041424607
Babe,1.3491426958395623
Dead Man Walking,0.30352085085218594
It Takes Two,0.05219881536469293
Clueless,0.6220688847763177
"Cry, the Beloved Country",0.008513178473622268
Richard III,0.06244480909416561
Dead Presidents,0.13247164837189448
Restoration,-0.04795007591532869
Mortal Kombat,0.7177867124821624
To Die For,0.10736907010053875
How to Make an American Quilt,-0.03571433633797308
Seven (a.k.a. Se7en),2.5177717335838428
Pocahontas,0.5232424464627841
When Night Is Falling,0.05193055614443995
"Usual Suspects, The",2.739686288188289
Mighty Aphrodite,0.112097298460321
Lamerica,-0.06533439400913843
"Big Green, The",0.07130269208687925
Georgia,-0.028865825868311552
Home for the Holidays,-0.11905829632453224
"Postman, The (Postino, Il)",0.27042325428875613
"Indian in the Cupboard, The",0.44821841217863684
Eye for an Eye,-0.05104574450189023
Mr. Holland's Opus,0.27667579218298505
Don't Be a Menace to South Central While Drinking Your Juice in the Hood,0.13615339039522603
Two if by Sea,0.12720838848243549
Bio-Dome,0.8334558934075638
Lawnmower Man 2: Beyond Cyberspace,0.08312013656974018
French Twist (Gazon maudit),-0.07226657451713389
Friday,0.86359324573365
From Dusk Till Dawn,1.137296533916304
Fair Game,-0.033757618140913985
Kicking and Screaming,0.4302099234811983
"Misérables, Les",-0.00394176959331034
Bed of Roses,0.06150518533473243
Big Bully,0.17962408760499748
Screamers,0.32849170108304393
Nico Icon,-0.048015126811475496
"Crossing Guard, The",0.03177210130254122
"Juror, The",0.0981792219978295
"White Balloon, The (Badkonake sefid)",-0.0682425443148832
Things to Do in Denver When You're Dead,0.21055678750923384
Antonia's Line (Antonia),-0.11874047896242698
Once Upon a Time... When We Were Colored,0.0036330328693246813
Angels and Insects,0.09317547094792401
White Squall,0.30091909247400256
Dunston Checks In,0.2762624024897912
Black Sheep,0.7452670573056941
Nick of Time,0.2240013191437271
Mary Reilly,0.021489231000198353
Vampire in Brooklyn,0.15095135966103396
Beautiful Girls,0.10552154857573239
Broken Arrow,0.5128500385272269
In the Bleak Midwinter,-0.02609148098509951
"Hate (Haine, La)",-0.0409489005614065
Heidi Fleiss: Hollywood Madam,-0.07246341358804242
City Hall,-0.06066033540218705
Bottle Rocket,0.6868476081056079
Mr. Wrong,0.04164606614534118
Unforgettable,0.030197639057136696
Happy Gilmore,1.4480963827997957
"Bridges of Madison County, The",-0.09961042779911647
Nobody Loves Me (Keiner liebt mich),0.009796108599496306
Muppet Treasure Island,0.6133082856080766
Catwalk,-0.048015126811475496
Braveheart,2.503942174815778
Taxi Driver,1.0889297845344268
Rumble in the Bronx (Hont faan kui),0.49620386590699417
Before and After,-0.03982367386886918
Anne Frank Remembered,0.14131507695435913
"Young Poisoner's Handbook, The",-0.0009989136300789755
If Lucy Fell,0.12990324240515122
"Steal Big, Steal Little",0.03537027320861851
"Boys of St. Vincent, The",-0.06288783788434056
Boomerang,0.06096823402248295
Chungking Express (Chung Hing sam lam),0.08075449482528287
Flirting With Disaster,0.058273407764756265
"NeverEnding Story III, The",0.06986426976449504
Jupiter's Wife,0.003525083210338963
Pie in the Sky,-0.002689950785030999
Jade,0.04856877811987731
Down Periscope,0.48556302827372616
Man of the Year,-0.003682367870352446
Up Close and Personal,-0.1542068088906273
"Birdcage, The",1.1072427662777162
"Brothers McMullen, The",0.09572287240519806
Bad Boys,0.6990066427457762
"Amazing Panda Adventure, The",-0.08761915149457786
"Basketball Diaries, The",-0.13010374699436886
"Awfully Big Adventure, An",-0.012444505073697995
Amateur,-0.024007563405737748
Apollo 13,1.0067061176240462
Rob Roy,0.4000723373879744
"Addiction, The",0.03496469556425483
Batman Forever,1.0749829552030141
Beauty of the Day (Belle de jour),-0.11255756442794791
Beyond Rangoon,0.012193780465390738
Blue in the Face,-0.12842976680594276
Canadian Bacon,0.356820847683559
Casper,0.699080234250703
Clockers,-0.0008140542160356198
Congo,0.53409225088937
Crimson Tide,0.05232063782019522
Crumb,0.17312432975012845
Desperado,0.8259955886198114
Devil in a Blue Dress,0.0037860056294280117
Die Hard: With a Vengeance,0.8249564215624822
"Doom Generation, The",-0.028673111700339024
First Knight,-0.0653762047937944
Free Willy 2: The Adventure Home,0.001462991728419096
Hackers,0.6065724235752914
Jeffrey,0.07136957966903167
Johnny Mnemonic,0.8361317039128746
Judge Dredd,0.6832991357610374
Jury Duty,0.18598031925285863
Kids,0.053869966277569646
Living in Oblivion,0.2950334045429698
Lord of Illusions,0.03393134513826976
Love & Human Remains,-0.002488901014739594
Mad Love,0.010452900380192474
Mallrats,0.720400555906886
Mighty Morphin Power Rangers: The Movie,0.28334753245286337
Mute Witness,0.023215361277017517
Nadja,-0.04901404044155445
"Net, The",0.7029395601608637
Nine Months,0.3726732221347959
Party Girl,0.2376609335493864
"Prophecy, The",0.26598496342427314
Reckless,-0.009761270006296403
Safe,-0.012337665030884461
"Scarlet Letter, The",-0.024988728054178233
Showgirls,-0.053867321977630084
Smoke,-0.34359543978487966
Something to Talk About,-0.044097498685954764
Species,0.9013391892728121
Strange Days,0.6688679868592811
"Umbrellas of Cherbourg, The (Parapluies de Cherbourg, Les)",-0.06491621440515735
Three Wishes,-0.009761270006296403
Total Eclipse,-0.06934261441648473
"To Wong Foo, Thanks for Everything! Julie Newmar",0.17938631413869063
Under Siege 2: Dark Territory,0.32319453291089495
Unstrung Heroes,0.1270618798234996
Unzipped,-0.030383745323169904
"Walk in the Clouds, A",-0.2128090552500724
Waterworld,0.8409876681337051
White Man's Burden,-0.03315166049720189
Wild Bill,-0.09654759628754926
"Browning Version, The",-0.011271505373275571
Bushwhacked,0.08062163990544073
Burnt by the Sun (Utomlyonnye solntsem),-0.09638568857481897
Before the Rain (Pred dozhdot),-0.07688095267978716
Before Sunrise,-0.5248353061545908
Billy Madison,1.1047562846115728
"Babysitter, The",0.034382048048062434
Boys on the Side,0.17544225032743493
"Cure, The",-0.009761270006296403
Castle Freak,-0.0009989136300789755
Circle of Friends,-0.07260230944686237
Clerks,2.1337162618449907
Don Juan DeMarco,-0.0726959858855413
Disclosure,-0.19524506553757467
Drop Zone,0.08942280383075052
Destiny Turns on the Radio,-0.013796253582470348
Death and the Maiden,-0.12362677313321627
Dolores Claiborne,0.03243869313102043
Dumb & Dumber (Dumb and Dumber),1.3058257088994718
Eat Drink Man Woman (Yin shi nan nu),-0.1585045899194943
Exotica,0.04312228885276667
Exit to Eden,0.19698573550807597
Ed Wood,0.7889554534005424
French Kiss,-0.124506936995069
Forget Paris,-0.22740171953840327
Far From Home: The Adventures of Yellow Dog,0.026673582826632913
"Goofy Movie, A",0.33424527960970374
Hideaway,-0.033079401604303456
Fluke,0.0738150413833945
Farinelli: il castrato,0.21642767898106
Gordy,-0.009761270006296403
Hoop Dreams,-0.05964622474197382
Heavenly Creatures,0.16332691438658556
Houseguest,0.04087716212375099
Immortal Beloved,0.030914178005841262
Heavyweights (Heavy Weights),0.0551452469229451
"Hunted, The",0.07322856568657506
I.Q.,0.30290499051730585
Interview with the Vampire: The Vampire Chronicles,0.9917184902370615
Jefferson in Paris,-0.009761270006296403
"Jerky Boys, The",0.0781553676103427
Junior,0.06343963293611866
Just Cause,-0.05340385219533959
"Kid in King Arthur's Court, A",0.24479075464690267
Kiss of Death,0.027485429974923394
Star Wars: Episode IV - A New Hope,4.927450122826328
Little Women,-0.28122636910887117
"Little Princess, A",0.02391628766664367
Ladybird Ladybird,-0.09245681922197976
Like Water for Chocolate (Como agua para chocolate),0.031943384063418276
Legends of the Fall,0.12670206232654854
Major Payne,0.13538366531324095
My Crazy Life (Mi vida loca),-0.0434780481528254
Love Affair,-0.08417869900206111
Losing Isaiah,-0.01308058352435287
"Madness of King George, The",0.04339796859789574
Mary Shelley's Frankenstein (Frankenstein),0.11091711732193127
Man of the House,-0.059679195056931235
Mixed Nuts,0.10087629901105266
Milk Money,-0.024823419256557747
Miracle on 34th Street,0.05406938056965045
Miami Rhapsody,6.9665600029976836e-06
My Family,-0.023485692926576613
Murder in the First,-0.0652571004423052
Nobody's Fool,-0.035199992038222966
Nell,-0.2376885710655113
New Jersey Drive,-0.04575261129063789
New York Cop (Nyû Yôku no koppu),0.0005882013592287467
Beyond Bedlam,-0.0013318848401052978
Nina Takes a Lover,-0.021649369401233652
Natural Born Killers,0.7698915310290708
Only You,0.026519632481142835
Once Were Warriors,-0.029183301923369216
Poison Ivy II,0.08140977728012377
Outbreak,0.5943095900736084
Léon: The Professional (a.k.a. The Professional) (Léon),1.2461511040009015
"Perez Family, The",-0.018622391079904394
"Pyromaniac's Love Story, A",0.11619658535619326
Pulp Fiction,3.3008520813997912
Pushing Hands (Tui shou),-0.013061610443571112
Priest,-0.06516340723297073
Quiz Show,-0.03898706352459448
Picture Bride (Bijo photo),-0.048015126811475496
"Queen Margot (Reine Margot, La)",-0.0776454114471693
"Quick and the Dead, The",0.1092657792490916
Roommates,0.06533067886041061
Ready to Wear (Pret-A-Porter),-0.034642529268295745
Three Colors: Red (Trois couleurs: Rouge),-0.21001135579762925
Three Colors: Blue (Trois couleurs: Bleu),-0.23364826492729002
Three Colors: White (Trzy kolory: Bialy),-0.26647401016688277
Rent-a-Kid,-0.009761270006296403
Relative Fear,-0.0009989136300789755
Stuart Saves His Family,0.007987539253228697
"Swan Princess, The",0.040509475118363954
"Secret of Roan Inish, The",0.17968039268166788
"Specialist, The",-0.0792703646304754
Stargate,2.0143061913817757
"Santa Clause, The",0.5505712697281315
"Shawshank Redemption, The",1.9409471033228098
Shallow Grave,-0.14717287620564312
Suture,-0.036011345108606665
Strawberry and Chocolate (Fresa y chocolate),-0.12132264509029132
Swimming with Sharks,0.18405549379366426
"Sum of Us, The",-0.028865825868311552
National Lampoon's Senior Trip,0.09483114652297038
To Live (Huozhe),-0.08704817948564021
Tank Girl,0.41483598192525356
Tales from the Crypt Presents: Demon Knight,0.06348138084091946
Star Trek: Generations,1.3694775963811856
Tales from the Hood,0.21022092649529311
Tom & Viv,-0.05766071450984029
Village of the Damned,0.23138743283514782
Tommy Boy,1.2604726345469808
Vanya on 42nd Street,-0.0705835403079519
Underneath,0.0309815553343206
"Walking Dead, The",-0.009761270006296403
What's Eating Gilbert Grape,0.7671526378798894
Virtuosity,0.1604020596896997
While You Were Sleeping,0.027950085157655215
"War, The",0.019232084844551942
Double Happiness,0.018803477630590003
Muriel's Wedding,-0.20378821140148556
"Baby-Sitters Club, The",0.05823221864480071
Ace Ventura: Pet Detective,1.0815858089288748
"Adventures of Priscilla, Queen of the Desert, The",-0.055239269774168175
Backbeat,0.10868019331632628
Bitter Moon,0.04011481045341347
Bullets Over Broadway,0.02248763197853768
Clear and Present Danger,0.5080720630268796
"Client, The",0.1208486809187889
"Corrina, Corrina",-0.018334868421006897
Crooklyn,0.003945387042661517
"Crow, The",1.4319617976831713
Cobb,-0.028657135653104553
"Flintstones, The",0.22250392504322508
Forrest Gump,2.7511762372821753
Four Weddings and a Funeral,1.0078612883814606
Higher Learning,0.11206861832905793
I Like It Like That,-0.009761270006296403
I Love Trouble,-0.012499646429425103
It Could Happen to You,-0.02146550435862517
"Jungle Book, The",0.5955367570717968
"Wonderful, Horrible Life of Leni Riefenstahl, The (Macht der Bilder: Leni Riefenstahl, Die)",-0.10934624623660598
"Lion King, The",1.497898612603831
Little Buddha,0.019157785253431425
"Wes Craven's New Nightmare (Nightmare on Elm Street Part 7: Freddy's Finale, A)",0.2915772634064462
"Mask, The",1.518842153629182
Maverick,1.2754498228136562
Mrs. Parker and the Vicious Circle,-0.07688095267978716
Naked Gun 33 1/3: The Final Insult,0.8598091089959996
"Paper, The",-0.0069076853753531255
Reality Bites,0.4208475775750126
Red Rock West,-0.06218602347897715
Richie Rich,0.41168917340301453
"River Wild, The",0.06331887989258368
Speed,1.2698458603777159
Speechless,0.061045279661476555
Timecop,0.608641728975403
True Lies,1.6688400914974573
When a Man Loves a Woman,0.03340631764573131
Wolf,0.08804188918496718
Wyatt Earp,0.12287113174121128
Bad Company,0.07637745356574098
"Man of No Importance, A",0.0013190338284226454
S.F.W.,0.020559985573436926
"Low Down Dirty Shame, A",0.14681143527307375
Boys Life,-0.02795953338865525
"Colonel Chabert, Le",-0.021258684768437845
Faster Pussycat! Kill! Kill!,-0.10274009911851512
Jason's Lyric,-0.0005425704147495953
Street Fighter,0.14158406868647833
Highlander III: The Sorcerer (a.k.a. Highlander: The Final Dimension),0.22848222151716804
Federal Hill,-0.021649369401233652
In the Mouth of Madness,-0.02811086985602493
8 Seconds,0.0963149058130047
Above the Rim,0.027821706945398362
Addams Family Values,1.0163873431848864
"Age of Innocence, The",-0.22059795178390712
Airheads,0.4701683832337944
"Air Up There, The",0.3426121538979106
Another Stakeout,0.18858366046796407
Bad Girls,0.0069056168161408795
Barcelona,0.2869162963698484
Being Human,0.05701593317776334
"Beverly Hillbillies, The",0.5087372646973998
Beverly Hills Cop III,0.5894258122372623
Black Beauty,0.16164033130301148
Blink,0.04421995671736685
Blown Away,0.29490056842131834
Blue Chips,0.04163070081698856
Blue Sky,-0.060229606748011776
Body Snatchers,0.26510215883820887
Boxing Helena,0.18424070538117385
"Bronx Tale, A",0.34437286393031685
Cabin Boy,0.14883390617310022
Calendar Girl,0.05219870630935719
Carlito's Way,0.3145925708726426
City Slickers II: The Legend of Curly's Gold,0.337079958410774
Clean Slate,0.3210475413834667
Cliffhanger,0.4017357048664108
Coneheads,0.6214285307780629
Color of Night,0.16576039202866275
Cops and Robbersons,0.014582253963899942
"Cowboy Way, The",0.45026191018983613
Dave,0.48107869683456594
Dazed and Confused,1.190704529030255
Demolition Man,1.3462664764160932
Even Cowgirls Get the Blues,-0.029015250877786232
Fatal Instinct,0.10824546905175267
Farewell My Concubine (Ba wang bie ji),-0.18842742379056268
Fearless,0.12341769391394085
Fear of a Black Hat,0.005837196955982676
With Honors,0.1135710913402798
Flesh and Bone,0.10416576925593664
Widows' Peak,-0.0019642230621840493
For Love or Money,-0.05056187918456748
"Firm, The",-0.14860276980624412
Free Willy,0.2743984863036867
Fresh,0.0917855705832341
"Fugitive, The",2.0796210354808777
Geronimo: An American Legend,-0.08784018908975154
"Getaway, The",0.20446483657868827
Getting Even with Dad,-0.05534448707262542
Go Fish,-0.08306841340793195
Hard Target,-0.03250941802419698
Hot Shots! Part Deux,1.2303601841794227
Live Nude Girls,0.037943473790290484
"Englishman Who Went Up a Hill But Came Down a Mountain, The",0.2321988847166062
"House of the Spirits, The",-0.08560514708376844
House Party 3,0.02401452996574075
"Hudsucker Proxy, The",0.433265431000943
I'll Do Anything,0.11960630810082928
In the Army Now,0.2383595404682489
In the Line of Fire,0.872527243429477
In the Name of the Father,-0.1484856197540162
"Inkwell, The",0.022186911849839053
What's Love Got to Do with It?,-0.24956240646827577
Jimmy Hollywood,-0.05080370458882147
Judgment Night,0.13982883411833277
Jurassic Park,3.340339070117688
Kalifornia,0.016949635138036215
Killing Zoe,0.22316160521427317
Lassie,-0.002865985633249431
Last Action Hero,1.0389098915128796
Life with Mikey,0.16367389329369011
Lightning Jack,0.06406449329715819
M. Butterfly,-0.022364126558656473
Made in America,0.155521561315595
Malice,0.22017728729182323
"Man Without a Face, The",0.021307759279446756
Manhattan Murder Mystery,0.07924573822806695
Menace II Society,0.3957201316177183
Executive Decision,0.5220918581166887
In the Realm of the Senses (Ai no corrida),-0.06001890851434447
What Happened Was...,-0.012444505073697995
Much Ado About Nothing,0.34079463236157365
Mr. Wonderful,0.20599289716087074
Mrs. Doubtfire,0.9814393812070767
Naked,-0.04060401536620558
"Next Karate Kid, The",0.1095197880938424
No Escape,0.11337609424457186
North,0.05052401849609413
Orlando,-0.15247572773632434
"Perfect World, A",0.3510822645840631
Philadelphia,-0.15975217954376603
"Piano, The",-0.15019702611851085
Poetic Justice,-0.009761270006296403
"Program, The",0.01816016491275683
"Puppet Masters, The",0.4200967832644453
Radioland Murders,0.20717452952542156
"Ref, The",0.5871275310339661
"Remains of the Day, The",-0.10684192044063846
Renaissance Man,0.45985813011083915
Rising Sun,0.2506975254109241
"Road to Wellville, The",0.22101289880912242
RoboCop 3,0.3250255205264701
Robin Hood: Men in Tights,1.0259108620623165
Romeo Is Bleeding,0.07167946658553381
Romper Stomper,0.046636332669114024
Ruby in Paradise,0.06151834167747729
Rudy,0.1648292120941427
"Savage Nights (Nuits fauves, Les)",-0.048015126811475496
Schindler's List,2.0973070058987298
"Scout, The",-0.02898809291561154
Searching for Bobby Fischer,0.4718834514273978
"Secret Garden, The",0.09277714816687543
Serial Mom,0.07103677552889895
"Shadow, The",0.2828151746703553
Shadowlands,0.0014072863378847516
Short Cuts,0.031011502537402934
"Simple Twist of Fate, A",-0.011781318957832942
Sirens,0.20990469950647447
Six Degrees of Separation,0.04212375083903003
Sleepless in Seattle,-0.1111695611829542
Sliver,0.11512850731723492
Blade Runner,2.5631054986348527
Son in Law,0.5070214286539461
So I Married an Axe Murderer,1.4011192043808212
Striking Distance,0.1428975707946234
Super Mario Bros.,0.4795975534191073
Surviving the Game,-0.03024242914694013
Terminal Velocity,0.17849540769512814
Thirty-Two Short Films About Glenn Gould,-0.0707356448306593
Threesome,0.06812559774570943
"Nightmare Before Christmas, The",2.0869763102129317
"Three Musketeers, The",0.806794514088354
Tombstone,1.0604911164749236
True Romance,1.7221227754954191
"War Room, The",-0.03803807389789656
"Pagemaster, The",0.4214611125653884
Welcome to the Dollhouse,0.2561209382057337
Germinal,-0.09245681922197976
Chasers,0.044645359939336236
Kika,0.05543999608144853
Bhaji on the Beach,-0.04259834963563575
Little Big League,0.007829626451298286
"Ciao, Professore! (Io speriamo che me la cavo)",-0.08089971681923226
Spanking the Monkey,0.06977959736620767
"Little Rascals, The",0.36290110768092854
Andre,0.2116809336746391
"Escort, The (Scorta, La)",-0.06934261441648473
Princess Caraboo,0.013403757307664648
"Celluloid Closet, The",-0.02176857633478393
Dear Diary (Caro Diario),-0.09245681922197976
"Brady Bunch Movie, The",0.3203795654803852
Home Alone,1.035470895203972
Ghost,0.9230128092683132
Aladdin,1.4657983276051392
Terminator 2: Judgment Day,3.7035207692618113
Dances with Wolves,1.2642631692060284
Batman,2.357769041112366
"Silence of the Lambs, The",3.3929024292507477
Snow White and the Seven Dwarfs,1.2044418130278896
Beauty and the Beast,0.9958588637378969
Pinocchio,1.339359034829753
Pretty Woman,0.11391390903801084
"Wild Bunch, The",-0.14459175223273957
Love and a .45,-0.003247921232800535
"Great Day in Harlem, A",-0.048015126811475496
One Fine Day,-0.1377000452162829
Candyman: Farewell to the Flesh,0.16110930397259893
Fargo,3.562183982328632
Homeward Bound II: Lost in San Francisco,0.27053754421976156
Heavy Metal,1.0288832927942089
Hellraiser: Bloodline,0.11903849296973755
"Pallbearer, The",0.04444642930484919
Jane Eyre,-0.10473054724703956
Bread and Chocolate (Pane e cioccolata),0.05265583630776887
"Aristocats, The",0.7433943835437374
"Flower of My Secret, The (La flor de mi secreto)",-0.030394675323539833
Two Much,0.002190153332801483
Ed,0.13169308488544795
"Thin Line Between Love and Hate, A",0.00734295551397616
"Last Supper, The",0.0026603401585427425
Primal Fear,0.5226803476795474
All Dogs Go to Heaven 2,0.21631050622050643
Land and Freedom (Tierra y libertad),-0.09245681922197976
Denise Calls Up,0.2632730620489818
Theodore Rex,0.023014139396773145
"Family Thing, A",0.008233707666135402
Frisk,-0.0009989136300789755
Sgt. Bilko,0.3330630339133974
Jack and Sarah,-0.022364126558656473
Girl 6,0.013892442561804134
Diabolique,0.04760532749747419
Nelly & Monsieur Arnaud,-0.12846816433058644
Courage Under Fire,0.2895419449947916
Mission: Impossible,2.2872638655100097
Cold Fever (Á köldum klaka),-0.036011345108606665
Moll Flanders,0.01221679151419174
Dragonheart,0.9705205135222699
Eddie,0.10965592512507868
James and the Giant Peach,1.2690139572087515
Fear,0.08751668337328478
Kids in the Hall: Brain Candy,0.3734779450670652
Underground,-0.17270590963665858
Bloodsport 2 (a.k.a. Bloodsport II: The Next Kumite),0.11772407871549506
Song of the Little Road (Pather Panchali),-0.038535986058797246
"World of Apu, The (Apur Sansar)",-0.056266707857168634
Mystery Science Theater 3000: The Movie,1.2218504180645022
Space Jam,1.097479692933938
Barbarella,0.4109806233492493
Some Folks Call It a Sling Blade,0.30869712767655394
"Run of the Country, The",0.06924074152591997
"Alphaville (Alphaville, une étrange aventure de Lemmy Caution)",0.11426224510343058
It's My Party,-0.015121609001213761
Operation Dumbo Drop,0.22491317424319726
Mrs. Winterbourne,-0.0697289497015992
Solo,0.08106327522078928
"Substitute, The",0.18590958943572555
True Crime,0.11361845863521516
Feeling Minnesota,0.03062031222836611
Delta of Venus,-0.0011594198651917003
Angus,0.40581145890001913
Boys,-0.0225474611838701
"Quest, The",0.03451520685384205
Sunset Park,0.01232799068313823
Mulholland Falls,0.1645607681672862
"Truth About Cats & Dogs, The",0.7584447255962351
Oliver & Company,0.18282033797933547
Celtic Pride,0.22117303415757897
Flipper,0.3044293768635793
Dead Man,-0.03436227018370291
"Horseman on the Roof, The (Hussard sur le toit, Le)",0.07156282360546784
"Visitors, The (Visiteurs, Les)",0.11931747121863845
Multiplicity,0.35717407566851556
Wallace & Gromit: The Best of Aardman Animation,0.7087885535777141
"Haunted World of Edward D. Wood Jr., The",-0.028865825868311552
"Craft, The",0.9182204723051203
"Great White Hype, The",0.0012678830863977885
Last Dance,-0.021649369401233652
Cold Comfort Farm,0.08761237426725269
Heaven's Prisoners,-0.0693525289292975
"Rock, The",2.314637248629295
Cemetery Man (Dellamorte Dellamore),-0.27004198141572583
Twister,1.3218474443501957
Barb Wire,0.39170492024279685
Ghost in the Shell (Kôkaku kidôtai),0.32027180151202816
Thinner,0.3259915051947221
Spy Hard,0.2702226078644428
Wallace & Gromit: A Close Shave,0.4341996924158427
"Stupids, The",0.0018565192393533757
"Arrival, The",0.7078178454092269
Dr. Strangelove or: How I Learned to Stop Worrying and Love the Bomb,1.4365827452352422
Ashes of Time (Dung che sai duk),-0.024955092122118803
Maya Lin: A Strong Clear Vision,-0.04066804536185326
Stalingrad,0.0005967005780648076
"Phantom, The",0.3773279966907649
Striptease,0.3565859639568763
Heavy,-0.09510257126949814
Jack,0.4851515698553022
I Shot Andy Warhol,-0.018527461406257103
Touki Bouki,0.12186628664511685
Spirits of the Dead,-0.009761270006296403
Trainspotting,1.720694951680747
'Til There Was You,-0.0038394060435332006
Independence Day (a.k.a. ID4),2.8029515672315357
Stealing Beauty,-0.07788557602915791
"Fan, The",0.17249975017948024
"Hunchback of Notre Dame, The",0.7440000772901316
"Cable Guy, The",1.1809018591470792
Kingpin,1.4497297619275682
Eraser,0.9003365167692915
"Nutty Professor, The",1.5082486578802634
"Unforgettable Summer, An (Un été inoubliable)",0.10530922481959278
"Last Klezmer: Leopold Kozlowski, His Life and Music, The",0.004625706453156566
Somebody to Love,-0.10221808922827624
Daylight,0.2650384595865978
"Frighteners, The",0.8199966215044228
Lone Star,0.1221373103050341
Harriet the Spy,0.4344755173602606
Phenomenon,0.4141340709827244
Walking and Talking,-0.048015126811475496
She's the One,0.38222070399887403
"Time to Kill, A",0.3047816079734989
American Buffalo,-0.030482222753292827
Alaska,0.041886941618345115
Fled,0.234045745542959
Kazaam,0.2223095129287181
Larger Than Life,0.2366280710427202
"Very Brady Sequel, A",0.20106620510264903
"Collector, The (La collectionneuse)",0.12186628664511685
Kaspar Hauser,-0.01817641441534703
"Adventures of Pinocchio, The",0.040101460600147604
Joe's Apartment,0.45218787444877534
"First Wives Club, The",0.10924299883620225
Ransom,0.703245218445879
High School High,0.025588684663284837
Foxfire,-0.040470167913100645
Chain Reaction,0.2523280306255729
Matilda,0.6353370722930015
Emma,-0.005865812015092861
"Crow: City of Angels, The",0.3733721565034679
House Arrest,0.20518390850924517
"Eyes Without a Face (Yeux sans visage, Les)",0.017332498503500802
Tales from the Crypt Presents: Bordello of Blood,0.300781673767299
"Spitfire Grill, The",-0.13018241683408105
Escape from L.A.,0.9598424467521327
Basquiat,0.023430443608526655
Tin Cup,0.1712331449356207
"Godfather, The",2.971493890806428
Supercop (Police Story 3: Supercop) (Jing cha gu shi III: Chao ji jing cha),0.03690904582759048
Bound,0.6753820421698076
Carpool,-0.0028058432699468094
Kansas City,0.018232194762907467
Gone Fishin',0.03912337411016507
Nothing to Lose,-0.019979816639663125
Supercop 2 (Project S) (Chao ji ji hua),0.028437407156749715
"Relic, The",0.12700422449872714
"Island of Dr. Moreau, The",0.6760844981169144
First Kid,0.08043199508775901
"Trigger Effect, The",0.018366112510626968
Bogus,-0.028280644258573472
Bulletproof,0.17183302422422878
Land Before Time III: The Time of the Great Giving,0.06081928870814189
1-900 (06),0.013567995976273051
Halloween: The Curse of Michael Myers (Halloween 6: The Curse of Michael Myers),0.19292992155282737
Twelfth Night,0.11320196977305433
Mother Night,0.08949055146394706
Wild Reeds (Les roseaux sauvages),0.023370988465777797
For Whom the Bell Tolls,0.009881476230283565
"Philadelphia Story, The",-0.12882556920231494
Singin' in the Rain,0.4417396806832183
"American in Paris, An",-0.18597502446193884
Funny Face,0.015932612147563346
Breakfast at Tiffany's,0.07019211970903899
Vertigo,0.7408186543233334
Rear Window,0.8669087548253116
It Happened One Night,-0.049310456157753424
Gaslight,0.0034286095566682965
"Gay Divorcee, The",0.0030206383290076726
North by Northwest,0.9322360428292455
"Apartment, The",-0.011957894905442279
Some Like It Hot,0.41759536402273123
Charade,-0.01560282845134655
Casablanca,0.8327545960231512
"Maltese Falcon, The",0.8969078256528151
My Fair Lady,-0.11611778617217035
Sabrina,0.0345030796725725
Roman Holiday,-0.16953239240684798
"Little Princess, The",0.010903771227251221
Meet Me in St. Louis,-0.09557666738029943
"Wizard of Oz, The",2.2349403837365833
Gone with the Wind,0.4751713366688071
My Favorite Year,0.20680780484227787
Sunset Blvd. (a.k.a. Sunset Boulevard),0.3320641403784315
Citizen Kane,0.9462548155072469
2001: A Space Odyssey,2.3527364235318404
All About Eve,0.06832773852602961
"Women, The",-0.12253631603409951
Rebecca,-0.2495582317896807
Foreign Correspondent,-0.02609148098509951
Notorious,-0.013465325841917251
Spellbound,-0.10636629244058529
"Affair to Remember, An",-0.006636926081429834
To Catch a Thief,0.14951727909465717
Father of the Bride,0.08231540320659061
"Band Wagon, The",-0.09282963112815447
Ninotchka,-0.1976194801449467
Love in the Afternoon,-0.08510973777235746
Gigi,-0.06671706139177075
"Adventures of Robin Hood, The",0.21659395778570822
"Mark of Zorro, The",0.006647203894047745
Laura,0.0921262034700072
"Ghost and Mrs. Muir, The",0.10624030568344064
Lost Horizon,0.1300632290667395
Top Hat,-0.15172546576717522
To Be or Not to Be,-0.055603116619717036
My Man Godfrey,-0.14028528383822983
Giant,-0.2663046485450143
East of Eden,-0.061372783859196665
"Thin Man, The",0.03253566545347386
His Girl Friday,-0.1428553682728237
Around the World in 80 Days,0.17857270891319105
It's a Wonderful Life,0.6091952989465739
Mr. Smith Goes to Washington,0.26429985348965906
Bringing Up Baby,0.25203337977654094
Penny Serenade,-0.029818835411542108
Of Human Bondage,-0.02609148098509951
Little Lord Fauntleroy,-0.09245681922197976
"Inspector General, The",0.050768194559591015
"39 Steps, The",0.1717520014664927
Night of the Living Dead,0.7307688384971414
"African Queen, The",0.576836381399831
Beat the Devil,-0.02609148098509951
Cat on a Hot Tin Roof,-0.07140395492017297
Meet John Doe,-0.07921922534189078
"Farewell to Arms, A",-0.022364126558656473
Nothing Personal,-0.009761270006296403
Dangerous Ground,-0.021491748229419613
Picnic,-0.022364126558656473
"Pompatus of Love, The",0.08324652330390792
Fly Away Home,0.2428253395040287
Bliss,-0.021649369401233652
Grace of My Heart,-0.06564965616406687
Maximum Risk,0.1653591595639297
Michael Collins,0.11499419989088085
Infinity,-0.022364126558656473
Big Night,-0.0534973003662018
Last Man Standing,0.19128044780707662
Set It Off,0.1445969060826084
2 Days in the Valley,0.2544078131385521
Extreme Measures,-0.04530649347524071
"Glimmer Man, The",0.15205707621568387
D3: The Mighty Ducks,0.2175438127719052
"Chamber, The",-0.07314461327383653
"Apple Dumpling Gang, The",0.5325650784761652
"Davy Crockett, King of the Wild Frontier",0.050768194559591015
Escape to Witch Mountain,0.4335002680753238
"Love Bug, The",0.006601769458130573
Herbie Rides Again,0.24619571131647042
Old Yeller,0.2600603305159044
"Parent Trap, The",0.005952886903679617
Pollyanna,0.12673705274090957
Homeward Bound: The Incredible Journey,0.3857712919896628
"Shaggy Dog, The",0.2354994104712532
Swiss Family Robinson,0.24536911401956868
That Darn Cat!,0.053502340098278534
"20,000 Leagues Under the Sea",0.48319072346291614
Cool Runnings,0.9123089876449955
Angels in the Outfield,0.6167140856904922
Cinderella,0.7652612509543117
Winnie the Pooh and the Blustery Day,0.609559716966837
"Three Caballeros, The",0.43217927984809684
"Sword in the Stone, The",0.823440156300888
Robin Hood: Prince of Thieves,0.4102813547302721
Mary Poppins,1.2896761093400233
Dumbo,1.160992531684706
Pete's Dragon,0.5341265626668389
Bedknobs and Broomsticks,1.2113374026479977
Alice in Wonderland,1.193632207222534
"Fox and the Hound, The",0.7587395603506025
Freeway,0.04059774841477186
"Sound of Music, The",1.035641394082654
Die Hard,3.090655667971714
"Lawnmower Man, The",0.975365212682574
"Secret Agent, The",0.020559985573436926
Secrets & Lies,-0.1378331859406502
That Thing You Do!,0.652217122388003
To Gillian on Her 37th Birthday,0.0428321467049006
Beautiful Thing,-0.0038841653489744164
"Long Kiss Goodnight, The",0.5192481697392538
"Ghost and the Darkness, The",0.63360528902347
Looking for Richard,-0.11119295582240728
Trees Lounge,0.01724383271777201
Normal Life,-0.036011345108606665
Get on the Bus,-0.07225603773355409
Shadow Conspiracy,0.017206692645435256
Jude,0.033604730729795265
Everyone Says I Love You,0.2051228181867592
William Shakespeare's Romeo + Juliet,0.780914141710836
Swingers,1.1165406726941896
Sleepers,0.4191640804721945
Aladdin and the King of Thieves,0.4400466211724612
Shall We Dance,-0.16472362106536825
Crossfire,-0.02609148098509951
Willy Wonka & the Chocolate Factory,2.623925204432375
Sleeper,0.515353015050077
Bananas,0.3516362732331607
"Fish Called Wanda, A",1.8109860000294993
Monty Python's Life of Brian,1.7941363020901737
Victor/Victoria,0.2343483949222284
"Candidate, The",0.10188719571511044
"Great Race, The",0.03268448374090081
Bonnie and Clyde,0.15705418722718734
"Old Man and the Sea, The",0.07463969425578794
Dial M for Murder,0.3046392399397679
Dirty Dancing,0.23107800808239318
Reservoir Dogs,3.118889029252398
Platoon,1.928319849059135
Weekend at Bernie's,0.5017973021448776
Basic Instinct,1.1220806650317765
"Doors, The",0.6649095950568472
"Crying Game, The",0.608069623719933
Glengarry Glen Ross,0.03674252790311544
Sophie's Choice,0.021112616622979086
E.T. the Extra-Terrestrial,3.137760822015749
"Christmas Carol, A",0.05532591275223453
Days of Thunder,0.3872240381121036
Top Gun,1.347483191823547
Rebel Without a Cause,-0.19650719253198665
"Streetcar Named Desire, A",0.062005640927815034
Children of the Corn IV: The Gathering,0.03459872615868378
Loser,0.10045105325227244
Microcosmos (Microcosmos: Le peuple de l'herbe),0.03493281280780902
Palookaville,0.010188873229347447
"Funeral, The",-0.060964445506585654
"Single Girl, A (Fille seule, La)",0.004625706453156566
"Eighth Day, The (Huitième jour, Le)",-0.08089971681923226
Drunks,-0.036011345108606665
"People vs. Larry Flynt, The",0.21569364196691232
Glory Daze,0.027413314097915944
"Perfect Candidate, A",-0.02741477008429292
On Golden Pond,0.35564281994378655
"Return of the Pink Panther, The",0.5058721202646672
Drop Dead Fred,0.26070406281657726
"Abyss, The",2.480602894632627
"Fog, The",-0.0028687219098835178
Escape from New York,1.7492846778500397
"Howling, The",0.19091189589223254
Jean de Florette,0.10422424810451128
Manon of the Spring (Manon des sources),0.1344759921635934
Private Benjamin,0.4924103608400422
Monty Python and the Holy Grail,2.9565535524991926
Hustler White,0.004625706453156566
Entertaining Angels: The Dorothy Day Story,-0.00531548549479404
"Line King: The Al Hirschfeld Story, The",0.004625706453156566
When We Were Kings,0.2458434024996107
Wallace & Gromit: The Wrong Trousers,0.9437226943431622
"Return of Martin Guerre, The (Retour de Martin Guerre, Le)",-0.0031706790738362605
Lesson Faust,0.06109511375771656
"Children Are Watching Us, The (Bambini ci guardano, I)",-0.08089971681923226
"Tin Drum, The (Blechtrommel, Die)",-0.057076842595643586
"Ruling Class, The",-0.025603594322184373
Mina Tannenbaum,0.027893413452375615
Dear God,0.026364045114785375
Best of the Best 3: No Turning Back,0.12237166911364258
Bob Roberts,0.1698260853868252
Cinema Paradiso (Nuovo cinema Paradiso),0.09029593745714344
"Cook the Thief His Wife & Her Lover, The",0.15582691250805056
Delicatessen,0.5770720200389345
"Double Life of Veronique, The (Double Vie de Véronique, La)",-0.10054517159188439
Enchanted April,-0.003813293201336839
Paths of Glory,0.14175770568518953
"Grifters, The",0.6346608846201145
Hear My Song,0.07812432694195245
"English Patient, The",0.5765227166571459
Mediterraneo,0.15459650093303323
My Left Foot,-0.18515630924597468
"Sex, Lies, and Videotape",0.2142560691349326
Passion Fish,-0.07579547544280749
Strictly Ballroom,0.018884510392987466
"Thin Blue Line, The",0.022295305058449948
Tie Me Up! Tie Me Down! (¡Átame!),-0.15356825942840646
Madonna: Truth or Dare,0.08095060268890776
Paris Is Burning,-0.0641048937262689
One Flew Over the Cuckoo's Nest,2.059125843011174
Cheech and Chong's Up in Smoke,0.4605054694573178
Star Wars: Episode V - The Empire Strikes Back,4.9679305343349816
"Princess Bride, The",3.922880813637692
Raiders of the Lost Ark (Indiana Jones and the Raiders of the Lost Ark),3.862260617469049
Brazil,1.3084594789283277
Aliens,3.5727614573513042
"Good, the Bad and the Ugly, The (Buono, il brutto, il cattivo, Il)",1.1229585771028348
Withnail & I,0.09281647517663398
12 Angry Men,0.9135695599665319
Lawrence of Arabia,0.7327343126433186
"Clockwork Orange, A",2.508518035039152
To Kill a Mockingbird,0.9673786700300355
Apocalypse Now,2.3028635388623133
Once Upon a Time in the West (C'era una volta il West),-0.07591783334472334
Star Wars: Episode VI - Return of the Jedi,4.375784715179644
"Wings of Desire (Himmel über Berlin, Der)",-0.2688766114707967
"Third Man, The",0.43037541101247806
Goodfellas,3.134095786907888
Alien,3.4691778229311194
Army of Darkness,2.04078650762083
"Big Blue, The (Grand bleu, Le)",0.2704649754397025
Ran,0.07932328380711313
"Killer, The (Die xue shuang xiong)",0.017935332088477397
Psycho,1.6352766008011461
"Blues Brothers, The",2.1524190692000156
"Godfather: Part II, The",2.0806556359341717
Full Metal Jacket,2.9969069814366605
"Grand Day Out with Wallace and Gromit, A",0.03294444666085817
Henry V,0.3440838232375702
Amadeus,1.0816491838759865
"Quiet Man, The",0.22304454872141263
Once Upon a Time in America,-0.14708317923543904
Raging Bull,0.44962970659357165
Annie Hall,0.37599735412817964
"Right Stuff, The",0.3760914783266021
Stalker,-0.08651714875200342
"Boot, Das (Boat, The)",0.4033161752649828
"Sting, The",1.106348391013564
Harold and Maude,0.3880245648249111
Trust,-0.058138680003368685
"Seventh Seal, The (Sjunde inseglet, Det)",-0.09361233147267468
Local Hero,0.29356139056020997
"Terminator, The",3.5604810796889836
Dead Alive (Braindead),0.014516270959613161
Glory,1.054674851692825
Rosencrantz and Guildenstern Are Dead,0.08214690131900745
Manhattan,0.014520263864499535
Miller's Crossing,0.09388210524246222
Dead Poets Society,1.3041739730795037
"Graduate, The",0.617189857459868
Touch of Evil,0.1285829848254351
"Femme Nikita, La (Nikita)",0.6155930716521899
"Bridge on the River Kwai, The",0.6744597760617307
8 1/2 (8½),-0.18881219000492125
Chinatown,0.784360979009058
"Day the Earth Stood Still, The",0.678714892794171
"Treasure of the Sierra Madre, The",0.3437039091808151
Bad Taste,0.006231281468494718
Duck Soup,0.6828776592636426
Better Off Dead...,1.1652791647248402
"Shining, The",2.5329923407767128
Stand by Me,3.1111301306951042
M,0.005645546658306088
Evil Dead II (Dead by Dawn),1.2332952461454614
"Great Escape, The",0.8689320848152465
"Deer Hunter, The",0.5942991888791651
Diva,-0.02831724371166036
Groundhog Day,3.2476135520072082
Unforgiven,1.2358968508175137
"Manchurian Candidate, The",0.13956228637554563
Pump Up the Volume,0.03651335115540907
Arsenic and Old Lace,0.9209715370678323
Back to the Future,3.5940245576040346
Fried Green Tomatoes,0.11638435923750104
Patton,0.4883499079476688
Down by Law,-0.2051914508608309
Akira,0.6780630830084302
Highlander,2.080174561849444
Cool Hand Luke,0.9998575293049593
Cyrano de Bergerac,0.48956897449948333
Young Frankenstein,2.066212927027052
Night on Earth,0.007067983629919928
Raise the Red Lantern (Da hong deng long gao gao gua),-0.13350948825929687
"Great Dictator, The",0.12968790766913021
Fantasia,1.054174441909144
High Noon,0.029795063390021897
"Big Sleep, The",0.025599547139751867
Heathers,1.6128820960791372
Somewhere in Time,0.12306084634874291
Ben-Hur,1.1190746938832252
This Is Spinal Tap,1.718597336344335
Koyaanisqatsi (a.k.a. Koyaanisqatsi: Life Out of Balance),-0.023085316428801912
Some Kind of Wonderful,0.37668573818073287
Indiana Jones and the Last Crusade,3.3773852877067605
Being There,0.3761543915444513
Gandhi,0.2598676135384773
"Unbearable Lightness of Being, The",0.04742465683225437
"Room with a View, A",0.046056429873036486
Real Genius,0.8621502070735455
Pink Floyd: The Wall,0.9273865987750688
"Killing Fields, The",0.11868522722556858
My Life as a Dog (Mitt liv som hund),-0.2947800758114876
Forbidden Planet,0.45029594160843384
Field of Dreams,0.8906339136505358
"Man Who Would Be King, The",0.31496850480967586
Butch Cassidy and the Sundance Kid,0.9960125819968539
"Paris, Texas",-0.018418374864835076
Until the End of the World (Bis ans Ende der Welt),-0.0023155391335364216
When Harry Met Sally...,1.2671449015827125
Hype!,-0.06001890851434447
Female Perversions,-0.0013909743456467357
Blue Juice,-0.008810254696766913
Alien³ (a.k.a. Alien 3),1.5544093558768155
"American Werewolf in London, An",0.9035242533905338
Amityville 1992: It's About Time,0.09770679873525069
Amityville 3-D,0.012288417528366968
Amityville: Dollhouse,0.09106330785453123
Amityville: A New Generation,0.020242408497788467
Amityville II: The Possession,0.059783792908828744
"Amityville Horror, The",0.5107672863991162
"Amityville Curse, The",0.013598917617069016
Blood for Dracula (Andy Warhol's Dracula),-0.04037774773554979
April Fool's Day,0.18825519663272708
Audrey Rose,0.013286981761438865
"Believers, The",0.183163308401147
"Birds, The",1.0293889179155613
"Blob, The",0.3709598776224446
Blood Beach,0.022112670256384675
Body Parts,0.05265461240979639
"Body Snatcher, The",0.10620573454295132
Dracula (Bram Stoker's Dracula),0.5758084988094522
"Bride of Frankenstein, The (Bride of Frankenstein)",0.06464281468569309
Burnt Offerings,0.022364530473749703
Candyman,0.2236931687818431
Cape Fear,0.30055033447210444
Cape Fear,0.13107152558107654
Carrie,0.8870809143488317
Cat People,0.2894324762371379
"Nightmare on Elm Street, A",0.794310490625615
"Nosferatu (Nosferatu, eine Symphonie des Grauens)",0.5363535633697017
Vampire in Venice (Nosferatu a Venezia) (Nosferatu in Venice),-0.06001890851434447
"Omen, The",0.6644940351109608
Blood and Wine (Blood & Wine),-0.03710135831085454
Albino Alligator,-0.03243759207819446
"Mirror Has Two Faces, The",0.046897245850005355
Breaking the Waves,-0.3356793349298069
Nightwatch,0.023143435611595896
Star Trek: First Contact,2.6599761031184177
Shine,0.06496085986277368
Sling Blade,1.213789608402635
Jingle All the Way,0.5565711461884993
Paradise Lost: The Child Murders at Robin Hood Hills,0.19894641449609668
"Preacher's Wife, The",0.06430536748778153
Ridicule,-0.07854114362333328
"Crucible, The",0.02556186162015706
101 Dalmatians,0.8677725991909925
Die Hard 2,1.4762000024795596
Star Trek: The Motion Picture,1.707701688859622
Star Trek VI: The Undiscovered Country,1.610368559839934
Star Trek V: The Final Frontier,1.0623414500493076
Star Trek II: The Wrath of Khan,2.527943222748391
Star Trek III: The Search for Spock,1.9376263293416236
Star Trek IV: The Voyage Home,1.9025311262776137
Batman Returns,1.7583016393348048
Young Guns,1.1532767868357694
Young Guns II,0.5625565323050368
Grease,0.7234292191350555
Grease 2,0.05162170955427964
Marked for Death,0.032819001962592645
Under Siege,0.7749204402693941
Jaws,2.827048894423964
Jaws 2,0.408313701772687
Jaws 3-D,0.1310012042868549
My Fellow Americans,0.38320518589589453
Mars Attacks!,2.574134693049823
Citizen Ruth,0.11630230311536653
Jerry Maguire,1.0512793202535085
Raising Arizona,1.8413203656233303
Tin Men,0.13815084458271262
Sneakers,1.5331613904066836
Bastard Out of Carolina,0.16260332282770998
In Love and War,-0.018636772132213868
Marvin's Room,-0.11054417976458122
Ghosts of Mississippi,-0.0885101940029595
Beavis and Butt-Head Do America,0.9975682176637383
La Cérémonie,-0.08066915292040332
Scream,1.8809900322417328
"Last of the Mohicans, The",0.5880598775676275
Michael,0.37182070176033205
Hamlet,-0.019402575804999957
Some Mother's Son,0.022800141720831987
"Whole Wide World, The",-0.0815613166494605
Mother,-0.08345953675265984
"Thieves (Voleurs, Les)",-0.05789456382996218
Evita,0.043358655168331484
"Portrait of a Lady, The",-0.07743043697936482
Walkabout,0.10867009887510336
Murder at 1600,0.17901879559442477
Hearts and Minds,-0.029818835411542108
Fierce Creatures,0.17601285003843042
Zeus and Roxanne,-0.02032148183552859
Turbulence,0.0387321951187311
Angel Baby,-0.026173661227463108
First Strike (Police Story 4: First Strike) (Ging chaat goo si 4: Ji gaan daan yam mo),0.30292815589237526
Underworld,0.06928060259044999
Beverly Hills Ninja,0.3931906156960898
Metro,0.056766724448539516
"Cement Garden, The",-0.06286083959304505
Dante's Peak,0.3365119880991024
Meet Wally Sparks,0.1517628862386496
Amos & Andrew,0.12932375478533345
Benny & Joon,0.3817084950880173
Prefontaine,0.13746195186326496
McHale's Navy,0.4068034747583182
Kolya (Kolja),-0.030110129690310204
Gridlock'd,-0.10542986696053187
Waiting for Guffman,0.7458962326407966
"Beautician and the Beast, The",0.031133993998661808
SubUrbia,0.15407005263100704
"Pest, The",0.0774643902374622
Fools Rush In,0.2631979387319299
Touch,0.010421036328584987
Absolute Power,0.3214659427158714
That Darn Cat,0.16374490402807704
Vegas Vacation (National Lampoon's Las Vegas Vacation),0.37996249885637345
Lost Highway,0.19181640671490138
Rosewood,-0.12353092950063158
Donnie Brasco,1.056762145548089
Booty Call,0.17449054993273702
Best Men,0.14791585354174508
Jungle2Jungle (a.k.a. Jungle 2 Jungle),0.34570822767461284
Kama Sutra: A Tale of Love,-0.048015126811475496
Private Parts,0.9362249568770653
Love Jones,0.00249345157011064
"Saint, The",0.7497513180259574
Smilla's Sense of Snow,0.15709529723004112
Crash,0.29115554658461773
"Daytrippers, The",-0.08156625822014542
Liar Liar,1.0469794241551207
Selena,0.00139260877057973
"Devil's Own, The",0.26304010052044263
Cats Don't Dance,0.09514973229695177
B*A*P*S,-0.016754706239865906
Love and Other Catastrophes,-0.08089971681923226
Turbo: A Power Rangers Movie,0.08347862042749994
Anna Karenina,-0.029818835411542108
Double Team,0.04140424293599832
Inventing the Abbotts,0.04714860302780769
Anaconda,0.5407166750542736
Grosse Pointe Blank,1.7517126027294723
Kissed,0.02198175369799707
8 Heads in a Duffel Bag,0.3399096251883612
Paradise Road,-0.02609148098509951
Romy and Michele's High School Reunion,0.39797850701685056
Temptress Moon (Feng Yue),-0.036011345108606665
Volcano,0.2813733707839086
Children of the Revolution,0.012365822327163496
Austin Powers: International Man of Mystery,2.250078243273453
Breakdown,0.4525458912376313
Broken English,-0.0010630970989588082
Fathers' Day,-0.002591670668375819
"Fifth Element, The",2.325005945630777
Nowhere,-0.019937529443766474
"Promise, The (La promesse)",-0.08066915292040332
Shall We Dance? (Shall We Dansu?),-0.06638004127851362
Addicted to Love,0.38315215187951945
Brassed Off,0.18955493912600171
"Lost World: Jurassic Park, The",1.543771682490635
Ponette,-0.028170043126013806
Schizopolis,-0.002841931078700436
Shiloh,0.07249356686413992
Rough Magic,-0.048015126811475496
Trial and Error,0.23860063890411126
Buddy,0.20194591794477146
Con Air,1.5047805777504561
"Pillow Book, The",-0.13618885638329514
Speed 2: Cruise Control,0.26324776608603834
Batman & Robin,0.9669630501296084
For Roseanna (Roseanna's Grave),0.04924342338169121
Head Above Water,0.02425331648319272
Hercules,0.8612718361098757
My Best Friend's Wedding,0.585665050229461
When the Cat's Away (Chacun cherche son chat),-0.12511084533090747
"Contempt (Mépris, Le)",-0.06165289952933793
Face/Off,2.199260939874953
Fall,-0.006530805221785556
Men in Black (a.k.a. MIB),3.134638384548275
Out to Sea,0.09743777678968812
Wild America,0.20851205971646322
"Simple Wish, A",0.1812297267646411
Contact,2.295979735496837
Love Serenade,-0.036011345108606665
G.I. Jane,0.28906650488655594
Conan the Barbarian,1.3247382584781804
George of the Jungle,0.42615785834357367
Cop Land,0.3299417070616612
Event Horizon,0.8028856729402027
Spawn,0.9656031196044071
Air Bud,0.21348294197321008
Picture Perfect,0.19055420493807554
In the Company of Men,0.028201202164326606
Career Girls,-0.09494017241095148
Conspiracy Theory,0.8632936576262623
Desperate Measures,0.14562210416708282
Steel,0.16126043951727068
She's So Lovely,0.00548600844908039
Hoodlum,-0.0017168655869933965
Leave It to Beaver,0.12305223341230391
Mimic,0.6027491069167156
Money Talks,0.11777333420482344
Excess Baggage,-0.01870438768318153
Kull the Conqueror,0.08776335541500578
Air Force One,1.3143845006146107
187 (One Eight Seven),0.02382846601717063
"Hunt for Red October, The",2.301558934942202
My Own Private Idaho,-0.10563998999816414
"Kiss Me, Guido",-0.10535395952509155
Star Maps,-0.048015126811475496
In & Out,0.9584909900152192
"Edge, The",0.3400184138683226
"Peacemaker, The",0.47020676493969554
L.A. Confidential,1.7183838611530386
Seven Years in Tibet,-0.004609271636065071
Kiss the Girls,0.5290712234773502
Soul Food,0.0034646499305858174
Wishmaster,-0.0375167228273826
"Thousand Acres, A",-0.05884860911269613
"Game, The",1.744045803331446
Fire Down Below,0.06443819110510779
U Turn,0.21177653414655723
"MatchMaker, The",0.19742052145699646
"Assignment, The",0.01639613980190596
Ulee's Gold,-0.09646401963016141
"Ice Storm, The",-0.2352811720431904
Chasing Amy,1.219203464321417
"Full Monty, The",1.449432265156757
Indian Summer (a.k.a. Alive & Kicking),0.03599929970288187
"Mrs. Brown (a.k.a. Her Majesty, Mrs. Brown)",0.13333159789330204
I Know What You Did Last Summer,0.6962902924897868
The Devil's Advocate,1.1616484061501189
RocketMan (a.k.a. Rocket Man),0.23399177413992078
Playing God,-0.028205779343681202
"House of Yes, The",0.08583413338878924
"Fast, Cheap & Out of Control",-0.034438128446926085
Washington Square,-0.11071855223077436
Year of the Horse,0.0005882013592287467
Gattaca,1.8528981312898194
FairyTale: A True Story,0.006667186628611329
Phantoms,0.08316615585309
Swept from the Sea,0.027413314097915944
"Life Less Ordinary, A",-0.018894870229649946
Hurricane Streets,0.02123635127564029
Eve's Bayou,0.050768194559591015
Switchback,-0.06344959151486723
Gang Related,-0.04471472242616132
Stripes,0.9870340408567316
Bean,0.6218702641193002
Mad City,0.05117506491714558
Welcome to Sarajevo,0.10294666249088964
Deceiver,0.09281610867113499
"Rainmaker, The",0.10094266012732976
Boogie Nights,1.0059263246868517
Witness,1.1065499321795123
Incognito,-0.06835976636122527
Starship Troopers,1.6091201974376819
Critical Care,0.061877405780756664
"Joy Luck Club, The",0.22631511063320953
Chairman of the Board,0.0774643902374622
Sliding Doors,-0.15037259963455604
Mortal Kombat: Annihilation,0.23086958628256898
"Truman Show, The",1.5012087339127822
"Wings of the Dove, The",-0.11239859961670466
Mrs. Dalloway,-0.10274073044689193
"I Love You, I Love You Not",-0.0025203148973323387
Red Corner,0.22476439675645174
"Jackal, The",0.3780226053086163
Anastasia,0.3960818551445648
"Man Who Knew Too Little, The",0.17935041516315067
Alien: Resurrection,1.1723099765303182
Amistad,-0.058708389712201825
"Apostle, The",0.1293557096903223
Artemisia,-0.05126304804427601
Bent,0.014269945603988319
"Butcher Boy, The",-0.06405383469189102
Deconstructing Harry,0.02228664676092583
Flubber,0.4970001676259335
For Richer or Poorer,0.08833927281143825
Good Will Hunting,1.0249110672520814
Home Alone 3,0.18709481050686272
Midnight in the Garden of Good and Evil,0.6155962364543728
Mouse Hunt,0.24623088697456985
Scream 2,1.1789409997874167
Stranger in the House,0.08035236074458078
"Sweet Hereafter, The",0.20008614515565623
Titanic,0.6827636451285458
Tomorrow Never Dies,0.792974325169655
"Postman, The",0.3034170505864926
"Horse Whisperer, The",-0.1815185666934107
Jackie Brown,0.9334551432464195
Kundun,-0.1407207928687756
Mr. Magoo,0.15357402029055348
"Big Lebowski, The",2.784676161888877
Afterglow,-0.050190411120651986
My Life in Pink (Ma vie en rose),0.06900158513808159
Great Expectations,-0.11078196187808707
3 Ninjas: High Noon On Mega Mountain,0.010361059310937117
Senseless,0.011296424675831232
Wag the Dog,0.4364674824142364
Dark City,1.699040960710322
Hard Rain,-0.014505236133979839
Half Baked,0.5436896795046767
Fallen,0.6370468144496116
Shooting Fish,0.10565740805230373
Fallen Angels (Duo luo tian shi),-0.006911455890444735
"Four Days in September (O Que É Isso, Companheiro?)",-0.06001890851434447
Spice World,0.1524200553021768
Deep Rising,0.10146730323372581
Music From Another Room,-0.018269837568880815
"Replacement Killers, The",0.3933344188767052
B. Monkey,-0.08664130323990481
Night Flier,0.09440509737151227
Blues Brothers 2000,0.2738269635120585
"Wedding Singer, The",1.2481424652789805
Sphere,0.6626055864029349
Palmetto,-0.07781329405099777
As Good as It Gets,1.6890188057681523
King of New York,0.09778924866633404
Twilight,-0.020298539862345158
U.S. Marshals,0.41146468640382067
Welcome to Woop-Woop,0.17484824489017492
Love and Death on Long Island,-0.060964445506585654
Everest,-0.049811585367069845
Hush,0.044686699728749515
Suicide Kings,0.3755735222758185
"Man in the Iron Mask, The",0.20454628005551875
"Newton Boys, The",0.24013675334772971
Wild Things,0.5759415437505052
Paulie,0.4603597859175977
"Cool, Dry Place, A",0.030083390134230684
Fireworks (Hana-bi),-0.24507882121257793
Primary Colors,0.15795429723824506
Wide Awake,0.2673647110156224
Two Girls and a Guy,0.03528461728643026
"Object of My Affection, The",0.09205283365971939
Homegrown,0.005837196955982676
The Players Club,0.00634319081187012
Barney's Great Adventure,0.04012319282186803
"Big One, The",-0.07275544788320715
Chinese Box,-0.09220519966249961
Lost in Space,0.5758245604410334
Mercury Rising,0.43939789467456314
"Spanish Prisoner, The",0.15229640722213997
City of Angels,0.016768908231775955
"Last Days of Disco, The",-0.0598478056549608
"Odd Couple II, The",-0.01905032679868477
My Giant,0.024554013659360312
He Got Game,-0.14355449640476556
"Gingerbread Man, The",0.0009892753713170094
Live Flesh (Carne trémula),-0.14873711998745703
Zero Effect,0.7520358816463938
"Borrowers, The",0.48406261347411506
Krippendorf's Tribe,0.3840885260126858
Kurt & Courtney,-0.02927972191946977
"Real Blonde, The",-0.08089971681923226
Mr. Nice Guy (Yat goh ho yan),0.0004977668064651551
Taste of Cherry (Ta'm e guilass),-0.1030014454312504
Character (Karakter),0.015982309857510712
Species II,0.41171911205805894
Major League: Back to the Minors,0.2102861739278642
"Big Hit, The",0.2103253140469704
Tarzan and the Lost City,0.061877405780756664
"Dancer, Texas Pop. 81",0.020559985573436926
"Misérables, Les",-0.14435329861459953
Clockwatchers,0.03361853749665969
Deep Impact,1.1610388940939453
Quest for Camelot,0.04444692651468368
Godzilla,0.5899772510064343
Bulworth,0.6011249180943502
Fear and Loathing in Las Vegas,0.7325154455384248
"Opposite of Sex, The",0.4427330800099235
Almost Heroes,0.02149662465488848
Hope Floats,0.06736638598607743
Insomnia,0.1952883074535838
"Ugly, The",0.0774643902374622
"Perfect Murder, A",0.32616244370956254
Beyond Silence (Jenseits der Stille),-0.03354618983798495
Six Days Seven Nights,0.3809096783116535
Can't Hardly Wait,0.23783593054224791
High Art,-0.018552236719931635
"Children of Heaven, The (Bacheha-Ye Aseman)",0.039803417251820725
Dream for an Insomniac,-0.029818835411542108
Henry Fool,-0.13404496446450134
Mr. Jealousy,0.13012022654523106
Mulan,0.7017487115320773
"X-Files: Fight the Future, The",1.710079559440783
I Went Down,-0.01233316949377243
Dr. Dolittle,0.4224810627016846
Out of Sight,0.11703891783662225
Picnic at Hanging Rock,-0.06547591980802432
Smoke Signals,0.008500058109426927
Buffalo '66 (a.k.a. Buffalo 66),-0.03766526062056138
Armageddon,1.6519558231934826
Lethal Weapon 4,0.6482081194575999
Madeline,0.14211819474266296
Small Soldiers,0.8231802374565624
Pi,1.493693143554863
Whatever,-0.02745514123803873
There's Something About Mary,1.6454055249363795
Plan 9 from Outer Space,0.25023692531030334
"Broadway Melody, The",-0.022364126558656473
All Quiet on the Western Front,0.2515212396685467
Cimarron,-0.02609148098509951
Grand Hotel,-0.08749656267761438
Mutiny on the Bounty,0.18796865241125055
"Great Ziegfeld, The",-0.02609148098509951
"Life of Emile Zola, The",-0.022364126558656473
You Can't Take It with You,0.17488777505813682
Mrs. Miniver,-0.018300345810325604
Going My Way,0.06672462768603557
"Lost Weekend, The",0.014223503079665663
"Best Years of Our Lives, The",0.13691849907719575
Gentleman's Agreement,-0.029818835411542108
Hamlet,-0.025612047791457097
All the King's Men,0.015054697659138324
From Here to Eternity,0.019607302678041817
On the Waterfront,0.14538096391093247
Marty,-0.08637422622995436
West Side Story,0.40694349473446423
Tom Jones,-0.10895685302047847
"Man for All Seasons, A",-0.0680350854427287
In the Heat of the Night,-0.0671977017050414
Oliver!,-0.07239550573695461
Midnight Cowboy,0.17100227380980795
"French Connection, The",0.5594394424479473
Rocky,1.7653001269403887
Kramer vs. Kramer,-0.19154652765886757
Ordinary People,0.27452636805238834
Chariots of Fire,0.19461085368419875
Terms of Endearment,0.4230622925709718
Out of Africa,0.15686261662882958
"Last Emperor, The",0.03014061241507139
Rain Man,1.5175653328114609
Driving Miss Daisy,0.4825544500478653
Take the Money and Run,0.11219721316497457
Klute,0.02781201800412279
Repo Man,0.5323092035606796
Metropolitan,-0.06011376411601948
Labyrinth,1.3156402337418465
"Breakfast Club, The",3.169950421336437
"Nightmare on Elm Street 2: Freddy's Revenge, A",0.2597230677388299
"Nightmare on Elm Street 3: Dream Warriors, A",0.5992177115421299
"Nightmare on Elm Street 4: The Dream Master, A",0.29755346913758796
"Nightmare on Elm Street 5: The Dream Child, A",0.11431822561203286
"Freddy's Dead: The Final Nightmare (Nightmare on Elm Street Part 6: Freddy's Dead, A)",0.22926698537591902
Friday the 13th,0.726012612887677
Friday the 13th Part 2,0.2869269605818304
Friday the 13th Part 3: 3D,0.30110435268309554
Friday the 13th Part IV: The Final Chapter,0.193786546283246
Friday the 13th Part V: A New Beginning,0.06415581315492766
Friday the 13th Part VI: Jason Lives,0.1928087925617673
Friday the 13th Part VII: The New Blood,0.013286981761438865
Friday the 13th Part VIII: Jason Takes Manhattan,0.09502643478029005
Halloween,0.6812053038950199
Halloween II,0.2556164223311509
Halloween III: Season of the Witch,0.07162275160665744
Halloween 4: The Return of Michael Myers,0.10530922481959278
Halloween 5: The Revenge of Michael Myers,0.1086878545422984
Prom Night,0.017746514932673825
Prom Night IV: Deliver Us From Evil,0.013514518890822596
Child's Play,0.5566795512011423
Child's Play 2,0.11330313210790785
Child's Play 3,0.13250638416306948
Poltergeist,1.558435284319491
Poltergeist II: The Other Side,0.186334893878558
Poltergeist III,0.05947442634623469
"Exorcist, The",1.5103051231396898
Exorcist II: The Heretic,0.012938666535199905
"Exorcist III, The",0.027264078243058154
Lethal Weapon,2.8517283879264093
Lethal Weapon 2,1.4312183946567687
Lethal Weapon 3,1.243123447594495
Gremlins,1.7524383411707638
Gremlins 2: The New Batch,0.7746667602108896
"Goonies, The",1.8623808101776356
"Mask of Zorro, The",0.663582445451118
Polish Wedding,0.2769797190979399
"This World, Then the Fireworks",-0.036011345108606665
Soylent Green,0.669090096455829
Metropolis,0.41660385095693914
Back to the Future Part II,1.7881207642876191
Back to the Future Part III,1.8579633019314767
"Poseidon Adventure, The",0.8044071989524536
Freaky Friday,0.3505863463716376
"Absent-Minded Professor, The",0.5649984494565543
"Apple Dumpling Gang Rides Again, The",0.3062918450129596
Babes in Toyland,0.122758668691558
Bambi,1.2969931846697647
Seven Samurai (Shichinin no samurai),0.4226307498094753
Dangerous Liaisons,0.31049395317376355
Dune,0.9700819191929688
"Last Temptation of Christ, The",-0.15014264659589263
"Godfather: Part III, The",1.0993643729274127
"Rapture, The",0.022076135513286715
Lolita,-0.02483181860410397
Disturbing Behavior,0.133391606001319
Jane Austen's Mafia!,0.18670999882495343
Saving Private Ryan,3.918441310322265
"Barefoot Executive, The",0.019848394142771814
"Black Cauldron, The",0.529081075431941
"Black Hole, The",0.4428448113896116
Blackbeard's Ghost,0.17758156842906164
Blank Check,0.2749280469930586
Candleshoe,0.1549287804749244
"Cat from Outer Space, The",0.10389698464627892
"Computer Wore Tennis Shoes, The",0.3220287902780117
Condorman,0.23569652528555282
D2: The Mighty Ducks,0.36628099338372944
Darby O'Gill and the Little People,0.23982529864737293
"Devil and Max Devlin, The",0.12990324240515122
Flight of the Navigator,0.8042463194803406
"Great Mouse Detective, The",0.491961165689934
Herbie Goes Bananas,0.14752539547442953
Herbie Goes to Monte Carlo,0.09447756137125009
Hocus Pocus,0.6438351144834042
"Honey, I Blew Up the Kid",0.48661330027385163
"Honey, I Shrunk the Kids",1.8593546398423368
Hot Lead and Cold Feet,0.050768194559591015
In Search of the Castaways,0.09281610867113499
"Incredible Journey, The",0.0788190749337011
"Negotiator, The",0.4305073131934309
"Parent Trap, The",0.23021050456406333
BASEketball,0.5826055309591249
Roger & Me,0.719276117455999
"Purple Rose of Cairo, The",0.24741453725577867
Out of the Past,-0.08794002524932298
Doctor Zhivago,-0.043923680723878526
Fanny and Alexander (Fanny och Alexander),-0.05972483031133393
"Trip to Bountiful, The",-0.05874550709402704
Tender Mercies,-0.14683545284798263
And the Band Played On,-0.11462917500357479
"'burbs, The",0.8173834145992013
Fandango,-0.02531234113189683
"Night Porter, The (Portiere di notte, Il)",-0.17031069174319163
Mephisto,0.01639613980190596
Blue Velvet,0.6252285215663861
"Journey of Natty Gann, The",0.11857115043552614
"Jungle Book, The",1.385678521134447
Lady and the Tramp,1.218150763196623
"Little Mermaid, The",1.5115984121521047
"Mighty Ducks, The",0.5822999892117572
"Muppet Christmas Carol, The",0.5454841264951757
Newsies,0.012764655726087454
101 Dalmatians (One Hundred and One Dalmatians),0.776233709141846
Peter Pan,1.169273175448849
Popeye,0.8306945930189175
"Rescuers Down Under, The",0.29080807789233964
"Rescuers, The",0.4615194556175654
Return from Witch Mountain,0.2196686669322499
"Return of Jafar, The",0.15576431514966818
Return to Oz,0.33280330147017995
"Rocketeer, The",1.460640225527579
"Shaggy D.A., The",0.06488012818718866
Sleeping Beauty,0.7073637463572897
Something Wicked This Way Comes,0.49272601250243975
Son of Flubber,0.09879725449107253
Song of the South,0.22772006767390057
Splash,1.3806478916215197
Steamboat Willie,0.10504585178921545
Tall Tale,0.03365916821906199
Tex,-0.048015126811475496
Tron,2.1399544392813485
Swing Kids,0.09886526234740443
Halloween H20: 20 Years Later (Halloween 7: The Revenge of Laurie Strode),0.1115662775595134
L.A. Story,0.6170623225727239
"Jerk, The",0.8230290955311157
Dead Men Don't Wear Plaid,0.6921635395325151
"Man with Two Brains, The",0.5032004590789582
Grand Canyon,0.05542720386399742
"Outsiders, The",0.4301291160629231
Indiana Jones and the Temple of Doom,3.1761394847161344
"Lord of the Rings, The",0.71310340390721
1984 (Nineteen Eighty-Four),0.5931323968622215
"Dead Zone, The",0.7068695011210149
Maximum Overdrive,2.866609414877121e-05
Needful Things,0.08866080879552257
Cujo,0.29018078138490916
Children of the Corn,0.3849828265327747
All Dogs Go to Heaven,0.5180545308410776
"Addams Family, The",1.164014122308731
Ever After: A Cinderella Story,0.051701577720467046
Snake Eyes,0.44753928291642076
Atlantic City,-0.032951369965116384
Autumn Sonata (Höstsonaten),-0.2064940871440039
Who's Afraid of Virginia Woolf?,0.027211873981109573
Adventures in Babysitting,0.9144326811988253
Weird Science,0.790369809562715
Doctor Dolittle,0.3112983688264374
"Nutty Professor, The",0.4103350893178672
Charlotte's Web,1.0671815592447915
Watership Down,0.44159345657561294
"Secret of NIMH, The",0.7679381549193814
"Dark Crystal, The",1.279772584680015
"American Tail, An",0.5960243922689437
"American Tail: Fievel Goes West, An",0.24445040219418526
Legend,0.44496210185892604
Sixteen Candles,0.98119407092335
Pretty in Pink,0.5190588506665649
St. Elmo's Fire,0.6275608646500034
"Clan of the Cave Bear, The",0.10633600475760432
House,0.5975765352237046
House II: The Second Story,0.16170241437539487
"Gods Must Be Crazy, The",1.1496349633226097
"Gods Must Be Crazy II, The",0.4222825658506721
Air Bud: Golden Receiver,0.15490007727492697
"Avengers, The",0.3913123426125444
How Stella Got Her Groove Back,-0.019776683462008338
"Slums of Beverly Hills, The",0.21516514046496646
"Best Man, The (Testimone dello sposo, Il)",-0.09245681922197976
Henry: Portrait of a Serial Killer,0.05611459572340293
Rosemary's Baby,0.8125979882692156
"NeverEnding Story, The",1.7645407305417762
"NeverEnding Story II: The Next Chapter, The",0.15060753679131342
Attack of the Killer Tomatoes!,0.14190793839003252
Surf Nazis Must Die,1.5846939049303205e-05
Your Friends and Neighbors,-0.05149338640705064
Return to Paradise,0.08467156923937101
Blade,1.33566696537005
Dead Man on Campus,0.23241864539832427
Wrongfully Accused,0.02576258186270811
Next Stop Wonderland,0.0056104235470952335
"Strike! (a.k.a. All I Wanna Do, The Hairy Bird)",0.020559985573436926
Beetlejuice,2.504848019036541
Déjà Vu,0.0005882013592287467
Rope,-0.07938126507670487
Family Plot,-0.13927518848649545
Frenzy,-0.00021593807709475958
Topaz,-0.022364126558656473
Torn Curtain,-0.02609148098509951
Marnie,-0.05482300674657463
"Wrong Man, The",-0.0008919005517745247
"Man Who Knew Too Much, The",-0.10857464267688163
"Trouble with Harry, The",0.07915511538963953
I Confess,-0.12227565463352195
Strangers on a Train,0.33894276135959617
Stage Fright,-0.10699119780433178
54,0.010003030262515204
Why Do Fools Fall In Love?,0.027821706945398362
Willow,1.7135927730753553
"Untouchables, The",1.9324667023566469
Dirty Work,0.40802708808158533
Knock Off,0.0006535570658097369
"Paradine Case, The",-0.1148209457806363
Lifeboat,0.2312850635784373
Shadow of a Doubt,0.1471147817469017
Saboteur,0.10848013020053009
Mr. & Mrs. Smith,0.09778061729750724
Suspicion,-0.06479738565908397
Jamaica Inn,-0.06934261441648473
"Lady Vanishes, The",0.020838802295459573
Sabotage,0.05758875937202748
Secret Agent,-0.022364126558656473
"Man Who Knew Too Much, The",-0.14094416666777843
"Ring, The",-0.0013859398868365663
"Lodger: A Story of the London Fog, The",0.06393966111860977
Rounders,0.9149170221789383
Cube,0.430871675936137
Simon Birch,0.29366581942481856
Swept Away (Travolti da un insolito destino nell'azzurro mare d'Agosto),-0.08405414410344421
My Bodyguard,0.21031788562620587
Class,0.35278362543196473
Broadcast News,0.5668799205241493
"Allnighter, The",0.08431771876194118
Working Girl,0.20749568139913754
Married to the Mob,0.07665742719020656
Say Anything...,1.030372830129757
My Blue Heaven,0.4121815586734039
Hero,0.06288009586859884
Toys,0.7373965082891407
Young Doctors in Love,0.13011900264725862
Parasite,0.06929787971098614
No Small Affair,0.05097903221170599
Blame It on Rio,0.338240692258309
Wisdom,0.17167049427834702
One Crazy Summer,0.2816546408683515
About Last Night...,0.2978313954810202
"Seventh Sign, The",0.39404605233724166
We're No Angels,0.23271561167602328
Nothing But Trouble,0.05961212914960914
"Butcher's Wife, The",0.2591536197375913
Mortal Thoughts,0.014014798722595078
"Few Good Men, A",1.5558575624265243
Indecent Proposal,-0.08975032256012971
Permanent Midnight,-0.015451359535169703
One True Thing,-0.00928262288476753
Rush Hour,0.9116837356295086
Six-String Samurai,0.22927292442939834
Ronin,0.9462651574862171
Urban Legend,0.3656962922708451
Clay Pigeons,0.0124490038611551
Monument Ave.,-0.05080370458882147
Pecker,0.24321017404978426
"Sheltering Sky, The",-0.11735774122796026
"Fiendish Plot of Dr. Fu Manchu, The",0.033845463039727346
Them!,0.5013214106744522
"Thing, The",1.7038333638513732
"Player, The",0.4227738032518175
Stardust Memories,0.0360985373252129
Edward Scissorhands,1.4912205401242897
Overnight Delivery,-0.05080370458882147
Antz,1.325600286423799
"Impostors, The",-0.04052146549722823
"Night at the Roxbury, A",0.24390832553150849
What Dreams May Come,0.3893342037864818
Strangeland,0.09440509737151227
"Producers, The",0.517802840844068
History of the World: Part I,0.7336069252170644
My Cousin Vinny,1.4149984705138443
Nashville,0.05701778109886744
Love Is the Devil,-0.048015126811475496
Holy Man,0.18343436609379735
One Tough Cop,0.0623029190573854
"Mighty, The",-0.030935742507719806
2010: The Year We Make Contact,0.5801814732211883
Children of a Lesser God,0.18005134670839343
"Elephant Man, The",0.39942868803264436
Beloved,0.0914519404504026
Bride of Chucky (Child's Play 4),0.28990216208442415
Practical Magic,0.09974059120650693
Happiness,0.02041580961175843
Apt Pupil,0.30510772155417626
Pleasantville,1.0003955069164325
Soldier,0.1967522256103559
"Cruise, The",-0.10377921253327779
Life Is Beautiful (La Vita è bella),1.3036235275541956
Orgazmo,0.3770343959992339
Tales from the Darkside: The Movie,0.18242508365655605
Vampires,0.1477238402968412
American History X,1.9479707786646228
Hands on a Hard Body,-0.02932807066479228
Living Out Loud,0.1249277555983526
Belly,-0.04028117482746631
Gods and Monsters,0.019601922838037404
"Siege, The",0.07940084543990354
"Waterboy, The",1.0014179649130273
Elizabeth,0.02292088475039384
Velvet Goldmine,-0.0765654592304818
I Still Know What You Did Last Summer,0.42172074905088847
I'll Be Home For Christmas,-0.030482222753292827
Meet Joe Black,0.0843080383561784
Hard Core Logo,0.09727096164191695
Runaway Train,0.23791652330465188
"Stepford Wives, The",0.4287128849073677
"Pope of Greenwich Village, The",0.11658136824739374
Sid and Nancy,0.31120755404446876
Mona Lisa,0.018916688484490646
Heart Condition,0.18887422853409797
"Nights of Cabiria (Notti di Cabiria, Le)",-0.22067610928860762
"Big Chill, The",0.5458931123027996
Enemy of the State,1.162875064672985
"Rugrats Movie, The",0.3598311118227815
"Bug's Life, A",1.751519386097553
Celebrity,-0.13785393659174924
Central Station (Central do Brasil),0.03714347457479321
Savior,-0.01643503720973517
Waking Ned Devine (a.k.a. Waking Ned),0.4192612985100375
"Celebration, The (Festen)",-0.13712902556991888
Pink Flamingos,0.031837759327395104
Glen or Glenda,0.02418337920065203
Godzilla (Gojira),0.15634104695976642
"Godzilla 1985: The Legend Is Reborn (Gojira) (Godzilla) (Return of Godzilla, The)",0.04794900687519606
King Kong vs. Godzilla (Kingukongu tai Gojira),0.19180930026911655
King Kong,1.0489282987328612
King Kong,0.5506706693919154
King Kong Lives,0.016369342439573567
Desperately Seeking Susan,0.46760350246976357
"Emerald Forest, The",0.009254163656870307
Fletch,0.7982189252500111
Fletch Lives,0.21693528833273767
Red Sonja,0.49124039297095284
Gung Ho,0.5461774160116571
"Money Pit, The",0.8829809419289489
"View to a Kill, A",0.7272163980499183
Lifeforce,0.15647391144797337
Police Academy,0.7159547348602321
Police Academy 2: Their First Assignment,0.2506775655347678
Police Academy 3: Back in Training,0.1985785204234137
Police Academy 4: Citizens on Patrol,0.13732493010540964
Police Academy 5: Assignment: Miami Beach,0.11596247400119744
Police Academy 6: City Under Siege,0.03817829023535138
Babe: Pig in the City,0.48587535913416235
Home Fries,0.012369742688044423
Very Bad Things,0.9800524733068456
Steam: The Turkish Bath (Hamam),-0.09245681922197976
Psycho,0.09547574935323828
Little Voice,0.0452897548837445
"Simple Plan, A",0.67861220166947
Jack Frost,0.16626814743236365
Star Trek: Insurrection,1.044423898054438
"Prince of Egypt, The",0.27358460086286274
Rushmore,1.0573441730349689
Shakespeare in Love,1.6301704102090455
Miracle on 34th Street,0.287042845731257
Santa Claus: The Movie,0.024734861917607903
Prancer,0.20873203178898023
Pale Rider,0.17237369309852096
Rambo: First Blood Part II,0.756353382464549
First Blood (Rambo: First Blood),0.9959728534947376
Rambo III,0.21538004044189266
"Jewel of the Nile, The",0.5412351313186938
Romancing the Stone,2.0255012303289277
Cocoon,1.5973850472415947
Cocoon: The Return,0.4323973421135332
Rocky II,0.7970073291573249
Rocky III,0.6189854737054022
Rocky IV,0.7261315192084861
Rocky V,0.2994411689298455
Clue,0.5427480309080623
Young Sherlock Holmes,0.8211288269318732
Violets Are Blue...,0.04445666282075525
Back to School,0.775206112329939
Heartburn,-0.012003781702868874
Nothing in Common,0.3583714359335879
Extremities,0.15281224194376514
"Karate Kid, The",1.049389449603535
"Karate Kid, Part II, The",0.64128831241116
"Karate Kid, Part III, The",0.06793150109982418
Christmas Vacation (National Lampoon's Christmas Vacation),1.3828904506731972
You've Got Mail,0.35884434955119326
"General, The",0.05162758900501234
"Thin Red Line, The",0.9952693568657801
"Faculty, The",0.4594208602709213
Mighty Joe Young,0.1883047733409386
Mighty Joe Young,0.0673902717867702
Patch Adams,0.44685712089959184
Stepmom,0.02802814002867578
"Civil Action, A",0.13699679287504776
Hurlyburly,-0.048015126811475496
Tea with Mussolini,0.1550264491126016
Affliction,-0.10285375757784343
Hilary and Jackie,-0.13345909267881023
Playing by Heart,0.07390649719808583
At First Sight,0.21613408355930058
In Dreams,0.13325121714221352
Varsity Blues,0.10050467147900849
Virus,0.2310417292713713
Howard the Duck,0.7579148119450694
"Gate, The",0.15796383722938923
"Boy Who Could Fly, The",0.15076952261419996
"Fly, The",0.6338580215210364
"Fly, The",1.625965599126628
"Fly II, The",0.4356064281561937
Running Scared,0.31653660938577466
Armed and Dangerous,0.5209289224951075
"Texas Chainsaw Massacre, The",0.5128931732358771
"Texas Chainsaw Massacre 2, The",0.16257053225647694
Texas Chainsaw Massacre: The Next Generation (a.k.a. The Return of the Texas Chainsaw Massacre),0.050768194559591015
Ruthless People,0.6621289909018808
Deadly Friend,0.021536954126877096
"Name of the Rose, The (Name der Rose, Der)",0.44673763178107523
Jumpin' Jack Flash,0.3946478377529423
Peggy Sue Got Married,0.19145834030943798
Crocodile Dundee,1.6308756163418208
Crocodile Dundee II,0.5408877909078164
Tough Guys,0.011324364086219122
Soul Man,0.21972285026297161
"Color of Money, The",0.17699169639619
52 Pick-Up,0.1132427161190029
Heartbreak Ridge,0.8540300033855003
Firewalker,0.23964911733859834
¡Three Amigos!,1.0066124792019349
My Name Is Joe,-0.09245681922197976
Still Crazy,0.02579877957910853
"Day of the Beast, The (Día de la Bestia, El)",0.05178566995605447
She's All That,0.2704866068810666
Peeping Tom,-0.11361828230475234
Payback,0.9469173613953165
Simply Irresistible,0.056325142996336404
20 Dates,0.5314630403193564
"Harmonists, The",0.0014618332507458757
"Last Days, The",-0.035198736981604195
"Fantastic Planet, The (Planète sauvage, La)",0.06937815946070791
Blast from the Past,0.654293196255411
Message in a Bottle,-0.010791224580900522
My Favorite Martian,0.23332074416438914
Jawbreaker,0.030585426313436727
October Sky,0.1130367910224214
Office Space,2.681051418539201
"Apple, The (Sib)",-0.09245681922197976
200 Cigarettes,0.35465566315219504
8MM,0.46715012899818636
"Other Sister, The",0.36529902884535986
"Long Goodbye, The",0.009226853305408301
"Ballad of Narayama, The (Narayama bushiko)",-0.06001890851434447
Pet Sematary,0.4292247017119491
Pet Sematary II,0.1272965362142903
Children of the Corn II: The Final Sacrifice,0.062449358135593845
Children of the Corn III,0.013910853472699181
Christine,0.31082490464128604
Night Shift,0.5217233155819619
Airport,0.008538295232162351
Airport 1975,0.09476179540305223
Airport '77,0.3174801267541204
Rollercoaster,0.06902517874734244
"Towering Inferno, The",0.43829494699903593
Alligator,0.10482775740987425
Meteor,0.11166330251854348
Westworld,1.0868416026622925
Logan's Run,1.3067641565917416
Planet of the Apes,2.4523235038128983
Beneath the Planet of the Apes,0.6622567773380448
Battle for the Planet of the Apes,0.5742841040685338
Conquest of the Planet of the Apes,0.6734361238581376
Escape from the Planet of the Apes,0.6133142315854972
Avalanche,0.07376508440018792
Earthquake,0.18896449076824773
Beyond the Poseidon Adventure,0.10335415095998061
Dancemaker,0.0017360964680094195
Analyze This,0.7674324475602279
"Corruptor, The",-0.12548271332339608
Cruel Intentions,0.22409486643227453
"Lock, Stock & Two Smoking Barrels",1.5069961764201705
"School of Flesh, The (École de la chair, L')",-0.036011345108606665
"Deep End of the Ocean, The",-0.05601499575068412
"Rage: Carrie 2, The",0.1558136963842364
Wing Commander,0.2164743057569715
"Haunting, The",0.2970812900236775
Dead Ringers,0.15120616301208065
My Boyfriend's Back,-0.0066148247865706776
Village of the Damned,0.18775109429169304
Children of the Damned,0.01833889799409551
Baby Geniuses,0.09316562057226584
I Stand Alone (Seul contre tous),0.00044965047559875467
Forces of Nature,0.0755262176762162
"King and I, The",0.04173256041809753
Ravenous,0.248187067247285
True Crime,0.1429453864250803
Dangerous Beauty,-0.03249111090589726
"King and I, The",0.10561295989179778
Doug's 1st Movie,0.06192088570081144
EDtv,0.3347843897081823
"Mod Squad, The",0.25546527036524647
"Walk on the Moon, A",0.003696691519700972
"Matrix, The",3.933876675569348
10 Things I Hate About You,0.34917946994685245
Tango,0.001746264668557224
"Out-of-Towners, The",0.1979641768947491
"Dreamlife of Angels, The (Vie rêvée des anges, La)",-0.023150083445640124
Metroland,-0.036011345108606665
Following,0.023530276001362677
Go,1.3984345318571978
Never Been Kissed,0.3195010660583406
Twin Dragons (Shuang long hui),-0.01771558765700134
Cookie's Fortune,0.03509278103720751
"Lovers of the Arctic Circle, The (Los Amantes del Círculo Polar)",-0.040039862815608986
Goodbye Lover,-0.046172086026371024
Life,0.1891034407400004
Friends & Lovers,0.000457489946066803
Hideous Kinky,-0.052874659595722684
"Monster, The (Mostro, Il)",-0.06791598516434674
Open Your Eyes (Abre los ojos),0.12225304361303055
SLC Punk!,0.48087570856092315
Lost & Found,0.10716013264056778
Pushing Tin,0.6866031890433203
Election,0.888746771711785
eXistenZ,0.3932723707341937
Entrapment,0.8054095226669722
Idle Hands,0.4423337416002881
Get Real,0.020332738448775856
"King of Masks, The (Bian Lian)",-0.048015126811475496
"Winslow Boy, The",-0.022364126558656473
Mildred Pierce,-0.029818835411542108
Night of the Comet,0.3693960986406862
Chopping Mall (a.k.a. Killbots),0.04537568599945053
My Science Project,0.07699521255395166
Dick Tracy,0.6284994817314189
"Mummy, The",1.5960583139545887
"Castle, The",-0.05166720666837616
This Is My Father,-0.036011345108606665
William Shakespeare's A Midsummer Night's Dream,0.0955225610380942
Trippin',0.0017360964680094195
After Life (Wandafuru raifu),-0.040931245335696864
Black Mask (Hak hap),0.052122237446780406
Star Wars: Episode I - The Phantom Menace,2.656480229907329
"Love Letter, The",-0.018799274001709596
Besieged (a.k.a. L' Assedio),-0.03140398545030418
"Saragossa Manuscript, The (Rekopis znaleziony w Saragossie)",-0.06133111942513023
"Mummy, The",0.004024681122445847
"Mummy, The",0.02578201961493969
Mommie Dearest,0.30740541547558425
Superman,2.3311164621302445
Superman II,1.9067411345304897
Superman III,0.554330630626155
Superman IV: The Quest for Peace,0.34400731210710395
Dracula,0.14731732550987708
Frankenstein,0.567119102352121
Frankenstein Meets the Wolf Man,0.023601274342878068
"Curse of Frankenstein, The",-0.022364126558656473
"Wolf Man, The",0.3131831790685596
Howling II: Your Sister Is a Werewolf,0.013286981761438865
Tarantula,0.06503314140844785
"Rocky Horror Picture Show, The",1.5372397087823044
It Came from Hollywood,0.014135890844233912
"Thing from Another World, The",0.12252494269664685
It Came from Outer Space,0.03453814601594873
"War of the Worlds, The",0.5962046712483704
Invasion of the Body Snatchers,0.4496987065767698
Earth vs. the Flying Saucers,0.002312943376568837
Swamp Thing,0.5232715761240364
Pork Chop Hill,0.019782537397527375
Run Silent Run Deep,0.03582829739698206
Notting Hill,0.07569669650413716
"Thirteenth Floor, The",0.4646250497591864
"Loss of Sexual Innocence, The",0.10271768732659825
Instinct,0.054057639928351824
Buena Vista Social Club,-0.1891717111115688
Free Enterprise,-0.05107757616290987
Limbo,-0.1379944837346939
Austin Powers: The Spy Who Shagged Me,2.0959332258218177
"Red Violin, The (Violon rouge, Le)",0.04721705719526304
Tarzan,0.5683999630718191
"General's Daughter, The",0.4130777292132894
"Ideal Husband, An",0.14397113129929826
"Legend of 1900, The (a.k.a. The Legend of the Pianist on the Ocean) (Leggenda del pianista sull'oceano)",-0.14691443519770173
Run Lola Run (Lola rennt),0.9616946834232402
Trekkies,0.013410516028088581
Big Daddy,0.9451434175049404
"Boys, The",0.01212665824159636
"Dinner Game, The (Dîner de cons, Le)",0.025361142710231405
My Son the Fanatic,-0.02609148098509951
Zone 39,-0.04064296367105718
Arachnophobia,1.6693285619467875
"South Park: Bigger, Longer and Uncut",2.59179533477694
Wild Wild West,0.5799089336210209
Summer of Sam,0.15862734042673246
American Pie,1.9846125514604627
Arlington Road,0.4862826166115935
"Autumn Tale, An (Conte d'automne)",-0.10066852878163457
Muppets From Space,0.3626137095328964
"Blair Witch Project, The",1.634654567731029
Eyes Wide Shut,0.7004726268814359
Lake Placid,0.4355728720315119
Ghostbusters (a.k.a. Ghost Busters),2.64658976264314
Ghostbusters II,0.9689755308843897
Drop Dead Gorgeous,0.17566822835341522
"Haunting, The",0.2352835438167726
Inspector Gadget,0.36184856602436904
Deep Blue Sea,0.6454527537550121
Mystery Men,0.9650951446503533
Runaway Bride,0.027711654648028505
Twin Falls Idaho,-0.024007563405737748
"Killing, The",0.05299798313659731
Killer's Kiss,-0.036011345108606665
Spartacus,0.10482203232830009
Lolita,-0.06654214601338698
Barry Lyndon,-0.1478614850279479
"400 Blows, The (Les quatre cents coups)",-0.014285845727786116
Jules and Jim (Jules et Jim),-0.15396723467196413
Vibes,0.13934179601821878
"Mosquito Coast, The",0.025852530434518947
"Golden Child, The",0.6610960920202898
Brighton Beach Memoirs,0.16540872256328534
Assassination,0.0738150413833945
Crimes of the Heart,0.015370011214501659
"Color Purple, The",0.19295603689007745
"Kindred, The",0.0066434908807194324
No Mercy,0.015648996169766796
Ménage (Tenue de soirée),0.019760789747196354
Native Son,-0.022364126558656473
Otello,0.04927877853510189
"Mission, The",0.23671094517993052
Little Shop of Horrors,1.4615507422621812
"Little Shop of Horrors, The",0.14637587783296643
Allan Quatermain and the Lost City of Gold,0.24652576374398763
"Morning After, The",0.05513380461933533
Radio Days,0.08681767384165988
From the Hip,0.027413314097915944
Outrageous Fortune,0.23624038925174298
Deadtime Stories,0.0387321951187311
Frances,-0.02609148098509951
Dick,0.20016402952597306
"Iron Giant, The",1.4311214416987024
"Sixth Sense, The",3.352298484470307
"Thomas Crown Affair, The",0.8464421209324225
"Thomas Crown Affair, The",-0.16574875216266194
"Acid House, The",-0.002841931078700436
"Adventures of Sebastian Cole, The",0.024672582652165726
"Yards, The",0.16344934876762027
Bowfinger,0.7747764841192427
Brokedown Palace,0.2527556631003284
Detroit Rock City,0.4888397063033729
Better Than Chocolate,-0.009321711998077985
Head On,-0.021149863838289075
Heaven Can Wait,0.24007020578333146
Pit and the Pendulum,0.1471087520941306
"Masque of the Red Death, The",0.017139093531645312
Haunted Honeymoon,0.10811606010761864
Cat's Eye,0.062456013485194375
Monty Python's And Now for Something Completely Different,0.6964749820188333
Damien: Omen II,-0.09829766262443473
"Final Conflict, The (a.k.a. Omen III: The Final Conflict)",0.07744731390935364
Airplane!,2.477922126916612
Airplane II: The Sequel,0.4517575817917986
"American Werewolf in Paris, An",0.3564341561119373
European Vacation (aka National Lampoon's European Vacation),0.4370974867683807
National Lampoon's Vacation,0.7645327575424675
Funny Farm,0.4908906172525126
Big,2.620995142287358
Problem Child,0.3041627832700378
Problem Child 2,0.1229149017072624
Little Nemo: Adventures in Slumberland,0.05277569839362368
Oscar and Lucinda (a.k.a. Oscar & Lucinda),-0.03354618983798495
Tequila Sunrise,0.7467521280136958
"Pelican Brief, The",-0.181598548267482
"Christmas Story, A",2.276613112653944
Mickey Blue Eyes,0.36564659205917854
Teaching Mrs. Tingle,0.19047141958941252
Universal Soldier: The Return,-0.011468235100455212
Universal Soldier,0.4134828773288781
Perfect Blue,-0.040320990867829955
In Too Deep,0.06656073554951716
"Source, The",-0.012003781702868874
Iron Eagle,0.3111202766349833
Iron Eagle II,0.12043707688140907
Aces: Iron Eagle III,0.22593402560094047
Iron Eagle IV,0.07959975602854907
Three Days of the Condor (3 Days of the Condor),0.10178797577362972
Hamlet,0.025384764887664266
Medicine Man,0.02077724063132559
On the Ropes,-0.03265402610892764
"13th Warrior, The",0.49247785169365643
"Astronaut's Wife, The",0.2095900548751899
Dudley Do-Right,-0.0014114907900038165
"Muse, The",0.0039067961251604945
Chill Factor,0.006853328524478986
Outside Providence,0.15587112566212932
Bedrooms & Hallways,-0.01363009273600045
West Beirut (West Beyrouth),0.02693239134842974
Stigmata,0.5237178160668222
Stir of Echoes,0.5243305618634928
"Black Cat, White Cat (Crna macka, beli macor)",-0.11547132874901395
"Minus Man, The",-0.07414774765122127
"Adventures of Milo and Otis, The (Koneko monogatari)",0.5692117496740229
Only Angels Have Wings,-0.04198820899801963
"Othello (Tragedy of Othello: The Moor of Venice, The)",0.024214274907096486
Saturn 3,0.21313420308673658
"Soldier's Story, A",0.06769092607945469
I Saw What You Did,0.010530763891252033
Yellow Submarine,0.4900558870273438
American Beauty,3.527698790943694
Stop Making Sense,-0.08227057135862986
Blue Streak,0.2534830364475764
For Love of the Game,0.06774027867049072
Caligula,0.05265461240979639
"Hard Day's Night, A",0.39542867092908984
Sugar Town,-0.048015126811475496
"Buddy Holly Story, The",0.04360969794352301
Fright Night,0.7051211082752373
Fright Night Part II,0.07744731390935364
Barefoot in the Park,0.21901874955540526
Deliverance,1.6177884413537922
Excalibur,0.816625195219249
"Pajama Game, The",0.117982228485133
Sommersby,-0.04869538452873844
Thumbelina,0.019848394142771814
Tommy,0.09360705818543542
Hell Night,0.05751232227420819
Armour of God II: Operation Condor (Operation Condor) (Fei ying gai wak),-0.16976987435792407
Armour of God (Long xiong hu di),-0.2260428158408478
Double Jeopardy,0.2721043585782362
Jakob the Liar,-0.03449801762395083
Mumford,0.13359316907053814
Dog Park,0.013706657048957972
Guinevere,-0.024007563405737748
"Adventures of Elmo in Grouchland, The",0.020328594497996955
Simon Sez,0.008184671219786784
Drive Me Crazy,0.15207303401212213
"Mystery, Alaska",0.44068002859515715
Three Kings,0.8746871579413421
"Happy, Texas",0.002774082762776373
New Rose Hotel,-0.012003781702868874
Plunkett & MaCleane,0.020559985573436926
Romance,0.024214274907096486
Alvarez Kelly,-0.002430723563105112
And the Ship Sails On (E la nave va),-0.09245681922197976
"Dark Half, The",0.0774643902374622
Gulliver's Travels,0.30172545556405717
Monkey Shines,0.23542822746685133
Phantasm,0.4082706234295036
Psycho II,0.07745911046171353
Psycho III,0.09499353507236029
Sanjuro (Tsubaki Sanjûrô),-0.0397396821747114
Random Hearts,0.12887716850046324
Superstar,0.5500257631672801
Boys Don't Cry,0.31332840910916665
"Limey, The",0.005990424239768441
Risky Business,0.984313781162686
Total Recall,3.105080587804981
Body Heat,0.13025529417544368
Ferris Bueller's Day Off,2.9786424482505183
"Year of Living Dangerously, The",0.0008081241024523166
High Plains Drifter,0.5563640150804694
Hang 'Em High,0.25363194273060957
Drunken Master (Jui kuen),-0.19276862490141894
"Conformist, The (Conformista, Il)",0.018588760069935345
Hairspray,0.2303477259402266
Brief Encounter,-0.03339141757538181
"Razor's Edge, The",0.08006915040568474
Reds,-0.06210282609370618
Return with Honor,-0.02609148098509951
Time of the Gypsies (Dom za vesanje),-0.16114880723391117
Days of Heaven,-0.11435947388812347
"Lady Eve, The",-0.02514906032485224
Sullivan's Travels,0.1419558368268926
"Palm Beach Story, The",-0.027387564997273475
Gilda,-0.044157313969170706
South Pacific,0.04970928953208884
Flashdance,0.19213322358004348
Indochine,-0.0290803681603378
"Dirty Dozen, The",0.7791360797047161
Help!,0.1407012500327955
Goldfinger,1.3955138686638475
From Russia with Love,0.7775126678227073
Dr. No,1.0132819294086164
"Blue Lagoon, The",0.33849835507502246
"Fistful of Dollars, A (Per un pugno di dollari)",0.5513637088051714
Sydney (Hard Eight),0.2228078434738559
Home Alone 2: Lost in New York,0.3733423422769597
Someone to Watch Over Me,0.21144050076435517
Fight Club,2.7435382541203177
"Story of Us, The",0.1160124555732715
Fever Pitch,-0.027610053998387205
Julien Donkey-Boy,-0.006530805221785556
"Omega Code, The",0.007947028503011468
"Straight Story, The",0.1117980435861513
"Bad Seed, The",0.131723501449509
Time Bandits,1.3353943378111526
"Man and a Woman, A (Un homme et une femme)",-0.018842471405445628
Fitzcarraldo,-0.1273324140697798
All That Jazz,0.0643008207653096
Red Sorghum (Hong gao liang),-0.06001890851434447
Crimes and Misdemeanors,0.18206592353859105
Bats,0.07397151056805362
"Best Man, The",0.009254163656870307
Bringing Out the Dead,-0.14784162582398003
Crazy in Alabama,0.05755734316780445
Three to Tango,0.04867878002630423
Body Shots,0.020559985573436926
"Guardian, The",0.013286981761438865
"Ipcress File, The",0.06924074152591997
On Any Sunday,0.09356192533472649
RoboCop,2.728297793293854
RoboCop 2,0.7669728052948112
Who Framed Roger Rabbit?,2.724102357558218
Melvin and Howard,0.016812753362154296
For Your Eyes Only,0.815502079105369
Licence to Kill,0.45367896274735475
Live and Let Die,0.5828309415774154
Rawhead Rex,0.08260446020007328
Thunderball,0.5295024830626921
House on Haunted Hill,0.3285414358033383
Music of the Heart,-0.1278899645384855
Being John Malkovich,2.7083573431239225
Princess Mononoke (Mononoke-hime),0.3551266213697375
My Best Fiend (Mein liebster Feind),-0.048015126811475496
Train of Life (Train de vie),-0.10766783301162794
"Bachelor, The",0.12149674778523845
"Bone Collector, The",0.6175999008973748
"Insider, The",0.3370827341092363
American Movie,0.10966053236307338
Last Night,0.027413314097915944
Rosetta,-0.09245681922197976
"They Shoot Horses, Don't They?",-0.08134545212059409
Bride of Re-Animator,0.09440509737151227
Bustin' Loose,0.061877405780756664
Coma,-0.017474349755292235
Creepshow,0.6036624061759228
Creepshow 2,0.31599658132818476
Re-Animator,0.12724720549971472
Drugstore Cowboy,0.20285087087019965
Falling Down,0.6956314239858329
"Funhouse, The",0.013286981761438865
"General, The",0.09204133703411041
Piranha,0.27969284675950545
"Taming of the Shrew, The",-0.04051301202795539
Nighthawks,0.3396104007639305
Yojimbo,-0.045498076338712216
Repossessed,0.20863739406263665
"Omega Man, The",0.5173766168639418
Spaceballs,1.5624018203856502
Robin Hood,0.9967983408450981
Mister Roberts,0.26203901121277395
"Quest for Fire (Guerre du feu, La)",0.43605332229687876
Little Big Man,0.6854457686047319
"Face in the Crowd, A",0.007587389394888186
Trading Places,1.116574768441934
Meatballs,0.3683998129461526
Meatballs Part II,0.2230163154483896
Meatballs III,0.07849927092322032
Meatballs 4,0.02401452996574075
Dead Again,0.4178930519613016
Peter's Friends,0.04162699360205233
"Incredibly True Adventure of Two Girls in Love, The",-0.08066915292040332
Under the Rainbow,0.1335322023816835
Anywhere But Here,0.1993901030118748
Dogma,1.9246872517924276
"Messenger: The Story of Joan of Arc, The",0.36752409410141834
Pokémon: The First Movie,0.3426491548609124
Felicia's Journey,-0.05965751937165319
Oxygen,0.1549287804749244
Where's Marlowe?,0.032738684879147134
"Commitments, The",0.3909803628253082
Holiday Inn,0.03176286886120708
"Longest Day, The",0.34668675358923745
Poison Ivy,0.19527737261203215
Poison Ivy: New Seduction,0.1432314452942156
Tora! Tora! Tora!,0.2583099161505105
Women on the Verge of a Nervous Breakdown (Mujeres al borde de un ataque de nervios),-0.061112309760681334
"Verdict, The",0.3141738648369836
"Adventures of Buckaroo Banzai Across the 8th Dimension, The",1.077533033186112
Stand and Deliver,0.15869464491034638
Moonstruck,0.9255911934417692
"Sandpiper, The",-0.006411645770686462
Jeremiah Johnson,0.023480883700380838
Repulsion,-0.043980905825169815
Irma la Douce,-0.07384296444503637
42 Up,0.06160704127018294
Liberty Heights,0.024165392865115334
Mansfield Park,-0.05694265527312596
Sleepy Hollow,1.4693201123687802
"World Is Not Enough, The",0.9276480804312032
All About My Mother (Todo sobre mi madre),0.008925106244586124
Babes in Toyland,-0.011859457502270368
Scrooged,0.7875184374091213
Harvey,-0.1007577975592176
Bicycle Thieves (a.k.a. The Bicycle Thief) (a.k.a. The Bicycle Thieves) (Ladri di biciclette),-0.3284216673689766
Matewan,-0.12824821390361432
Kagemusha,-0.10192676829973393
McCabe & Mrs. Miller,-0.02891431801228172
Maurice,-0.10488576855275038
"Grapes of Wrath, The",0.2045511100235407
My Man Godfrey,-0.042672657203640524
"Shop Around the Corner, The",-0.04648138405005985
"Natural, The",0.5481416239838232
Shampoo,0.010022364345389776
"River Runs Through It, A",0.382739943835188
Fatal Attraction,0.5659262830484406
Jagged Edge,0.09024171322338866
Stanley & Iris,-0.07589675492340359
Midnight Run,0.7502758400956823
Awakenings,0.4819317965251308
Come See the Paradise,-0.0005069427944906142
Backdraft,0.7285925240895962
"Fisher King, The",0.8560351120162719
"River, The",0.2686903024818008
Places in the Heart,0.23844215232637408
'night Mother,-0.022364126558656473
End of Days,0.4291052946718139
Toy Story 2,1.7855198101511474
Flawless,0.03226832529287442
Ride with the Devil,-0.04432786826461871
"Distinguished Gentleman, The",0.17542435743518178
"End of the Affair, The",-0.029818835411542108
Holy Smoke,-0.0048901407128889235
Sweet and Lowdown,-0.01643474966227699
Bonfire of the Vanities,0.05475297566939374
Daddy Long Legs,0.061877405780756664
Grand Illusion (La grande illusion),-0.11923889900308049
"Great Santini, The",-0.08168094968542956
Stealing Home,0.07249054171787696
"Two Jakes, The",-0.03901675419402095
U2: Rattle and Hum,0.16048025640026967
Hell in the Pacific,0.04445666282075525
Cradle Will Rock,0.0012260022730779699
Deuce Bigalow: Male Gigolo,0.38898417225684623
"Green Mile, The",1.91009311440993
"Cider House Rules, The",0.1052473060316622
"War Zone, The",-0.016056465870885956
"Last Picture Show, The",0.008884965568364628
"7th Voyage of Sinbad, The",0.32964038462536144
Anna and the King,-0.1116616492669337
Bicentennial Man,0.3834268820461611
Stuart Little,0.3086773486110271
"Emperor and the Assassin, The (Jing ke ci qin wang)",-0.015044991434310767
Fantasia 2000,0.3483243273400606
Magnolia,1.029043676072157
Onegin,0.01566904862438026
Simpatico,0.0623029190573854
Topsy-Turvy,-0.04816132492293122
Boiling Point,0.013862278969280998
Carnal Knowledge,-0.027979843190617987
Easy Rider,0.1549174578925756
The Falcon and the Snowman,0.026768948676266682
Room at the Top,-0.012267618433379453
Any Given Sunday,0.07050132886611267
Man on the Moon,0.6417202996816018
Galaxy Quest,2.0776999708388373
"Talented Mr. Ripley, The",0.6031971040123506
Next Friday,0.30221655632340044
"Hurricane, The",0.16952092501462995
Angela's Ashes,-0.05879469239621732
Titus,-0.10300188265313896
"Mr. Death: The Rise and Fall of Fred A. Leuchter, Jr.",0.05188717009737762
"Third Miracle, The",-0.036011345108606665
Snow Falling on Cedars,-0.10270885785627455
"Girl, Interrupted",0.3000425061680622
My Dog Skip,0.03129062686787573
Supernova,-0.007927611478996387
"Terrorist, The (a.k.a. Malli) (Theeviravaathi)",-0.019592415665356678
"Way We Were, The",-0.019224168546928443
Stalag 17,0.1349532383272289
"Presidio, The",0.29726410514301943
Papillon,0.047218312982842715
"Last Detail, The",0.18081797139372585
Five Easy Pieces,-0.01090933566929567
Dead Calm,0.25637411209943667
"Boys from Brazil, The",0.11131503811409246
Against All Odds,0.156761076572576
Loaded Weapon 1 (National Lampoon's Loaded Weapon 1),0.22005779449838908
Fast Times at Ridgemont High,1.26886664825131
"Cry in the Dark, A",-0.02776028799046749
Batman: Mask of the Phantasm,0.6890531595192413
American Flyers,0.06032196506531164
"Star Is Born, A",-0.04277686539842875
Pacific Heights,0.39421378996058487
"Draughtsman's Contract, The",-0.029816952744983173
"Zed & Two Noughts, A",-0.06855343995507247
Woman in the Dunes (Suna no onna),0.013863672428679114
Down to You,0.07051915754899159
"Odessa File, The",-0.07613409035602738
Where the Buffalo Roam,0.17282906003515738
Eye of the Beholder,0.08136083263917242
"Big Tease, The",-0.02387131324039172
"Cup, The (Phörpa)",-0.05879133003644252
Encino Man,0.6803869288750716
"Goodbye Girl, The",0.105131962907616
Malcolm X,-0.02370811694659754
Sister Act,0.7006419238343341
Sister Act 2: Back in the Habit,0.3468431837269619
"Hand That Rocks the Cradle, The",0.35977071614312217
Alive,0.4633291286574616
Agnes of God,0.25925371862908647
Scent of a Woman,0.22159955104703463
Wayne's World,1.6253011790325078
Wayne's World 2,0.7202373844474462
"League of Their Own, A",0.7099465336600448
Patriot Games,0.7112795084257777
"Bodyguard, The",0.5346258420282628
Death Becomes Her,0.4067508549641548
Far and Away,0.09795663040766787
Howards End,0.051286505127757544
Singles,0.06368755058842762
Twin Peaks: Fire Walk with Me,0.32404812789114035
White Men Can't Jump,0.6494624731487767
Buffy the Vampire Slayer,0.5505849795189006
Hard-Boiled (Lat sau san taam),0.050714132852365125
Man Bites Dog (C'est arrivé près de chez vous),0.12222431565765962
"Mariachi, El",0.497621404225694
Stop! Or My Mom Will Shoot,0.1623208747320846
Forever Young,0.9520480122339788
"Cutting Edge, The",-0.03183622425245034
Of Mice and Men,0.4000022692000403
Bad Lieutenant,0.08647571016248554
Scream 3,0.7324249797486344
Single White Female,0.4722201475225583
"Boondock Saints, The",0.5318308072613034
Gun Shy,0.008184671219786784
"Baby, The",0.020866280209048765
"Brandon Teena Story, The",-0.014909417705771054
Minnie and Moskowitz,0.13961616280512257
They Might Be Giants,0.024554013659360312
"Beach, The",0.13313585006875248
Snow Day,0.1544272246029003
"Tigger Movie, The",0.038808818540945846
Not One Less (Yi ge dou bu neng shao),-0.10401392162472736
Eaten Alive,0.033169005384577004
Raining Stones,-0.09245681922197976
To Sir with Love,0.01926164761066576
Boiler Room,0.24614645073368668
Hanging Up,0.0408171422055249
Pitch Black,0.5619612871874908
"Whole Nine Yards, The",0.6909313440527121
Beautiful People,-0.1366679477336551
Black Tar Heroin: The Dark End of the Street,-0.06001890851434447
"Circus, The",-0.09542155977844191
City Lights,-0.11879479071342046
"Flamingo Kid, The",0.24115921876105226
"Kid, The",-0.2030946683178757
Class Reunion,0.05785999300546808
Happy Go Lovely,-0.034506711405437374
Reindeer Games,0.321750805805034
Wonder Boys,-0.10446125620359144
Chain of Fools,-0.003247921232800535
Drowning Mona,0.07152393765539147
"Next Best Thing, The",-0.08392311618910103
What Planet Are You From?,0.07293966279706028
Beyond the Mat,0.24934545258965804
Ghost Dog: The Way of the Samurai,-0.0601890375541602
The Year My Voice Broke,0.06924074152591997
Splendor in the Grass,-0.04051364642491417
My Tutor,0.033845463039727346
Key Largo,-0.051270487149080175
Born Yesterday,0.017326124327521578
Birdy,0.13060471669675455
Blood Feast,-0.048015126811475496
"Charlie, the Lonesome Cougar",0.050768194559591015
Never Cry Wolf,0.393551034446711
"Raisin in the Sun, A",-0.04378677662298751
"Closer You Get, The",0.0005882013592287467
Mission to Mars,0.39046459968522196
"Ninth Gate, The",0.36199191506289224
East-West (Est-ouest),0.11157365380950246
Defending Your Life,0.5330728079878021
Breaking Away,0.03583542466302834
Hoosiers (a.k.a. Best Shot),0.5564480801223716
Bull Durham,0.9879686907672334
Dog Day Afternoon,0.5760569416256598
American Graffiti,1.1253437411457614
"Asphalt Jungle, The",-0.030210609813471838
"Searchers, The",-0.08984733137061014
"Big Country, The",0.024676713574491627
Betrayed,0.13976730929484757
"Bridge at Remagen, The",-0.015358713827236234
Daughters of the Dust,-0.048015126811475496
"Ogre, The (Unhold, Der)",0.027413314097915944
On the Beach,-0.09144666825987857
"Taking of Pelham One Two Three, The",0.06819099565861807
Volunteers,0.3033602940491192
JFK,0.7306815260154327
Who's Harry Crumb?,0.5351650135955675
Harry and the Hendersons,0.37856511595459924
Let's Get Harry,0.061877405780756664
Shanghai Surprise,0.016369342439573567
Who's That Girl?,-0.05563595736752677
She-Devil,0.23286184518647496
Date with an Angel,0.03067610593743897
Blind Date,0.41378062781900427
Nadine,0.23814907747697578
"Muppet Movie, The",1.148514828002403
"Great Muppet Caper, The",0.2707953953703151
"Muppets Take Manhattan, The",0.5821374806903618
We're Back! A Dinosaur's Story,0.11619658535619326
Baby... Secret of the Lost Legend,0.2587688274123186
Turtle Diary,0.08461075274042158
Raise the Titanic,0.015370011214501659
Titanic,0.22989779113055264
"Night to Remember, A",0.07812432694195245
Captain Horatio Hornblower R.N.,0.1107258857938469
Erin Brockovich,0.6801343212728893
Final Destination,0.3095450744657886
Soft Fruit,0.01768534205948947
"Bear, The (Ours, L')",0.3350816141519263
Love Is a Many-Splendored Thing,0.015370011214501659
"Mirror, The (Zerkalo)",-0.1392365764188722
"Crimson Pirate, The",0.09281610867113499
Thelma & Louise,0.6181500398942014
...And Justice for All,0.04304698028795562
Animal House,1.807516135091195
She's Gotta Have It,-0.08405133715315685
School Daze,-0.12816074006233943
Do the Right Thing,-0.06675730026212905
Mo' Better Blues,-0.15839498261025448
Jungle Fever,-0.08699553518628071
"Champ, The",0.018137534400489024
Creature Comforts,0.3041923523916551
Death Wish,0.22216174233718036
Death Wish 2,0.09140890344947797
Death Wish 3,0.0724739822619686
Death Wish 4: The Crackdown,0.030938702890378332
Death Wish 5: The Face of Death,0.030938702890378332
Double Indemnity,-0.014681382937064077
Dying Young,0.11598390658147874
Teenage Mutant Ninja Turtles,0.888677943385036
Teenage Mutant Ninja Turtles II: The Secret of the Ooze,0.5141873249349375
Teenage Mutant Ninja Turtles III,0.4073745411225632
Red Dawn,1.0377219059997462
Band of the Hand,0.05265461240979639
Bloodsport,0.17846071022358878
Eyes of Laura Mars,0.11960870699977723
Funny Bones,0.08904206325172831
"Good Earth, The",-0.020567061905266748
"Good Morning, Vietnam",1.0872676813865205
"Good Mother, The",0.015370011214501659
Grumpy Old Men,1.1480408359010965
Guess Who's Coming to Dinner,-0.17799976131142198
Romeo Must Die,-0.05792417664325752
Here on Earth,0.032200344986204193
Whatever It Takes,0.026660685648640745
Buddy Boy,-0.03833194964070643
Gothic,-0.048015126811475496
Lord of the Flies,0.10225418753973094
Modern Times,0.19985345175397956
Heart and Souls,0.3342942929816651
Hud,-0.05695464334178829
"Hustler, The",-0.2702883433608056
Inherit the Wind,0.1503014032852363
Dersu Uzala,0.09655616748045316
Close Encounters of the Third Kind,1.6792569970671474
Jonah Who Will Be 25 in the Year 2000 (Jonas qui aura 25 ans en l'an 2000),-0.10269156571798498
Retroactive,-0.003247921232800535
"Place in the Sun, A",-0.08983774392588664
Jacob's Ladder,0.7968734026350561
Empire Records,0.5664549890763373
"Bamba, La",0.25922129122767673
Ladyhawke,0.7811921000878191
Lucas,0.22497015329353026
High Fidelity,1.235745462273147
"Road to El Dorado, The",0.20895621046344195
"Skulls, The",0.22527009166181974
Hook,0.9379651283427268
"Son of the Sheik, The",-0.034138125762912336
True Grit,0.19429608169965515
Madame Sousatzka,0.031635956436427325
Max Dugan Returns,0.27494150668895145
Midnight Express,0.3465016965941839
Misery,1.5207378358488532
Mr. Saturday Night,0.3769776150759584
Murphy's Romance,0.12333087176245491
My Life,0.023659093316258893
Solaris (Solyaris),0.08266294955266845
Network,0.2295049194673628
No Way Out,0.4321389441194846
North Dallas Forty,0.19901317545893396
"Odd Couple, The",0.2820698076942007
"Outlaw Josey Wales, The",0.5070222130804622
Frequency,0.7541624511882068
Ready to Rumble,0.2271194297748518
Return to Me,-0.016751004317883053
Rules of Engagement,0.018796095648036554
Joe Gould's Secret,-0.036011345108606665
Me Myself I,0.21855055240028015
"Bell, Book and Candle",0.11571599321425613
Force 10 from Navarone,0.27410035020753976
Mystery Train,-0.11540538859184932
Arthur,0.531423648981253
Bachelor Party,0.3569917532818615
Parenthood,0.6861312024792688
Predator,2.157758768725841
"Prince of Tides, The",-0.0077335928220030395
"Postman Always Rings Twice, The",0.280206278752702
All the Vermeers in New York,-0.06001890851434447
28 Days,0.9254474045718107
American Psycho,0.8476275334085218
Keeping the Faith,0.16510033618028155
Where the Money Is,-0.03493142141714254
East is East,-0.04242149737093098
"Filth and the Fury, The",-0.0308818055002781
Diner,0.2293314747311528
Shakes the Clown,0.0962501408777076
Cabaret,-0.03495490884307065
What Ever Happened to Baby Jane?,-0.04866130681698771
Auntie Mame,0.19755527826056088
Guys and Dolls,0.18678533478540435
The Hunger,0.6248311309700383
Marathon Man,0.1919057866372475
Caddyshack,1.5587976266019228
Gossip,-0.18038111121497913
Love and Basketball,-0.07132853608072771
U-571,0.3244663966199946
"Virgin Suicides, The",-0.2382007444803829
Jennifer 8,0.06379920353912938
Limelight,-0.03967957727468944
"Crow: Salvation, The",0.10796275974332897
"Flintstones in Viva Rock Vegas, The",0.0377436691450841
Where the Heart Is,0.10448650401701345
"Big Kahuna, The",-0.0005094661383876837
Bossa Nova,-0.0004088613519062795
Smiling Fish and Goat on Fire,0.01900250886094681
"Idiots, The (Idioterne)",0.07578550886734675
Time Code,-0.08865809048253283
Carnosaur,0.17705937694111468
Carnosaur 2,0.06152570873272365
Carnosaur 3: Primal Species,0.05265461240979639
"Hidden, The",0.048624536981026145
Two Moon Junction,0.14596005552652025
Gladiator,1.483883529138092
Up at the Villa,-0.04826044362261935
Human Traffic,-0.07189683364854284
Breathless,0.13564293691024215
The Idolmaker,-0.048015126811475496
Inferno,-0.10389888660365613
"Lords of Flatbush, The",0.010599235169260568
Mr. Mom,0.3360457675580791
"Time Masters (Maîtres du temps, Les)",-0.09128483736359383
Battlefield Earth,0.24359073555351662
Center Stage,0.11096802594564893
Screwed,0.008184671219786784
Whipped,-0.01189570018141875
Hamlet,-0.056165950564854225
Anchors Aweigh,-0.01908793906253348
Gypsy,-0.0038340790450485797
On the Town,-0.02223597384188413
Pee-wee's Big Adventure,0.8058028677145196
Regret to Inform,-0.02609148098509951
Honeymoon in Vegas,0.19389141763178797
Dinosaur,0.209066977520599
Loser,0.22331588367795419
Road Trip,0.48474085870393924
Small Time Crooks,0.08451304207081488
"Hollywood Knights, The",0.05208288462796832
"Twelve Chairs, The",0.11619658535619326
Mission: Impossible II,0.39868812303691603
Shanghai Noon,0.32027865031160424
Better Living Through Circuitry,0.013706657048957972
8 ½ Women (a.k.a. 8 1/2 Women) (a.k.a. Eight and a Half Women),-0.09183944063426883
Carnival of Souls,-0.10195753501779953
Flying Tigers,0.13231647242110603
"Gold Rush, The",-0.3112677355708957
Monsieur Verdoux,-0.1789203982235136
On Her Majesty's Secret Service,0.4198672589585505
Seven Days in May,-0.005379901570061998
"Spy Who Loved Me, The",0.285332713013288
Vagabond (Sans toit ni loi),-0.06001890851434447
Moonraker,0.7958096382705652
"Man with the Golden Gun, The",0.6829264566748776
"King in New York, A",-0.09245681922197976
"Woman of Paris, A",-0.1301054026098265
"Fighting Seabees, The",0.15308411210690132
Big Momma's House,0.16262642289125984
"Abominable Snowman, The (Abominable Snowman of the Himalayas, The)",0.01877563401755112
American Gigolo,0.10745317608149436
"City of the Living Dead (a.k.a. Gates of Hell, The) (Paura nella città dei morti viventi)",0.08876581268166425
"Endless Summer, The",0.24351736338323052
"Guns of Navarone, The",0.16162974394074833
Blow-Out (La grande bouffe),-0.14091862533357677
Quatermass and the Pit,0.07812432694195245
Puppet Master,0.1646073281101086
Puppet Master II,0.15796383722938923
Puppet Master III: Toulon's Revenge,0.27416042258558243
Puppet Master 4,0.10530922481959278
Puppet Master 5: The Final Chapter,0.10530922481959278
Rent-A-Cop,0.02401452996574075
Romeo and Juliet,-0.07290758792077348
Stay Tuned,-0.05080370458882147
Blazing Saddles,1.8088532870966132
Benji,0.5067982480372484
Benji the Hunted,0.34231622103776727
For the Love of Benji,0.07904315898878542
White Christmas,0.02713399858172919
Eraserhead,0.1481811551103036
Baraka,-0.08539949058171843
"Man with the Golden Arm, The",0.2632730620489818
"Decline of Western Civilization, The",-0.008769092364142932
"Decline of Western Civilization Part II: The Metal Years, The",-0.04599833956884766
For a Few Dollars More (Per qualche dollaro in più),0.2845775916696589
Magnum Force,0.10350414879119535
Blood Simple,0.34821588471954845
"Fabulous Baker Boys, The",0.07910554465914335
Prizzi's Honor,0.27282085669992656
Flatliners,0.37356362543662625
Light Years (Gandahar),-0.10142759707065965
Porky's,0.34086921776657786
Porky's II: The Next Day,0.1319351719188094
Porky's Revenge,0.14154580030199032
Private School,0.15796383722938923
Class of Nuke 'Em High,0.11619658535619326
"Toxic Avenger, The",0.43096917559168596
"Toxic Avenger, Part II, The",0.17861589942040085
"Toxic Avenger Part III: The Last Temptation of Toxie, The",0.17861589942040085
Night of the Creeps,0.005193332636605056
Predator 2,0.8969619309719111
"Running Man, The",1.4276478904684156
Starman,0.41299601637161637
"Brother from Another Planet, The",-0.05080370458882147
Alien Nation,0.7011645987890142
Mad Max,1.457762825466529
"Road Warrior, The (Mad Max 2)",1.737794199036849
Mad Max Beyond Thunderdome,1.391396195940373
Bird on a Wire,0.4592508264307013
Angel Heart,0.2065460255416881
9 1/2 Weeks (Nine 1/2 Weeks),0.16105817200223624
Firestarter,0.6829153647866433
Sleepwalkers,-0.04064296367105718
Action Jackson,0.08250335666623451
Sarafina!,0.08500271063682702
Soapdish,0.11811979879741633
"Long Walk Home, The",-0.005379901570061998
Clara's Heart,-0.018636772132213868
Burglar,0.19943638635985722
Fatal Beauty,0.020767639685795113
Gone in 60 Seconds,0.39803587034938254
Love's Labour's Lost,-0.009413817572192002
Sunshine,0.05679973482549773
Hamlet,-0.15786517960443816
Coming Home,0.042226130641995256
American Pop,0.07934387024235576
Assault on Precinct 13,0.035369227454105666
Near Dark,0.20015193352542474
One False Move,0.13851771383752565
Shaft,0.2022068812678178
"Conversation, The",-0.059709576611129585
Cutter's Way,0.0623029190573854
"Fury, The",0.032041479832282525
"Paper Chase, The",0.03823398076763796
Serpico,-0.045405025251201596
"Ace in the Hole (Big Carnival, The)",0.10445681712438581
Lonely Are the Brave,-0.0845994553531563
"Sugarland Express, The",0.038845438942707276
Trouble in Paradise,-0.02609148098509951
Big Trouble in Little China,1.336695181698692
Badlands,-0.07846531753761447
Battleship Potemkin,-0.039367780940227644
Boys and Girls,0.10956523107255595
Shaft,0.16694377506392777
Titan A.E.,0.46096084641746543
Butterfly (La lengua de las mariposas),0.047968380432876954
Jesus' Son,0.017312064340636476
Chicken Run,0.9582371428945397
"Me, Myself & Irene",0.5165857356447275
"Patriot, The",0.6165885958005968
"Adventures of Rocky and Bullwinkle, The",0.2842312974716853
"Perfect Storm, The",0.41620175122965397
"Golden Bowl, The",0.02693239134842974
Communion,0.27292136869657085
"Kentucky Fried Movie, The",0.12508409291457084
"Blood In, Blood Out",-0.003247921232800535
F/X,0.8749897924359885
F/X2 (a.k.a. F/X 2 - The Deadly Art of Illusion),0.10461877275563407
"Hot Spot, The",-0.02543835399541083
Missing in Action,0.15871590948090095
Missing in Action 2: The Beginning,0.11054089551942227
Braddock: Missing in Action III,0.05616955120011226
Thunderbolt and Lightfoot,0.2038523066664922
Dreamscape,0.20499098561653992
The Golden Voyage of Sinbad,0.16886280968272674
House Party,0.09473888815960117
House Party 2,0.04350451404670501
Croupier,0.15771702162138648
"Kid, The",0.21656268084249947
Scary Movie,0.4805957965014433
But I'm a Cheerleader,0.09912930347355856
Shower (Xizao),-0.0023458559230693826
Blow-Up (Blowup),0.038983661095341175
"Pawnbroker, The",-0.02609148098509951
Groove,0.05434570544634557
Footloose,0.12395392072504867
Duel in the Sun,-0.06001890851434447
X-Men,1.8005891830873022
Chuck & Buck,0.007498375129865782
"Five Senses, The",-0.01495673022278161
"In Crowd, The",0.14036812956900474
What Lies Beneath,0.2555642950764467
Pokémon the Movie 2000,0.1412260362641221
Anatomy of a Murder,0.05415435203169756
Freejack,0.14235496890144173
Mackenna's Gold,0.050768194559591015
Sinbad and the Eye of the Tiger,0.030083390134230684
"Two Women (Ciociara, La)",-0.09245681922197976
What About Bob?,1.2044270816993088
White Sands,0.1536667276594565
Breaker Morant,0.19140192323475488
Everything You Always Wanted to Know About Sex * But Were Afraid to Ask,0.19064260593562996
Interiors,0.09774095241145295
Love and Death,0.19014853717474278
"Official Story, The (La historia oficial)",-0.029818835411542108
Tampopo,0.14545429368055746
Nutty Professor II: The Klumps,0.006484399294971997
"Girl on the Bridge, The (Fille sur le pont, La)",-0.11165220235649642
Wonderland,0.009236899682568885
Autumn in New York,0.012550170216713457
Coyote Ugly,0.2984741827349199
Hollow Man,0.27667475089991006
Space Cowboys,0.1526393897876414
Psycho Beach Party,-0.04384827785247188
Saving Grace,-0.15512151329811805
"Black Sabbath (Tre volti della paura, I)",0.10416576925593664
"Brain That Wouldn't Die, The",0.04203013425951415
Bronco Billy,0.13005488308639238
"Crush, The",0.11609582811707789
Kelly's Heroes,0.5199282185352013
Phantasm II,0.1337393970486976
Phantasm III: Lord of the Dead,-0.030665559712565117
Phantasm IV: Oblivion,0.05142206301179796
Pumpkinhead,0.1916195168159896
Air America,0.2698679493345391
Sleepaway Camp,0.2284694583025357
Steel Magnolias,0.29105419611336897
And God Created Woman (Et Dieu... créa la femme),0.13927575616584764
Easy Money,0.22088109161382294
"Ilsa, She Wolf of the SS",0.013706657048957972
The Spiral Staircase,-0.035198736981604195
I'm the One That I Want,0.012245135749370386
"Tao of Steve, The",0.04608931832008924
"Affair of Love, An (Liaison pornographique, Une)",-0.1267344396439109
Bless the Child,0.1183544169088858
Cecil B. DeMented,0.16700000934037332
"Eyes of Tammy Faye, The",-0.041913883219820376
"Replacements, The",0.13140172754713159
About Adam,0.024571383019215284
"Cell, The",0.6565503215692421
Godzilla 2000 (Gojira ni-sen mireniamu),0.026927075853300394
"Original Kings of Comedy, The",-0.3092788259769846
"Naked Gun: From the Files of Police Squad!, The",0.8849445131336839
"Naked Gun 2 1/2: The Smell of Fear, The",0.6836809276545677
Our Town,-0.022364126558656473
Shane,-0.014276734350995173
"Suddenly, Last Summer",-0.010734166129207025
Cat Ballou,0.04138289055416729
Supergirl,0.22706379121635578
"Art of War, The",-0.10919603690853118
Bring It On,-0.059451347394661486
"Crew, The",-0.023547360237076098
Skipped Parts,-0.003247921232800535
Highlander: Endgame (Highlander IV),-0.10193667746199181
Nurse Betty,0.12694760049200374
Solas,0.04927877853510189
"Watcher, The",-0.0012179704623002125
"Way of the Gun, The",-0.2560722088309621
Almost Famous,0.580122329269024
Bait,-0.0580797735745068
Circus,0.0004357666977092913
Crime and Punishment in Suburbia,0.027413314097915944
Duets,0.06524396370843635
Under Suspicion,-0.10409255518592447
Urban Legends: Final Cut,-0.05399834510261376
Woman on Top,-0.04227560955473752
Dancer in the Dark,0.02636257916761734
Best in Show,0.561409347932421
Beautiful,0.02468908318090204
"Broken Hearts Club, The",-0.026123220887142223
Girlfight,0.07389716319673832
Remember the Titans,-0.011627229564497627
Hellraiser,0.5244533124304986
Hellbound: Hellraiser II,0.33664327845253617
Hellraiser III: Hell on Earth,-0.03833194964070643
"Faraway, So Close (In weiter Ferne, so nah!)",-0.09245681922197976
Bikini Beach,0.020767639685795113
Stranger Than Paradise,-0.23892282274947874
Voyage to the Bottom of the Sea,0.050768194559591015
Fantastic Voyage,0.2631255904028005
Abbott and Costello Meet Frankenstein,0.024499286828403105
"Bank Dick, The",-0.017183596903188013
"Creature from the Black Lagoon, The",0.1829621060862655
"Invisible Man, The",0.007140248489784266
"Killer Shrews, The",0.004092335609893392
Runaway,0.0791910872218786
"Slumber Party Massacre, The",0.14778545530804432
Slumber Party Massacre II,0.016893148613528253
Slumber Party Massacre III,0.016893148613528253
Sorority House Massacre,0.016893148613528253
Sorority House Massacre II,0.016893148613528253
Bamboozled,-0.023243895329323805
Digimon: The Movie,-0.10838405660033104
Get Carter,0.09863606136624041
Get Carter,-0.1344862566199808
Meet the Parents,0.5772286503799424
Requiem for a Dream,0.7116517040327349
Tigerland,0.10573160705172176
Two Family House,0.03426664262239485
"Contender, The",0.0036860555676043755
Dr. T and the Women,-0.031515487113634714
"Ladies Man, The",0.10563047797858224
Billy Jack,0.10628427126522964
Billy Jack Goes to Washington,0.006757259445411298
"Time Machine, The",0.16689234678440135
Ghoulies II,-0.030482222753292827
"Unsinkable Molly Brown, The",-0.026352142385677183
"Adventures of Ichabod and Mr. Toad, The",0.08064913010729108
"Strange Love of Martha Ivers, The",-0.02609148098509951
Detour,-0.018813860738473732
Billy Elliot,-0.1392372456676956
Bedazzled,0.1450866905305899
Pay It Forward,-0.16191815497266998
"Private Eyes, The",0.032131422427377106
"Legend of Drunken Master, The (Jui kuen II)",0.03260734876320367
Book of Shadows: Blair Witch 2,-0.09106787785495082
"Little Vampire, The",0.050768194559591015
Charlie's Angels,0.29466975070864815
"Legend of Bagger Vance, The",-0.18016760419639552
Little Nicky,0.12917737762350595
Men of Honor,-0.17500866725852002
Red Planet,-0.06936308877099909
You Can Count on Me,-0.12170412589614303
Diamonds Are Forever,0.5268268972110909
"Eagle Has Landed, The",0.11130754637563929
"6th Day, The",0.1588976237906246
Bounce,-0.0066776139709787
How the Grinch Stole Christmas (a.k.a. The Grinch),0.13148338537827192
One Day in September,-0.041642256738600086
Rugrats in Paris: The Movie,0.1252808598228126
102 Dalmatians,0.08059903894853569
Malèna,0.049190632548052136
Quills,0.03796968465169051
Unbreakable,1.397076405091283
"Crouching Tiger, Hidden Dragon (Wo hu cang long)",0.38225425133071095
Dungeons & Dragons,-0.004110761929370088
Proof of Life,-0.1204059405349732
Vertical Limit,-0.03528363996937072
"Bounty, The",0.27103495084636553
"Planes, Trains & Automobiles",1.0415758415736598
She's Having a Baby,0.2174505011964073
"Living Daylights, The",0.29428418098475434
Transformers: The Movie,0.25749843586093973
Wall Street,0.4799497676287798
Born on the Fourth of July,0.29592201609907387
Talk Radio,0.11307111361697642
Brewster's Millions,0.2795735714598534
Snatch,1.4401324930649169
Punchline,0.12297144142599774
Chocolat,0.08708586084904582
"Dude, Where's My Car?",0.09080507671552973
"Emperor's New Groove, The",0.3867418421517219
Pollock,-0.1420427102273902
What Women Want,-0.11474433994246724
Finding Forrester,-0.00665898066943514
"Gift, The",-0.1317601161147705
Before Night Falls,0.2380429453405766
Cast Away,0.4698803617197219
"Family Man, The",-0.06848167666259256
"House of Mirth, The",-0.057639463285376814
Miss Congeniality,0.102703934619408
"O Brother, Where Art Thou?",1.038796086521004
State and Main,-0.09164553843933815
Dracula 2000,-0.009937473853399771
All the Pretty Horses,-0.051322933273270775
"Everlasting Piece, An",-0.003247921232800535
Thirteen Days,0.1858327123437962
Traffic,0.9384561528439168
"Claim, The",-0.054678800580942426
Shadow of the Vampire,0.0914195394550605
House of Games,-0.014891815987286209
Annie,-0.017788967684309515
Don't Tell Mom the Babysitter's Dead,0.3906378235436282
"Officer and a Gentleman, An",0.2117685171379779
"Alamo, The",0.1405612562011811
At Close Range,0.16469031780225804
Friendly Persuasion,-0.029818835411542108
Gettysburg,0.1345188354641966
Horrors of Spider Island (Ein Toter Hing im Netz),0.004092335609893392
Antitrust,0.19378920541180122
Double Take,0.03455932980196818
Save the Last Dance,-0.044438391282546424
Panic,0.11710294070322141
"Pledge, The",-0.2663369657670776
The Man in the Moon,0.009078534309169892
Mystic Pizza,0.006621614459302483
Prelude to a Kiss,-0.05691970145222669
Coffy,-0.05366472949698903
Foxy Brown,-0.03833194964070643
I'm Gonna Git You Sucka,0.07070026337544337
Untamed Heart,0.07502674873268046
Sugar & Spice,0.018205690235646395
"Wedding Planner, The",-0.05748305382816649
"Legend of Rita, The (Stille nach dem Schuß, Die)",0.0073470814496222284
"With a Friend Like Harry... (Harry, un ami qui vous veut du bien)",-0.05253935343072593
Amazing Grace and Chuck,0.02425331648319272
Amazon Women on the Moon,0.07612704525572042
Baby Boom,0.1318723562442899
Back to the Beach,0.1078338185892224
Barfly,0.019206888261345076
Best Seller,-0.015073977124356517
Beverly Hills Cop II,0.4380538852604434
Beverly Hills Cop,1.01693999849453
"Big Easy, The",0.3509551386206711
Born in East L.A.,0.013706657048957972
"Brave Little Toaster, The",0.027271289475123257
Can't Buy Me Love,0.10650232482242013
Cherry 2000,0.07109487545752119
Cop,0.009771489308928004
Eddie Murphy Raw,0.15042832574457798
Empire of the Sun,0.09696217510663264
Ernest Goes to Camp,0.038109603630469516
"Evil Dead, The",0.539000980061298
Flowers in the Attic,0.014427448564387201
"Fourth Protocol, The",0.050768194559591015
Gardens of Stone,0.018137534400489024
"Glass Menagerie, The",-0.07046179908259928
Hiding Out,0.013706657048957972
Hollywood Shuffle,-0.03265402610892764
Hope and Glory,0.1316903568986491
Innerspace,0.3377027432031047
Ishtar,0.013706657048957972
Jaws: The Revenge,0.015111809115274873
Leonard Part 6,-0.0033074123932853388
Less Than Zero,0.0043582331660640405
"Like Father, Like Son",-0.02452536025001517
"Lost Boys, The",1.2121948524019905
Made in Heaven,-0.007454708852885527
Maid to Order,0.047724844932337966
Making Mr. Right,-0.06680510114933484
Mannequin,0.08951317149057128
Masters of the Universe,0.1339423299183595
"Monster Squad, The",0.05986413396315334
My Demon Lover,-0.0006013803284065393
No Man's Land,0.020559985573436926
Head Over Heels,-0.024527695880957923
Left Behind: The Movie,0.019676492686590958
Valentine,0.10356011479527504
In the Mood For Love (Fa yeung nin wa),-0.17858516772350996
"Million Dollar Hotel, The",-0.08338504582100473
Nico and Dani (Krámpack),-0.06504350512406383
Hannibal,0.3974227288021762
Saving Silverman (Evil Woman),0.12450554471865828
Vatel,-0.10726184285752778
Down to Earth,0.18937711946508085
Recess: School's Out,0.018412980512409183
Sweet November,-0.10100743812673084
Company Man,0.016369342439573567
"Price of Milk, The",-0.0036539113869005573
Monkeybone,0.1633120239159237
3000 Miles to Graceland,-0.05139368605828687
"Widow of St. Pierre, The (Veuve de Saint-Pierre, La)",-0.03931533557864699
"Mexican, The",0.020550760594695308
"Caveman's Valentine, The",-0.02386433080152381
Series 7: The Contenders,-0.007562336256148852
15 Minutes,0.000200638490214127
Get Over It,0.05528373130210561
Long Night's Journey Into Day,-0.029818835411542108
Avalon,0.03695908390132641
Gray's Anatomy,-0.0553897166871422
Of Mice and Men,0.1879443948964897
Reform School Girls,0.16610974193461142
Tapeheads,0.027821706945398362
"Bishop's Wife, The",-0.029818835411542108
Lilies of the Field,-0.10143916283198022
"Greatest Story Ever Told, The",-0.018636772132213868
Elmer Gantry,-0.020567061905266748
Alfie,-0.09605369678410644
"Fantasticks, The",0.014772216585687016
"Abominable Dr. Phibes, The",-0.0257155408952094
Real Life,-0.060964445506585654
Battle Beyond the Stars,0.024554013659360312
Double Impact,-0.04005476231182851
Fuzz,0.06633801076915401
Harley Davidson and the Marlboro Man,0.1367635557036709
Losin' It,-0.007454708852885527
Mermaids,-0.066944520431771
Navy Seals,0.04705071150867988
Manhunter,0.15784635336885067
Reversal of Fortune,-0.17106405131502775
Death on the Nile,0.024554013659360312
Revenge of the Nerds,0.2537002387751478
Revenge of the Nerds II: Nerds in Paradise,0.11226841704900375
4 Little Girls,-0.03521084782079177
River's Edge,-0.02609148098509951
Girls Just Want to Have Fun,0.08040284988847271
"Longest Yard, The",0.05756782770771087
Necessary Roughness,0.03540288170318744
Enemy at the Gates,0.09117912931623093
Exit Wounds,0.0668558360666914
"Dish, The",-0.0961859187626367
Memento,0.8284980809339826
Heartbreakers,-0.1129705922496515
Say It Isn't So,0.0867718184051185
Someone Like You,0.054079336899175316
Spy Kids,0.2164314940908871
Tomcats,0.16065712295851722
"Tailor of Panama, The",0.006160858141759477
Amores Perros (Love's a Bitch),0.12809774348704156
Keep the River on Your Right: A Modern Cannibal Tale,-0.012095047808278308
"Gleaners & I, The (Les glaneurs et la glaneuse)",0.039803417251820725
Along Came a Spider,0.4289926893099975
Blow,0.6027483923421446
Just Visiting,-0.04064296367105718
Pokémon 3: The Movie,0.26520962150834004
Beautiful Creatures,0.013706657048957972
Brigham City,-0.0845994553531563
Bridget Jones's Diary,0.09124122963419803
Joe Dirt,0.032612977177892154
Josie and the Pussycats,0.04489824976346516
Chopper,-0.008217518604867585
"Circle, The (Dayereh)",-0.07355263536961006
Crocodile Dundee in Los Angeles,0.20824500861509546
Freddy Got Fingered,0.18148704333236051
"Center of the World, The",0.1810223699692364
"Luzhin Defence, The",-0.13331034595590074
"Visit, The",0.004898054299748153
Scarface,0.9224257147148661
Days of Wine and Roses,-0.005604560504445587
Driven,-0.05584912673822949
One Night at McCool's,0.10031724738941342
Town & Country,0.0027370316280633106
"Mummy Returns, The",-0.13531671975190088
Under the Sand,0.05955038016427225
Krull,0.1379823321258093
Lost in America,-0.014666159784929673
Triumph of the Will (Triumph des Willens),-0.022086872347560158
"World According to Garp, The",0.2962960280432376
Fellini Satyricon,5.546428667255988e-05
Frankie and Johnny,0.006236819724629508
Frankie and Johnny,-0.15632213425437227
"City of Women, The (Città delle donne, La)",-0.1263607589717723
For the Boys,0.013706657048957972
Nine to Five (a.k.a. 9 to 5),0.032700734250467524
Norma Rae,-0.09078328091812767
Summer Rental,0.0690487222560528
"5,000 Fingers of Dr. T, The",0.041630248702261265
Love Story,-0.1073662369277507
Pelle the Conqueror (Pelle erobreren),-0.02935985246063548
Rififi (Du rififi chez les hommes),-0.01924323778849556
"Knight's Tale, A",0.027752663258231523
Bread and Roses,0.10535520257265882
Startup.com,0.09037533115059468
Angel Eyes,-0.011311415270794446
Shrek,0.9821179822243338
"Fast Food, Fast Women",-0.0036539113869005573
Moulin Rouge,-0.02306968502366936
Pearl Harbor,-0.11906969714759856
Himalaya (Himalaya - l'enfance d'un chef),-0.008598031010690864
"Man Who Cried, The",-0.08374164789793269
Ice Castles,0.016765139382103368
Love Potion #9,0.14975301779680747
City Slickers,0.4095244939480224
Eight Men Out,0.12553310201509985
"Horse Soldiers, The",0.014041018521669371
"Night, The (Notte, La)",-0.08114207765652788
Mississippi Burning,0.16317374277587593
"Magnificent Seven, The",0.08543532245438296
Rio Bravo,0.07849002110310402
Throw Momma from the Train,0.05901332639025036
Yi Yi,0.0487254328830101
"Sand Pebbles, The",-0.0798578854673803
Twelve O'Clock High,0.009339565201972953
Von Ryan's Express,-0.06665290613138711
"Animal, The",0.27007281291663854
Big Eden,-0.01398256799711704
Evolution,0.17501625910330562
Swordfish,0.11455338987868133
"Anniversary Party, The",-0.06010916734696641
Divided We Fall (Musíme si pomáhat),-0.08296722349717553
Catch-22,0.15913819346506886
Forgotten Silver,-0.0027982707572017196
Point Break,0.4700593464410512
Uncommon Valor,0.020559985573436926
Unlawful Entry,0.027971508150930517
Youngblood,0.020727166309792624
Gentlemen Prefer Blondes,-0.13464692106055562
How to Marry a Millionaire,-0.10401392162472736
"Seven Year Itch, The",-0.07429256604310651
Tootsie,0.3568355332479195
Atlantis: The Lost Empire,0.07058666013483043
Lara Croft: Tomb Raider,0.017440393563360565
Dr. Dolittle 2,-0.10169746527600251
"Fast and the Furious, The",0.251240810316188
A.I. Artificial Intelligence,0.570658028701604
Baby Boy,0.0069554267363495905
Crazy/Beautiful,-0.014941410202907486
Pootie Tang,0.08722957226445482
Let It Snow,0.0005882013592287467
Sexy Beast,-0.3150749847688624
"Princess and the Warrior, The (Krieger und die Kaiserin, Der)",0.07449391249173481
"Closet, The (Placard, Le)",0.09055382115981898
"Crimson Rivers, The (Rivières pourpres, Les)",-0.10820103087658578
Lumumba,-0.019592415665356678
Cats & Dogs,0.14656977817401098
Kiss of the Dragon,-0.1729455748557758
Scary Movie 2,-0.05705486813028092
Lost and Delirious,0.03972663882266256
Rape Me (Baise-moi),-0.0940134663803232
Alice,-0.17381104850229526
Another Woman,-0.0689975093532716
Beach Blanket Bingo,-0.030482222753292827
Big Deal on Madonna Street (I Soliti Ignoti),-0.09245681922197976
"Cannonball Run, The",0.3340472463710488
Cannonball Run II,0.06877935417212969
"Diary of a Chambermaid (Journal d'une femme de chambre, Le)",-0.06127565513845773
Dr. Goldfoot and the Bikini Machine,0.0139074794250468
"Fall of the House of Usher, The (House of Usher)",-0.00426577915075019
Faust,-0.012781072051758248
"Man Who Shot Liberty Valance, The",0.07138563108129455
Salvador,-0.0036539113869005573
September,-0.05366472949698903
Shadows and Fog,0.03831245784461324
Something Wild,0.02418337920065203
"Thing with Two Heads, The",0.018233258372371584
All That Heaven Allows,0.005050197050114815
"Barefoot Contessa, The",-0.036011345108606665
Cries and Whispers (Viskningar och rop),-0.06079619886323372
"Garden of the Finzi-Continis, The (Giardino dei Finzi-Contini, Il)",-0.0878161097256865
Kiss Me Deadly,-0.10601724808319188
"Lion in Winter, The",-0.15119910360254862
"Misfits, The",-0.10580063882521283
Moby Dick,-0.0534285029488369
Sweet Smell of Success,-0.11220091971371268
Written on the Wind,-0.086110389499444
"10th Victim, The (La decima vittima)",0.01877563401755112
Obsession,-0.036011345108606665
Suspiria,-0.2450409055631655
"Fist of Fury (Chinese Connection, The) (Jing wu men)",0.1760750087652709
Christiane F. (a.k.a. We Children from Bahnhof Zoo) (Christiane F. - Wir Kinder vom Bahnhof Zoo),0.028020257892976116
"Big Boss, The (Fists of Fury) (Tang shan da xiong)",-0.025674019552153347
Game of Death,-0.10651324968235375
"Last Dragon, The",0.02372607816902822
Outland,-3.551002923045434e-05
"Way of the Dragon, The (a.k.a. Return of the Dragon) (Meng long guo jiang)",0.09677807551487204
T-Rex: Back to the Cretaceous,0.07904315898878542
Final Fantasy: The Spirits Within,-0.01871487731593762
Legally Blonde,-0.08873991545343696
"Score, The",0.17479602305340627
Adanggaman,0.008842671029744734
Bully,0.13450361994993243
Jump Tomorrow,0.023986649835676346
Made,0.041097645609852566
Michael Jordan to the Max,-0.06835976636122527
More,0.07099966853187203
Africa: The Serengeti,0.027413314097915944
Alaska: Spirit of the Wild,0.06769092607945469
18 Again!,-0.008056089181292182
1969,0.013706657048957972
"Accidental Tourist, The",-0.03164937861058211
"Accused, The",-0.12853778969326643
Above the Law,0.05130273853496496
"Adventures of Baron Munchausen, The",0.07016097109247922
Ariel,-0.040773800743607626
Arthur 2: On the Rocks,0.02828343873715653
Bat*21,0.050768194559591015
Beaches,-0.007547331262376919
"Beast of War, The (Beast, The)",0.027413314097915944
Big Business,-0.01197259532965552
Big Top Pee-Wee,0.10090377206483744
Biloxi Blues,0.005049187539259317
"Blob, The",0.14517637231820515
"Bright Lights, Big City",0.059181455990279165
Caddyshack II,-0.016489504983357446
Camille Claudel,-0.11854830020707899
Cocktail,-0.08715807180730767
Colors,0.009539503389798224
Coming to America,0.2659638712477863
"Couch Trip, The",-0.04064296367105718
Critters,0.14035534962739904
Crossing Delancey,-0.037273544264427735
D.O.A.,0.040294503685273514
Dead Heat,-0.10838405660033104
"Dead Pool, The",0.09149148420193073
Dirty Rotten Scoundrels,0.4260230573249257
Drowning by Numbers,0.024214274907096486
Ernest Saves Christmas,0.0842242572468172
Feds,-0.030482222753292827
For Keeps,0.01818998736239456
Frantic,-0.09109596776622708
Gorillas in the Mist,-0.18380034774502504
"Great Outdoors, The",0.14802548462402748
High Spirits,-0.04064296367105718
Johnny Be Good,0.0963149058130047
Lady in White (a.k.a. The Mystery of the Lady in White),0.018255343068975506
The Lair of the White Worm,0.14319865202617826
"Land Before Time, The",0.3604056587590014
License to Drive,0.07292653640752635
Little Nikita,-0.022364126558656473
Masquerade,0.016922731519863673
Milagro Beanfield War,0.04235180930758556
Moon Over Parador,0.020559985573436926
My Stepmother Is an Alien,0.060546144596800536
"Night in the Life of Jimmy Reardon, A",-0.01010557413912815
Bagdad Cafe (Out of Rosenheim),-0.14930376040222013
Red Heat,0.02429204993297809
"Return of the Living Dead, The",0.013062924421805759
Return to Snowy River (a.k.a. The Man From Snowy River II),-0.03562788456946881
"Man from Snowy River, The",-0.012873405986777229
Running on Empty,0.04360213706138325
"Serpent and the Rainbow, The",0.10316823433748368
Short Circuit 2,0.17694574675680103
Short Circuit,0.3820699029802785
"Vanishing, The (Spoorloos)",-0.10669688142036701
"Tetsuo, the Ironman (Tetsuo)",-0.1507678155243495
They Live,0.2337501410242595
Tucker: The Man and His Dream,0.04259980111912325
Twins,-0.00867788054551528
Without a Clue,0.039803417251820725
Young Einstein,-0.04727279101590749
Always,0.13704726932379682
American Ninja,0.06186410995546025
Best of the Best,-0.05080370458882147
Bill & Ted's Excellent Adventure,1.2118477734256101
Black Rain,0.02531060817415307
Blaze,0.013706657048957972
Blind Fury,-0.1874125115403053
Casualties of War,0.09951432295058293
Chances Are,-0.05657370373839221
Cyborg,-0.012785053325355919
Dad,0.05097903221170599
Disorganized Crime,0.027413314097915944
Dream a Little Dream,0.027821706945398362
"Dream Team, The",0.053473998075468626
Earth Girls Are Easy,0.0718245259845115
Eddie and the Cruisers,-0.03436790826152561
Erik the Viking,0.0670617863661293
Family Business,-0.09842847568479446
Farewell to the King,-0.060964445506585654
Fat Man and Little Boy,0.023986649835676346
Gleaming the Cube,-0.04064296367105718
Great Balls of Fire!,0.08451048007759218
Gross Anatomy (a.k.a. A Cut Above),0.008776541965701875
Harlem Nights,0.0868465596508949
Her Alibi,-0.05080370458882147
How to Get Ahead in Advertising,-0.018654626151517594
"Innocent Man, An",-0.017807967368750333
"January Man, The",0.013706657048957972
Johnny Handsome,0.05097903221170599
Jesus of Montreal (Jésus de Montréal),0.15668522568657858
K-9,0.056127643120966415
Kickboxer,-0.03833194964070643
Last Exit to Brooklyn,-0.09245681922197976
Lean on Me,0.09249831245765924
Let It Ride,-0.006376321048662194
Little Monsters,0.011250337664804638
Look Who's Talking,0.1400923122861746
Loverboy,0.04727246683007458
Major League,0.2932605640476161
Meet the Feebles,0.10009212349145491
Millennium,-0.03481714733665655
Miracle Mile,0.08207881946421092
New York Stories,-0.08046228322714567
Next of Kin,0.07670603589634054
No Holds Barred,0.008184671219786784
"Package, The",-0.06917389144196291
Penn & Teller Get Killed,0.16487312146177635
Pink Cadillac,-0.007454708852885527
"Punisher, The",0.025285562141072908
Jurassic Park III,0.49765134959319
America's Sweethearts,-0.08374366785894599
Brother,-0.029391470523084922
Ghost World,0.345011787950313
Hedwig and the Angry Inch,0.2315955651955867
Planet of the Apes,0.6927099847065449
Bread and Tulips (Pane e tulipani),-0.1292199792620842
Cure,0.10620573454295132
Greenfingers,-0.0017862910819198404
Wet Hot American Summer,-0.11421801148549075
"Return of the Musketeers, The",-0.06934261441648473
Road House,0.14143740154023574
Santa Sangre,5.546428667255988e-05
Scenes from the Class Struggle in Beverly Hills,0.032738684879147134
Sea of Love,0.09136380860207101
"See No Evil, Hear No Evil",0.01227755530722188
She's Out of Control,0.027839982954447846
Skin Deep,0.020559985573436926
"Stepfather, The",-0.05080370458882147
Sweetie,-0.08089971681923226
"Tall Guy, The",-0.012384823936141681
Tango & Cash,0.021076844579476995
Three Fugitives,0.006853328524478986
Troop Beverly Hills,0.0736752305620451
Turner & Hooch,0.1553175181856875
UHF,0.20198285720881487
Uncle Buck,0.37533312823430237
"War of the Roses, The",-0.054207578302705485
"Wizard, The",0.06755071232006424
Weekend at Bernie's II,0.019736535215418634
Billy Liar,-0.05366472949698903
Black Robe,-0.056883107592180404
"Cat o' Nine Tails, The (Gatto a nove code, Il)",-0.08089971681923226
"Cotton Club, The",-0.11691106192783893
Who'll Stop the Rain,-0.048015126811475496
Basket Case,-0.05963353639301247
Original Sin,-0.0335074907912655
"Princess Diaries, The",-0.22132862153659405
Rush Hour 2,-0.16003354228494673
Chocolat,-0.1322007155470344
Hatari!,-0.022364126558656473
"Cage aux Folles, La",-0.036011345108606665
Marat/Sade,0.126079568395834
Paint Your Wagon,0.05668543608673751
"Shootist, The",0.00727762024662567
Theremin: An Electronic Odyssey,-0.043315015864356966
Altered States,0.26307918950738723
Any Which Way You Can,0.02581379450250617
"Awakening, The",0.00039213423948584417
"Battle Creek Brawl (Big Brawl, The)",0.024214274907096486
American Pie 2,0.09178892287280692
Osmosis Jones,-0.10181698156865902
"Others, The",0.21900185161566418
American Outlaws,-0.09502415587221054
All Over the Guy,-0.0438322543942047
"Deep End, The",-0.008839170666811261
Session 9,-0.09220924348377589
Captain Corelli's Mandolin,-0.15384461595729357
Rat Race,-0.16980442104278545
Bubble Boy,0.015463005195198314
"Curse of the Jade Scorpion, The",0.015002879336418862
Jay and Silent Bob Strike Back,0.5347888367886116
Ghosts of Mars,0.1737989751911489
Summer Catch,-0.12152936508937391
Happy Accidents,-0.07336033421356583
Maybe Baby,-0.015901774858667186
Together (Tillsammans),-0.10298059135911813
Tortilla Soup,-0.10437111146983197
Jeepers Creepers,0.14497182827227215
O,-0.05241487321812411
3 Ninjas,0.11504828456047284
3 Ninjas Kick Back,-0.004457621439744909
3 Ninjas Knuckle Up,0.0069554267363495905
"Wicker Man, The",0.16288911296451442
"Musketeer, The",0.0028619699841918363
Rock Star,0.010672953012488155
Two Can Play That Game,0.04917116422342476
L.I.E.,-0.00835667696418937
"Our Lady of the Assassins (Virgen de los sicarios, La)",-0.048015126811475496
Into the Arms of Strangers: Stories of the Kindertransport,-0.022364126558656473
"Glass House, The",-0.05598237650061145
Hardball,0.1222511048750182
Dinner Rush,-0.014380657558518303
Haiku Tunnel,0.010941659062859975
Big Trouble,-0.04787894974769451
Glitter,0.004092335609893392
Training Day,0.4829083348716134
"American Astronaut, The",0.017133321311197425
Liam,-0.010300906356779816
Sidewalks of New York,0.062143063499981985
"Endurance: Shackleton's Legendary Antarctic Expedition, The",0.015474674302053324
"French Lieutenant's Woman, The",-0.061614939430791014
"Great Silence, The (Grande silenzio, Il)",0.00039968931164337213
"Legend of Hell House, The",-0.012003781702868874
Little Man Tate,-0.16530680229473418
Moscow Does Not Believe in Tears (Moskva slezam ne verit),-0.10142759707065965
Phantom of the Paradise,-0.11032047709651199
13 Ghosts,0.09714414029811097
Opera,-0.2614744554465365
Father Goose,-0.021960871274985833
"Grass Is Greener, The",-0.09543409540158396
Indiscreet,-0.02609148098509951
"It's a Mad, Mad, Mad, Mad World",0.06221428992056298
King Solomon's Mines,0.05900318585719518
"Little Foxes, The",0.04922432357724334
Operation Petticoat,-0.11757295397722992
Play Misty for Me,-0.0191734389101084
Pocketful of Miracles,-0.02609148098509951
"Vanishing, The",-0.020513747453604566
Silkwood,-0.04741535879405049
I Never Promised You a Rose Garden,-0.024007563405737748
Quadrophenia,-0.0272554846385382
SpaceCamp,0.02225132616958986
When Worlds Collide,0.10625338829603377
Don't Say a Word,0.1664175962148454
Hearts in Atlantis,-0.07500100356695355
Zoolander,0.338940777509713
Extreme Days,0.013706657048957972
Joy Ride,0.11316550006899263
Max Keeble's Big Move,-0.09470328924100178
Serendipity,-0.2754493835156126
"Swamp, The (Ciénaga, La)",0.10445681712438581
"Big Red One, The",0.053145823438596994
"Boogeyman, The",0.00039213423948584417
"Party, The (Boum, La)",-0.08089971681923226
Brubaker,-0.009487566001816288
Can't Stop the Music,0.018137534400489024
"Changeling, The",0.04831416976291525
Coal Miner's Daughter,0.014210071776481219
"Competition, The",0.005018635554773636
"Last Metro, The (Dernier métro, Le)",-0.09245681922197976
Bandits,-0.0702832639456769
Corky Romano,0.015277030916731195
Iron Monkey (Siu nin Wong Fei-hung ji: Tit Ma Lau),-0.02738940059111599
Fat Girl (À ma soeur!),-0.06376639550803481
Mulholland Drive,0.13304241970823086
My First Mister,-0.04365238116594951
Spriggan (Supurigan),0.13319948109189442
Bones,-0.021985781059880003
Dirty Harry,0.6608824696312
Fiddler on the Roof,-0.0043507376349537835
Making the Grade,-0.014909417705771054
Not Without My Daughter,-0.029349267973751376
Female Trouble,-0.003439950088310606
Titanica,0.002750115606193558
From Hell,0.24026329373873548
"Last Castle, The",-0.05440325955919751
Riding in Cars with Boys,0.009525966002475735
Focus,-0.02609148098509951
Waking Life,0.3302676153310038
K-PAX,0.30110762921469186
Thirteen Ghosts (a.k.a. Thir13en Ghosts),0.1384831327815
Better Than Sex,-0.019979816639663125
Donnie Darko,0.8076679745157108
High Heels and Low Lifes,-0.002435940924600425
Life as a House,-0.09152285784674834
"Man Who Wasn't There, The",-0.09105341771871059
"Town is Quiet, The (Ville est tranquille, La)",-0.09245681922197976
Domestic Disturbance,0.027821706945398362
"Monsters, Inc.",0.5138680498434409
"One, The",0.1406707135780582
Tape,0.0225408477991012
Heist,-0.1339084687040695
Shallow Hal,-0.10215186818217317
When a Stranger Calls,0.0859579009308669
Harry Potter and the Sorcerer's Stone (a.k.a. Harry Potter and the Philosopher's Stone),0.14961747005201637
Novocaine,0.006200504597434618
Black Knight,0.002773255648164894
Out Cold,-0.03505554642361147
Spy Game,-0.10421452532124702
"Devil's Backbone, The (Espinazo del diablo, El)",-0.23527538504627177
In the Bedroom,-0.11489112737649478
"Incredible Shrinking Woman, The",0.06090920573471408
Jabberwocky,-0.056506660575689406
Funny Girl,-0.029647089780655177
Breathless (À bout de souffle),-0.06017125249785562
"Beastmaster, The",0.20019521718045505
Midway,0.06025135240006423
MacArthur,0.00030851244559712825
Subway,-0.07396711750305057
"Now, Voyager",-0.11005866365940827
Little Women,-0.2082745965298427
"Cheap Detective, The",0.006938830129706518
Everybody's Famous! (Iedereen beroemd!),0.013706657048957972
"Last Wave, The",0.01816070618032238
That Obscure Object of Desire (Cet obscur objet du désir),-0.12740775243794883
"Toy, The",0.018765579227680535
Dressed to Kill,0.012319694633775472
Fame,0.054269725818588924
"Final Countdown, The",0.006938830129706518
Flash Gordon,0.3031738681607935
"Angry Red Planet, The",0.021122588269745005
"Enforcer, The",0.00030851244559712825
"Eye for an Eye, An",0.00030851244559712825
"Gauntlet, The",0.007247342575303617
Lord of the Flies,0.26056408218538557
Morons From Outer Space,0.016369342439573567
"People That Time Forgot, The",0.042306828799659114
Ocean's Eleven (a.k.a. Ocean's 11),0.20329044273171895
"Stunt Man, The",-0.05459075101576692
Sudden Impact,-0.04025732311406076
Behind Enemy Lines,-0.020964511092405214
"Affair of the Necklace, The",-0.03248024213416061
Pornstar: The Legend of Ron Jeremy,0.017133321311197425
Texas Rangers,0.013706657048957972
Ocean's Eleven,-0.03224550120541488
Baran,0.05563374804164102
"Business of Strangers, The",0.05726587703678133
"Incredible Shrinking Man, The",0.050768194559591015
No Man's Land,0.05973313810362166
And Then There Were None,0.009083924461112095
"Blue Angel, The (Blaue Engel, Der)",-0.029818835411542108
Moscow on the Hudson,0.04090667864924268
"Amelie (Fabuleux destin d'Amélie Poulain, Le)",-0.0636448529699519
Not Another Teen Movie,0.02345221380388903
Vanilla Sky,0.22819933079169638
Iris,0.012438106804696801
Kandahar (Safar e Ghandehar),-0.09299476462751052
Lantana,-0.022515707435560323
"Royal Tenenbaums, The",0.5797835338161516
Bill & Ted's Bogus Journey,0.5244020770079529
Clockwise,0.032738684879147134
Sheena,-0.023812231188086255
Spacehunter: Adventures in the Forbidden Zone,0.08772655454849791
White Water Summer,-0.030665559712565117
How High,0.11766873642060646
Jimmy Neutron: Boy Genius,-0.08054868698469606
Joe Somebody,-0.11687917159233072
Kate & Leopold,0.017683554664857343
"Lord of the Rings: The Fellowship of the Ring, The",1.0475041151425366
"Majestic, The",0.05472571908117444
"Beautiful Mind, A",0.0846242343262247
"Defiant Ones, The",-0.02609148098509951
"Party, The",-0.003866328382321527
Topkapi,-0.018636772132213868
Witness for the Prosecution,0.1574614144727974
Ali,0.06741952562365237
Black Hawk Down,0.1540087567629781
Charlotte Gray,-0.014807315256925777
Yentl,-0.029818835411542108
Gosford Park,-0.18659739270036424
I Am Sam,-0.18509974371504498
Monster's Ball,0.1234867544950575
"Shipping News, The",-0.08797047788985092
Murder by Death,-0.06458757088391345
"Waterdance, The",0.07839234630962186
Orange County,0.039523838373787604
"Brotherhood of the Wolf (Pacte des loups, Le)",-0.15756381777861547
Another 48 Hrs.,0.025121997160494215
What Time Is It There? (Ni neibian jidian),-0.009259068118930465
"Russia House, The",0.0032512884745512817
"Truly, Madly, Deeply",-0.06230053888622412
Dragonslayer,0.4051452104807433
Conan the Destroyer,0.30946190091606735
Fire and Ice,0.033169005384577004
Impostor,-0.02061389514596998
Kung Pow: Enter the Fist,0.13086960005674042
Snow Dogs,-0.010102609763298373
48 Hrs.,0.08213515445880644
Italian for Beginners (Italiensk for begyndere),0.011585947439767872
Blankman,-0.030482222753292827
Brainstorm,-0.07112518642435009
Dragon: The Bruce Lee Story,-0.008526853264340802
Little Dieter Needs to Fly,0.009061701159814483
M*A*S*H (a.k.a. MASH),1.4107562543571972
Seconds,-0.04924626080164825
One-Eyed Jacks,0.006938830129706518
The Count of Monte Cristo,-0.11778657174358267
"Mothman Prophecies, The",0.07681265755749869
"Walk to Remember, A",-0.14494102311458631
Beijing Bicycle (Shiqi sui de dan che),0.027413314097915944
Escaflowne: The Movie (Escaflowne),0.005996030236676133
Maelström,0.027413314097915944
Metropolis,0.05801053328388215
"Son's Room, The (Stanza del figlio, La)",-0.09896473408546783
Storytelling,0.023551405721381938
Waydowntown,0.07838262615540156
"Adventures of Huck Finn, The",0.10089854740423075
Cousins,-0.022364126558656473
Slackers,0.061241345998103686
Birthday Girl,-0.00981112278811158
Rare Birds,0.017312064340636476
"Going Places (Valseuses, Les)",0.005500231212387116
Big Fat Liar,0.02827857141247837
Collateral Damage,-0.06590250980896527
Rollerball,0.1317781541070937
"Scotland, Pa.",-0.0036539113869005573
Baby's Day Out,0.011343937200645617
Heidi,2.868087992997147e-05
Rookie of the Year,0.011232699542661975
"Sandlot, The",0.2195096194755179
Don't Look Now,6.535570658097029e-05
Crossroads,-0.053841642259519776
Hart's War,-0.032044736925604875
John Q,-0.29032356165860557
Return to Never Land,-0.0038694513888336765
Super Troopers,0.2245010929003909
"Good Son, The",-0.030482222753292827
Last Orders,0.020559985573436926
After the Fox (Caccia alla volpe),-0.03426356830787834
"Bad and the Beautiful, The",-0.029818835411542108
Designing Woman,-0.02609148098509951
Sleuth,0.06144135385112229
Stroszek,-0.06133111942513023
Dragonfly,0.06873369698569502
Queen of the Damned,0.06053604826429468
How to Kill Your Neighbor's Dog,-0.04429687505795774
Mean Machine,0.07818093434271625
Monsoon Wedding,-0.12236521415337676
Wendigo,-0.1569302887870124
Scratch,0.15965801247785058
"Bad News Bears, The",-0.20362508166307167
Vampire Hunter D: Bloodlust (Banpaia hantâ D),-0.015424592174575607
Wild Strawberries (Smultronstället),-0.125332757635513
40 Days and 40 Nights,0.1067680934955296
We Were Soldiers,-0.12150985547742177
"Big Bird Cage, The",-0.0036539113869005573
"Big Doll House, The",-0.03833194964070643
Ferngully: The Last Rainforest,0.04232415631846086
Zombie (a.k.a. Zombie 2: The Dead Are Among Us) (Zombi 2),0.212759514280398
Royal Wedding,-0.022364126558656473
All About the Benjamins,0.055439217467055456
"Time Machine, The",0.19222257134957296
"Magnificent Ambersons, The",-0.019038171114521125
Fun,0.027413314097915944
Hangar 18,0.09335101507074892
Hopscotch,-0.2031794954622783
Humanoids from the Deep,0.033169005384577004
Little Darlings,0.012091689600326016
"Long Good Friday, The",-0.07112518642435009
Mon oncle d'Amérique,0.12685076485547547
Motel Hell,0.03213029270449103
Ffolkes,0.013706657048957972
"Octagon, The",-0.010367183835667095
"Oh, God! Book II",-0.011182063279328237
"Oh, God!",0.05521756879403542
Ice Age,0.1282934460372739
Resident Evil,0.2326957720038384
Showtime,0.15395918557089147
Harrison's Flowers,-0.060964445506585654
Kissing Jessica Stein,0.06144270792609699
Promises,-0.0453696111650428
And Your Mother Too (Y tu mamá también),0.008230641192653824
All the Right Moves,-0.015296396854031074
Road to Morocco,-0.02609148098509951
Taps,0.027413314097915944
Return of the Secaucus 7,0.09577480566001738
Rude Boy,-0.01382291178088947
Running Scared,0.027413314097915944
Seems Like Old Times,-0.03265402610892764
Shogun Assassin,0.0004996116395542425
Smokey and the Bandit II,0.06331999024690531
Smokey and the Bandit,0.17932321102872145
Smokey and the Bandit III,0.04586957565535798
Stir Crazy,0.19788064438428296
Blade II,0.333485722190912
Sorority Boys,-0.018465755118060586
Stolen Summer,-0.04631627020366974
George Washington,0.0006450466053868686
Clockstoppers,0.02968879301108966
Death to Smoochy,0.19469642674326368
Panic Room,0.16047391740698996
"Rookie, The",-0.18502153278153985
No Such Thing,-0.05080370458882147
"Piano Teacher, The (La pianiste)",-0.09245681922197976
Time Out (L'emploi du temps),-0.019592415665356678
Boxcar Bertha,-0.05419202830016552
Fraternity Vacation,0.006853328524478986
Impromptu,-0.057285346137747925
High Crimes,-0.06746613404195888
National Lampoon's Van Wilder,0.13131627903670962
Crush,-0.01101281837095862
Lucky Break,0.027413314097915944
"Atomic Cafe, The",0.009646630741049423
Rashomon (Rashômon),-0.10137313404612291
Slap Shot,0.09696387179102248
Changing Lanes,0.1882793058571211
Frailty,0.13388514778151528
"Sweetest Thing, The",-0.06639707923383403
"Cat's Meow, The",-0.008657469509698782
Human Nature,0.0778066339754209
My Big Fat Greek Wedding,0.19726055532151407
3:10 to Yuma,-0.030022581232845003
Joe Versus the Volcano,-0.04376013677725892
"Rome, Open City (a.k.a. Open City) (Roma, città aperta)",-0.12247940045482471
Taking Care of Business,0.07077204447331523
Three Men and a Baby,0.14824972243733847
Three Men and a Little Lady,0.012886414329814392
"Watcher in the Woods, The",-0.022364126558656473
Murder by Numbers,-0.009659632520399728
The Scorpion King,-0.043170521983690285
Enigma,-0.07259300953710116
Nine Queens (Nueve reinas),-0.06348754996318141
"Triumph of Love, The",0.013706657048957972
World Traveler,0.027413314097915944
Jason X,-0.007139414655385434
Life or Something Like It,-0.05465310931226729
Dogtown and Z-Boyz,0.02736966210741297
Rain,0.03426664262239485
"Salton Sea, The",-0.1741283881735657
Bob le Flambeur,-0.11144885844305757
Cadillac Man,-0.03245829245127038
Delirious,0.014877215707812821
Full Moon in Blue Water,-0.04229972767657815
Husbands and Wives,0.07316884063915488
Lenny,-0.056114062217944335
Triumph of the Spirit,0.020559985573436926
Wild Orchid,0.06585651438167411
Deuces Wild,0.01127071612435747
Hollywood Ending,0.05679973482549773
Spider-Man,0.5667335066921664
Butterflies Are Free,-0.022364126558656473
"Giant Spider Invasion, The",0.004092335609893392
Iron Will,0.0215531191219598
Mountains of the Moon,-0.06344959151486723
White Fang,-0.019776683462008338
"New Guy, The",-0.012424821955824353
Unfaithful,-0.02810109241174823
"Lady and the Duke, The (Anglaise et le duc, L')",0.02418337920065203
Calamity Jane,-0.08089971681923226
"Cranes Are Flying, The (Letyat zhuravli)",-0.08114207765652788
"Harvey Girls, The",-0.022364126558656473
About a Boy,-0.18848714562750435
Star Wars: Episode II - Attack of the Clones,0.6001976809416099
"Believer, The",0.046501008773439836
"Importance of Being Earnest, The",0.032101440955602516
Every Which Way But Loose,0.052671718729420454
I Want to Live!,-0.022364126558656473
"Last Waltz, The",0.003741699874652352
Enough,-0.002378627997816514
Insomnia,0.2131466877327612
Spirit: Stallion of the Cimarron,0.008480152373040608
CQ,0.020559985573436926
Thirteen Conversations About One Thing (a.k.a. 13 Conversations),-0.009907542683522449
Monkey Business,-0.04909065076952302
Requiem for a Heavyweight,-0.042086453844921594
"Sum of All Fears, The",-0.13219450055859436
Undercover Brother,0.07766042694178348
84 Charing Cross Road,0.007129857709033603
Rapid Fire,-0.06783692070857748
Silent Running,0.09755229909383606
Bad Company,0.019915038529273357
Divine Secrets of the Ya-Ya Sisterhood,-0.0809377063871871
Cherish,0.03426664262239485
"Fast Runner, The (Atanarjuat)",0.1259480051798538
"Bourne Identity, The",0.03533273502076943
Scooby-Doo,0.23160849171795028
Windtalkers,-0.14251892629535537
"Dangerous Lives of Altar Boys, The",0.04794127230425344
"Emperor's New Clothes, The",0.027413314097915944
Gangster No. 1,-0.05050570969042836
Harvard Man,0.020559985573436926
Dark Blue World (Tmavomodrý svet),0.023759402711015072
Caveman,0.06813210047745442
Cheech & Chong's The Corsican Brothers,0.013013938798171778
Silver Bullet (Stephen King's Silver Bullet),0.029789805623152917
"Sorry, Wrong Number",-0.04848627080782945
Hombre,-0.06344959151486723
"Manhattan Project, The",0.06152669708712862
Men at Work,0.15033295216076784
She Wore a Yellow Ribbon,-0.022364126558656473
V. I. Warshawski,-0.04064296367105718
Juwanna Mann,-0.02515187016228669
Lilo & Stitch,0.028072877740200897
Minority Report,0.563323751104234
Rabbit-Proof Fence,-0.026603336534863267
Sunshine State,0.01619207015446786
Hey Arnold! The Movie,0.012091689600326016
Mr. Deeds,0.004711212028128152
Lovely & Amazing,-0.08932184088993449
Pumpkin,0.09163101760046069
Look Who's Talking Now,0.10713446750928302
Mo' Money,0.05071884314791437
"Object of Beauty, The",-0.011182063279328237
Wagons East,0.041583077926545
Like Mike,-0.0449603547750926
Men in Black II (a.k.a. MIIB) (a.k.a. MIB 2),0.2845949451712745
"Powerpuff Girls, The",0.03796660056256754
Me Without You,0.017133321311197425
"Crocodile Hunter: Collision Course, The",0.0671375369991646
Reign of Fire,0.052604253272187346
Road to Perdition,0.34475904255503925
All About Lily Chou-Chou (Riri Shushu no subete),-0.04599833956884766
My Wife is an Actress (Ma Femme est une Actrice),-0.023708865092776497
20 Million Miles to Earth,0.023469542521938908
The Importance of Being Earnest,-0.011129409998599198
Perfect,-0.004683876104009003
1776,0.05159185821487748
Z,0.15298769243256896
Halloween: Resurrection (Halloween 8),-0.005143576254641677
Sex and Lucia (Lucía y el sexo),0.06755321837951224
Eight Legged Freaks,0.2306470761981424
K-19: The Widowmaker,0.10536329332577796
Stuart Little 2,-0.02526083453572833
Austin Powers in Goldmember,-0.06927214026573221
"Kid Stays in the Picture, The",-0.018874267164599636
Tadpole,0.019620560324653646
Who Is Cletis Tout?,0.015103370540697091
Nosferatu the Vampyre (Nosferatu: Phantom der Nacht),-0.06133111942513023
The Big Bus,0.04092335609893391
In Like Flint,0.08500271063682702
Our Man Flint,0.08210617569942909
Red Beard (Akahige),-0.0036539113869005573
Robin and Marian,-0.017147683841612017
Top Secret!,0.5253875175141047
"Master of Disguise, The",-0.060640984522092954
Signs,0.6104012020149837
"Last Kiss, The (Ultimo bacio, L')",-0.09245681922197976
Spy Kids 2: The Island of Lost Dreams,-0.1871002108175978
"Good Girl, The",0.013192223843035204
Blood Work,0.01337839889960921
xXx,-0.17785993855986282
24 Hour Party People,0.1727831146834118
Secret Ballot (Raye makhfi),-0.1032638433778889
Martin Lawrence Live: Runteldat,0.009061701159814483
Songs From the Second Floor (Sånger från andra våningen),-0.05366472949698903
"Principal, The",-0.023390390490905664
Rollerball,0.09259194531170631
"Adventures of Pluto Nash, The",-0.02431899095675714
Blue Crush,-0.0856105666270601
Mostly Martha (Bella Martha),-0.02609148098509951
Possession,-0.01654903097531302
One Hour Photo,0.3953384862167555
Serving Sara,-0.013539311049191262
Simone (S1m0ne),-0.11588058581162827
Undisputed,-0.02886501825765039
Amy's O (a.k.a. Amy's Orgasm),-0.020493671420936523
Satin Rouge,0.049754271564775895
"Care Bears Movie, The",0.06104365533232068
Care Bears Movie II: A New Generation,0.06104365533232068
Clash of the Titans,0.45872412603374835
Hot Shots!,0.24353465946326705
"Swarm, The",0.089127138680689
Time After Time,0.24587715085214942
Down and Out in Beverly Hills,0.03675228817637405
Love Me Tender,-0.08089971681923226
Stakeout,-0.026280700860438884
FearDotCom (a.k.a. Fear.com) (a.k.a. Fear Dot Com),0.026928088419326902
À nous la liberté (Freedom for Us),0.019760789747196354
Snipes,0.017133321311197425
City by the Sea,-0.0785256653141766
Swimfan,-0.00942876381979089
Johnny Dangerously,0.08998269137160622
"Last House on the Left, The",0.16689095286762343
Thesis (Tesis),0.04843797355615285
Barbershop,-0.010014454841654568
Stealing Harvard,0.08735814392287354
"Transporter, The",-0.3856428113216118
Alias Betty (Betty Fisher et autres histoires),0.019901708625910362
Igby Goes Down,-0.27032135852103845
Aspen Extreme,-0.06835976636122527
Betsy's Wedding,-0.014909417705771054
Captain Ron,0.23323428367963076
Ernest Goes to Jail,0.07277038637145392
Ernest Scared Stupid,0.2561360437558957
"Hills Have Eyes, The",0.18616457499534825
Indian Summer,0.08327594086545996
"Mack, The",0.03477713368174797
Monkey Trouble,-0.02032148183552859
Spaced Invaders,-0.030482222753292827
Suburban Commando,-0.03339641500109748
"Yearling, The",-0.029818835411542108
"Ladykillers, The",-0.02609148098509951
"Lavender Hill Mob, The",-0.06247286152046981
"Man in the White Suit, The",-0.02609148098509951
"Son of the Bride (Hijo de la novia, El)",0.06159847316887738
"Das Experiment (Experiment, The)",-0.020960488341246464
Ballistic: Ecks vs. Sever,0.0634091807920476
"Banger Sisters, The",0.012306861064886583
"Four Feathers, The",-0.018313077840901755
Trapped,-0.0016239606164002674
8 Women,-0.12205223611774091
"His Secret Life (a.k.a. Ignorant Fairies, The) (Fate ignoranti, Le)",-0.10401392162472736
Invincible,-0.002841931078700436
Secretary,-0.1317566805064591
Spirited Away (Sen to Chihiro no kamikakushi),0.616551117215545
"Trials of Henry Kissinger, The",-0.008582484135901899
Sweet Home Alabama,-0.05121660381586485
"Tuxedo, The",-0.021183927809250432
Moonlight Mile,-0.07585052927997295
Wasabi,-0.047823649677931936
Jonah: A VeggieTales Movie,-0.014909417705771054
Red Dragon,0.21249611771475757
Bloody Sunday,-0.05587263716663319
Heaven,-0.00583218557586568
"Man from Elysian Fields, The",0.020559985573436926
Welcome to Collinwood,0.038260670708318255
Flirting,-0.06679215187183987
Godzilla vs. Mothra (Mosura tai Gojira),0.033845463039727346
"Godzilla, King of the Monsters! (Kaijû-ô Gojira)",0.07080382302863422
Powaqqatsi,0.015055160756363548
"Pride of the Yankees, The",0.038293518111361294
Valmont,0.010332474095084258
Horror of Dracula (Dracula),-0.022364126558656473
Strange Brew,0.3126041570762309
"Incredible Mr. Limpet, The",0.018137534400489024
Flashback,0.0005882013592287467
Below,0.023986649835676346
Brown Sugar,0.020866280209048765
Knockaround Guys,-0.09687321026000625
"Rules of Attraction, The",-0.08373083024442858
Tuck Everlasting,0.10927484619122765
White Oleander,0.01985873482213434
Bowling for Columbine,0.1270954500336262
Comedian,-0.025842386154231674
Pokemon 4 Ever (a.k.a. Pokémon 4: The Movie),0.008616408333009588
Punch-Drunk Love,0.4063299918534289
Swept Away,-0.019531361817492928
Formula 51,-0.0922644687301028
"Ring, The",0.3645421512775791
Auto Focus,0.07231890347066693
"Grey Zone, The",-0.04009073366762656
Naqoyqatsi,-0.002435940924600425
Real Women Have Curves,-0.006132875740068834
Tully,-0.016656313835380968
Billy Bathgate,-0.04064296367105718
Grave of the Fireflies (Hotaru no haka),0.0608820756426757
Saturday Night Fever,-0.04679637346813766
Staying Alive,-0.08052467769581305
Urban Cowboy,-0.022704121522446108
Tom Horn,-0.0845994553531563
The Pumaman,0.004092335609893392
Without Warning (a.k.a. Alien Warning) (a.k.a. It Came Without Warning),0.04422534051276935
...All the Marbles,0.00938781700877556
Absence of Malice,-0.017137872798842546
Banana Joe,-0.061202543269083205
Blow Out,-0.13768783558200087
"Friend Is a Treasure, A (Chi Trova Un Amico, Trova un Tesoro) (Who Finds a Friend Finds a Treasure)",-0.05778551201373734
Continental Divide,-0.03265402610892764
"Eyewitness (Janitor, The)",-0.09245681922197976
Faces of Death,0.022638115027564853
Faces of Death 3,0.020866280209048765
"Woman Next Door, The (Femme d'à côté, La)",-0.09245681922197976
First Monday in October,-0.09245681922197976
"Four Seasons, The",-0.03265402610892764
Galaxy of Terror (Quest),0.008348304433921918
Gallipoli,-0.03982030715675318
Ghost Story,0.07080382302863422
Gregory's Girl,0.024554013659360312
Happy Birthday to Me,0.029315922806998223
Looker,0.00751347399052973
Teddy Bear (Mis),0.005239256024634761
Modern Problems,-0.060964445506585654
My Bloody Valentine,-0.0037273544264427635
My Dinner with André,-0.1842940057207858
Neighbors,0.018137534400489024
Piranha II: The Spawning,0.016369342439573567
Polyester,-0.04599833956884766
"Professional, The (Le professionnel)",0.06852914290017001
Ghost Ship,0.1744520820068252
Jackass: The Movie,0.12636478962666364
Paid in Full,0.055317559751352836
"Truth About Charlie, The",-0.048828404543732336
All or Nothing,0.005660321176350766
Frida,0.061049987162069774
Roger Dodger,-0.10814716734901052
Casino Royale,-0.019851692320089667
"Company of Wolves, The",0.04422534051276935
Exodus,-0.02609148098509951
"Russians Are Coming, the Russians Are Coming, The",-0.018636772132213868
"World of Henry Orient, The",-0.029818835411542108
I Spy,0.015433336125383192
"Santa Clause 2, The",0.09050914752167083
Femme Fatale,-0.08518215079554708
8 Mile,0.017492291191917794
Far from Heaven,-0.1280584251933236
Harry Potter and the Chamber of Secrets,-0.14671983098961783
Ararat,0.030839978360155295
"Crime of Father Amaro, The (Crimen del padre Amaro, El)",-0.0036539113869005573
Standing in the Shadows of Motown,-0.005146252759376505
Rio Grande,-0.02609148098509951
Blackrock,0.003742325731881939
Men with Brooms,0.027413314097915944
Dog Soldiers,0.04610289158908032
Houseboat,-0.014909417705771054
Madame Bovary,0.13927575616584764
My Father's Glory (La gloire de mon père),-0.021145207621743857
"My Mother's Castle (Château de ma mère, Le)",-0.021145207621743857
Return to the Blue Lagoon,-0.028028285476841493
Toy Soldiers,0.08350861252671336
Ragtime,-0.029870860042548332
I'm Starting From Three (Ricomincio da Tre),-0.10401392162472736
Scanners,0.05756177522642727
"Do You Remember Dolly Bell? (Sjecas li se, Dolly Bell)",-0.09245681922197976
Take This Job and Shove It,-0.007454708852885527
Thief,-0.1357719004242903
Die Another Day,-0.08008464357731508
The Emperor's Club,-0.11704412225999734
Friday After Next,0.07988047529226387
Personal Velocity,-0.018636772132213868
"Quiet American, The",0.055723263653807725
Talk to Her (Hable con Ella),-0.10483067921540037
Eight Crazy Nights (Adam Sandler's Eight Crazy Nights),0.0243140627735034
Extreme Ops,-0.028782730848267404
Solaris,-0.03061248785038662
Treasure Planet,0.0058304389366909
They,0.020866280209048765
Chopper Chicks in Zombietown,-0.006530805221785556
Brother (Brat),-0.10142759707065965
"Cruel Romance, A (Zhestokij Romans)",-0.10142759707065965
Elling,-0.04189614196002523
I Spit on Your Grave (Day of the Woman),0.023743531764754966
"Last Seduction, The",-0.02313202868949708
New Waterford Girl,0.027413314097915944
Zulu,0.010691727592364952
Analyze That,0.02547584301144572
Empire,0.07833280314475814
Adaptation,0.2678013355478119
Equilibrium,0.5227677739354158
Visitor Q (Bizita Q),-0.15274035605912664
Hit the Bank (Vabank),-0.09128483736359383
Victory (a.k.a. Escape to Victory),-0.06309056552579333
Android,0.027123938451473033
Attila (Attila Flagello di Dio),-0.05778551201373734
"Beast Within, The",0.08083006019734827
"Best Little Whorehouse in Texas, The",0.04173256041809753
"Party 2, The (Boum 2, La)",-0.06934261441648473
Burden of Dreams,-0.013767447494216975
Deathtrap,-0.008470646908275451
Drumline,-0.11588504248474142
"Hot Chick, The",0.09044589179630944
Maid in Manhattan,-0.20306238971537222
Star Trek: Nemesis,0.2134906514620408
About Schmidt,0.20416725748678552
Evelyn,-0.06344959151486723
Intact (Intacto),0.033523536894534786
Morvern Callar,-0.006923103440077676
"Lord of the Rings: The Two Towers, The",0.426909800128805
Devils on the Doorstep (Guizi lai le),-0.14451207546710818
25th Hour,0.02386148950424727
Antwone Fisher,-0.027565645002871522
Gangs of New York,0.5159654466761394
Two Weeks Notice,0.014262641074685
Narc,-0.13565768635327086
Blue Steel,-0.030482222753292827
Body of Evidence,-0.0010919788547422411
"Children's Hour, The",-0.03696681164952366
"Duellists, The",-0.0302431589831644
Miami Blues,0.027413314097915944
My Girl 2,-0.01101281837095862
My Girl,0.029320322779749747
My Neighbor Totoro (Tonari no Totoro),0.23281994088950977
"Thief of Bagdad, The",-0.04599833956884766
War and Peace,-0.08089971681923226
Attack of the Crab Monsters,0.014081725513163333
Black Christmas,-0.021784064661751267
"Story of O, The (Histoire d'O)",-0.04077113385169353
Fat City,-0.01382291178088947
Quicksilver,0.03837614630376515
Catch Me If You Can,0.4358440126265863
Pinocchio,-0.08089971681923226
Chicago,0.019537785372591286
"Hours, The",0.057469174495796485
Max,-0.04924677254360919
Nicholas Nickleby,-0.002405521313626157
"Pianist, The",-0.5570682131622068
Heavy Metal 2000,-0.04267291444155755
"King of Comedy, The",-0.298628306199306
Love Liza,-0.004540772074023354
Confessions of a Dangerous Mind,-0.08119591562978277
Blue Collar Comedy Tour: The Movie,0.05227699820681794
Just Married,0.010948168256490568
"City of Lost Souls, The (Hyôryuu-gai)",-0.10838405660033104
"Guy Thing, A",0.07866646581794685
Kangaroo Jack,-0.023282640972276693
National Security,0.08217474453549452
City of God (Cidade de Deus),0.4028029651846522
Alice Adams,-0.02609148098509951
"American Friend, The (Amerikanische Freund, Der)",0.023469542521938908
American Me,0.056283863185675756
Band of Outsiders (Bande à part),0.002051949147026239
CB4 - The Movie,0.250293858964315
Dogfight,0.0559625341913462
Girls! Girls! Girls!,-0.009086728490666957
Imitation of Life,-0.09916144982802676
Mystery Date,0.020559985573436926
Pépé le Moko,-0.11213482401395153
Secret Admirer,0.020559985573436926
"Woman in Red, The",-0.027452451586274355
Darkness Falls,0.0014077713370849135
Amen.,-0.05156881331336854
Blind Spot: Hitler's Secretary (Im toten Winkel - Hitlers Sekretärin),-0.022364126558656473
Blind Date,-0.0021839577094844823
Ethan Frome,-0.011965384178225296
"Harder They Come, The",-0.045113817425407425
Sugar Hill,0.003048902546274351
Biker Boyz,-0.03596828382007412
Final Destination 2,0.009340455375162177
"Recruit, The",-0.04122536046174569
"Guru, The",0.009648249964064451
Lost in La Mancha,-0.05211251799914916
May,-0.21681357709631086
"Harder They Fall, The",-0.01382291178088947
Ordinary Decent Criminal,-0.003247921232800535
Tokyo Decadence (Topâzu),-0.09245681922197976
Firefox,0.002176648119372679
"I, the Jury",-0.00029461609529646287
Kiss Me Goodbye,-0.02609148098509951
"Last Unicorn, The",-0.029990289752450185
Dragon Lord (a.k.a. Dragon Strike) (Long Xiao Ye),-0.1264480660337196
"Midsummer Night's Sex Comedy, A",-0.06934682121731231
Missing,-0.029818835411542108
Monty Python Live at the Hollywood Bowl,0.19736621045155528
"Night of the Shooting Stars (Notte di San Lorenzo, La)",-0.09245681922197976
Paradise,-0.08089971681923226
"Pirate Movie, The",0.01280458655634807
Santa Claus Is a Stinker (Le Père Noël est une ordure),-0.021145207621743857
Richard Pryor Live on the Sunset Strip,-0.09361847161551344
Sunless (Sans Soleil),-0.06133111942513023
Savannah Smiles,0.02969723547947169
"Secret Policeman's Other Ball, The",0.006998534661572765
Tenebre,-0.09239146351539884
They Call Me Bruce? (a.k.a. A Fistful of Chopsticks),0.020559985573436926
Trail of the Pink Panther,0.03405468449906305
Venom,0.0018299722476417522
White Dog,-0.019381423617850512
Zapped!,0.03114627299576721
How to Lose a Guy in 10 Days,-0.16438515860702865
Shanghai Knights,-0.23075814082858281
Daredevil,-0.009893645808993129
"Jungle Book 2, The",-0.0022734480025645995
All the Real Girls,0.008175161637295465
Gerry,-0.06577530872088752
He Loves Me... He Loves Me Not (À la folie... pas du tout),-0.03354618983798495
Dennis the Menace,0.09639996963615002
"Black Stallion Returns, The",7.656431295752484e-05
"Black Stallion, The",0.012153846647826951
"Patch of Blue, A",-0.029818835411542108
"Red Badge of Courage, The",-0.029818835411542108
"Thrill of It All, The",-0.06934261441648473
Pillow Talk,-0.09071030444876953
"Man Who Fell to Earth, The",0.14959683889508818
Dark Blue,-0.0902666462680124
Gods and Generals,-0.053952425730111137
"Life of David Gale, The",0.038556945577161786
Old School,0.4212196654491488
Open Hearts (Elsker dig for evigt),-0.00405990154100071
Poolhall Junkies,0.05551105542639455
Stone Reader,-0.002405521313626157
Cradle 2 the Grave,0.13167688455406001
Spider,0.10235198597496266
Lady Jane,-0.037273544264427735
Late Marriage (Hatuna Meuheret),-0.08089971681923226
Life Stinks,0.004919688761024255
"Meteor Man, The",-0.05080370458882147
Volcano High (Whasango),0.0012837520529845189
Bringing Down the House,-0.0036027476355911243
Tears of the Sun,-0.03313810309204971
Irreversible (Irréversible),-0.2747869778855626
Laurel Canyon,0.014645785053261407
Nowhere in Africa (Nirgendwo in Afrika),0.0013218331128163933
"Safety of Objects, The",-0.034136134140193404
Bend It Like Beckham,-0.20462073327898464
"Hunted, The",-0.04659819421634409
Willard,0.18035890271184274
Prozac Nation,0.020559985573436926
Spun,0.0076736421948897324
King of Kings,-0.022364126558656473
"Talk of the Town, The",-0.029818835411542108
Born Free,-0.029818835411542108
Equus,-0.003925314196671119
Europa Europa (Hitlerjunge Salomon),-0.07917048327965633
"Glenn Miller Story, The",-0.09245681922197976
Green Card,-0.1749297088431495
Journey to the Center of the Earth,0.05080781190721426
Pauline at the Beach (Pauline à la Plage),0.13927575616584764
Ringu (Ring),0.3654992031559707
Salaam Bombay!,-0.05238670779150155
Sweet Charity,-0.02609148098509951
Talent for the Game,-0.0845994553531563
Boat Trip,0.0690349286808517
Dreamcatcher,0.17255309341239042
Piglet's Big Movie,-0.008810254696766913
View from the Top,0.008035365734875328
"Awful Truth, The",-0.06620021594691249
Basic,0.07843363598449467
"Core, The",0.05472371685110773
Head of State,-0.054448912888526095
What a Girl Wants,-0.09539931776601628
Assassination Tango,-0.04064296367105718
Raising Victor Vargas,0.0013218331128163933
Stevie,-0.006132875740068834
Akira Kurosawa's Dreams (Dreams),-0.07007036776830007
Day for Night (La Nuit Américaine),-0.015336316180194319
In a Lonely Place,-0.02609148098509951
"Good Thief, The",-0.0845994553531563
"Man Apart, A",-0.03512174749477438
Phone Booth,-0.1594797593056059
Cowboy Bebop: The Movie (Cowboy Bebop: Tengoku no Tobira),-0.08228363781073006
Levity,-0.003247921232800535
"Man Without a Past, The (Mies vailla menneisyyttä)",-0.10604577858089456
Anger Management,0.28720962755468
Better Luck Tomorrow,0.024419144941725694
Ghosts of the Abyss,-0.02609148098509951
House of 1000 Corpses,-0.03718124737842595
Lilya 4-Ever (Lilja 4-ever),-0.059125383309279814
Bulletproof Monk,-0.04571573387549195
Chasing Papi (a.k.a. Papi Chulo),0.013706657048957972
"Mighty Wind, A",0.061636299634235246
Holes,0.016894640164008653
Malibu's Most Wanted,0.03624389810510484
"Winged Migration (Peuple migrateur, Le)",-0.08487829949036267
Flickering Lights (Blinkende lygter),0.04030126412501237
Straw Dogs,-0.16732027173193165
Beginning of the End,0.008184671219786784
"Andromeda Strain, The",0.10053197575331012
Fahrenheit 451,-0.2346631407675392
I Am Trying to Break Your Heart,0.028475881604483604
Legal Eagles,-0.13087587928761057
Memories of Me,-0.05080370458882147
Sibling Rivalry,0.023324856453008427
Undercover Blues,0.030075999488531523
Wildcats,0.02604795489788545
"Wiz, The",0.027821706945398362
"My Father the Hero (Mon père, ce héros.)",0.033438739510986755
Scenes from a Mall,-0.04005480726503588
Confidence,0.023543646361580364
Identity,0.6084907518553216
It Runs in the Family,-0.058403813815535714
"Decade Under the Influence, A",0.06351151387654672
Manic,0.10445681712438581
People I Know,-0.05364563566752194
Spellbound,0.09491381553800013
"Lizzie McGuire Movie, The",-0.031043848641981165
X2: X-Men United,0.18457441049857476
Blue Car,-0.0044354720841266095
"Dancer Upstairs, The",0.0013952761523587697
Marooned in Iraq (Gomgashtei dar Aragh),-0.022364126558656473
Owning Mahowny,0.06407647664267849
Daddy Day Care,-0.013070844911746359
"Man on the Train (Homme du train, L')",-0.11827892753689302
"Shape of Things, The",-0.05958312123328438
"Trip, The",0.002993860585505564
101 Reykjavik (101 Reykjavík),-0.0010404908720357644
"Chorus Line, A",-0.08555036010104614
Beat Street,-0.003294288265595783
Breakin' 2: Electric Boogaloo,-0.03608150628204573
Breakin',0.03363503974741468
Laputa: Castle in the Sky (Tenkû no shiro Rapyuta),0.09776873034566272
High Society,-0.016126166347263195
Kiss Me Kate,0.015474674302053324
"Matrix Reloaded, The",0.12568272068448935
Down with Love,-0.09557305424408206
Cinemania,0.13767053665597892
"Spanish Apartment, The (L'auberge espagnole)",-0.0560613747099432
Pokémon Heroes,0.00575635766932479
Bruce Almighty,0.11765554261329363
"In-Laws, The",-0.006960753254846479
Gigantic (A Tale of Two Johns),0.17973947788498193
Respiro,-0.12265069375694106
Finding Nemo,0.3247091402366578
"Italian Job, The",0.11718563657740544
Wrong Turn,0.09764781534758274
Capturing the Friedmans,0.032127646027359784
Together (Han ni Zai Yiki),-0.022364126558656473
"2 Fast 2 Furious (Fast and the Furious 2, The)",-0.14598974411252383
Whale Rider,-0.1794604783205313
Nevada Smith,-0.0845994553531563
Once a Thief (Zong heng si hai),-0.15025591567452062
Silk Stockings,-0.02609148098509951
"Crazies, The (a.k.a. Code Name: Trixie)",0.08260446020007328
Murder on a Sunday Morning (Un coupable idéal),-0.02609148098509951
Siam Sunset,-0.03834079045048578
Treasure Island,0.03510108318467521
"Walk, Don't Run",-0.014909417705771054
Animals are Beautiful People,0.007664826237129033
Car Wash,0.013859202645988422
Destry Rides Again,-0.052256924237583456
Intervista,-0.09245681922197976
Live Wire,0.0005228456526477623
Shenandoah,-0.029818835411542108
Oscar,0.008184671219786784
"6th Man, The (Sixth Man, The)",0.07578825925345582
"Railway Children, The",0.032738684879147134
Two Mules for Sister Sara,0.012227735752058972
Winchester '73,-0.026165443252484065
"Man with the Movie Camera, The (Chelovek s kino-apparatom)",-0.1623353543452784
"Objective, Burma!",-0.022364126558656473
This Boy's Life,-0.13212239678539484
Barton Fink,-0.27289215221040464
Belle époque,0.10824617113104404
"Flight of the Phoenix, The",-0.07628217507129824
From the Terrace,-0.06934261441648473
"Long, Hot Summer, The",-0.012267618433379453
Man of Aran,0.006998534661572765
Music Box,-0.02609148098509951
"Trial, The (Procès, Le)",0.15554949444620422
"Unforgiven, The",-0.04236278342579115
Good Burger,0.10287260906703842
Jubilee,-0.04599833956884766
Mississippi Masala,-0.13291446495040923
Shattered,0.024554013659360312
"Song of Bernadette, The",-0.022364126558656473
Thoroughly Modern Millie,0.011587858299216373
Dumb and Dumberer: When Harry Met Lloyd,0.07756257901944959
From Justin to Kelly,0.020467651220347372
Hollywood Homicide,-0.10354530404432957
Alex and Emma,0.013706657048957972
28 Days Later,0.6391783101566154
Charlie's Angels: Full Throttle,-0.11468798118783803
Fulltime Killer (Chuen jik sat sau),-0.07112518642435009
Ali: Fear Eats the Soul (Angst essen Seele auf),0.05030299166688549
"Bodies, Rest & Motion",0.020559985573436926
Ring of Terror,0.004092335609893392
You Only Live Once,-0.03354618983798495
Anastasia,-0.08089971681923226
"Babe, The",-0.00992223717985591
Mr. Baseball,0.021731653218760468
Scaramouche,-0.022364126558656473
Start the Revolution Without Me,-0.006911455890444735
"Tenant, The (Locataire, Le)",-0.07570982548335825
"What's Up, Doc?",-0.0689975093532716
Hulk,0.03877114074260518
"Legally Blonde 2: Red, White & Blonde",-0.14558047684909803
Sinbad: Legend of the Seven Seas,-0.07714044227753036
Terminator 3: Rise of the Machines,0.040569943595243546
Swimming Pool,0.13009922823237502
Pirates of the Caribbean: The Curse of the Black Pearl,-0.0670430174148049
"League of Extraordinary Gentlemen, The (a.k.a. LXG)",0.11842238064070133
"Cuckoo, The (Kukushka)",0.023986649835676346
I Capture the Castle,-0.03354618983798495
Northfork,-0.004930115083255839
Bad Boys II,-0.15201491776041834
How to Deal,-0.05399955224645765
Johnny English,0.038544648991278116
"Anarchist Cookbook, The",-0.003247921232800535
Dirty Pretty Things,-0.1266170729332949
"Embalmer, The (Imbalsamatore, L')",-0.09245681922197976
Garage Days,0.016530763217915714
Born to Be Wild,-0.010160740917764295
Curly Sue,0.07122546194317858
Little Giants,0.16423043705972884
Loose Cannons,0.013706657048957972
"Mouse That Roared, The",0.0010030482511252184
Masked & Anonymous,0.017133321311197425
Lara Croft Tomb Raider: The Cradle of Life,-0.0828279758449394
Seabiscuit,-0.2542496871674935
Spy Kids 3-D: Game Over,0.00029028185663435653
Buffalo Soldiers,-0.09687108275859077
Camp,2.646044087234963e-05
"Mondays in the Sun (Lunes al sol, Los)",-0.003247921232800535
Scorched,-0.04924626080164825
Avanti!,-0.09245681922197976
Eve of Destruction,0.006853328524478986
Kickboxer 2: The Road Back,-0.045475493916199955
"Kiss Me, Stupid",-0.08089971681923226
"One, Two, Three",-0.046536620089099985
"Private Life of Sherlock Holmes, The",-0.0630070902297137
Remo Williams: The Adventure Begins,0.009873769521957133
"Blood of Heroes, The (Salute of the Jugger, The)",0.005987721171011128
"What's Up, Tiger Lily?",0.08721130666046496
American Wedding (American Pie 3),-0.0649691250134676
Gigli,-0.030482222753292827
And Now... Ladies and Gentlemen...,-0.003247921232800535
"Magdalene Sisters, The",-0.017116526912042004
"Secret Lives of Dentists, The",-0.029818835411542108
Freaky Friday,-0.017465088922481203
S.W.A.T.,-0.10325266852341627
"Divorce, Le",-0.015684370209855542
"Princess Blade, The (Shura Yukihime)",0.01947933863187967
Step Into Liquid,0.023986649835676346
"Double Life, A",-0.018636772132213868
Hawks and Sparrows (Uccellacci e Uccellini),-0.030672632360388637
"Gospel According to St. Matthew, The (Vangelo secondo Matteo, Il)",-0.02609148098509951
Umberto D.,-0.017278639726111773
Brother's Keeper,0.02920363728798816
I Love You to Death,-0.038925839935089385
Freddy vs. Jason,-0.03511699569545295
Grind,0.05945115701014318
Open Range,-0.18955884592350347
Shaolin Soccer (Siu lam juk kau),-0.3691459824693176
Uptown Girls,-0.03120141450101856
American Splendor,0.06685209402808924
Agent Cody Banks,-0.030035607155505666
Camp Nowhere,0.05180680508973416
Hot Dog... The Movie,0.013706657048957972
House of Wax,0.14706644802234115
Man's Best Friend,-0.020202229966574437
"Sure Thing, The",0.0553504128384335
Valley Girl,0.01010550114589271
Wait Until Dark,0.07147616427770453
Tokyo Story (Tôkyô monogatari),-0.030256226461220087
"Green Ray, The (Rayon vert, Le)",-0.09245681922197976
THX 1138,0.010974092992681938
Kind Hearts and Coronets,-0.03332954919647007
Atragon (Kaitei Gunkan),0.016428679765357238
Attack of the Puppet People,0.01877563401755112
10,0.01216070111509388
Tremors,0.5265994007829671
"Red Shoes, The",-0.02609148098509951
"Pink Panther, The",-0.11848979332005737
"Pink Panther Strikes Again, The",-0.002258964094493881
Commando,0.2652079230480419
Dracula,0.0005882013592287467
"Discreet Charm of the Bourgeoisie, The (Charme discret de la bourgeoisie, Le)",-0.17598148212663556
Waco: The Rules of Engagement,-0.02609148098509951
Ikiru,-0.23023345286902244
Comic Book Villains,-0.023509642359859837
"Angel at My Table, An",-0.09245681922197976
"Handmaid's Tale, The",0.08260446020007328
Revolution OS,-0.003247921232800535
Death in Venice (Morte a Venezia),-0.12659494498489207
"Medallion, The",-0.09233706829559818
My Boss's Daughter,0.08056769110844081
Autumn Spring (Babí léto),-0.002841931078700436
"Battle of Shaker Heights, The",0.027413314097915944
Dust,-0.05080370458882147
Stoked: The Rise and Fall of Gator,0.002993860585505564
Jeepers Creepers 2,0.16586816903521207
Bollywood/Hollywood,0.017133321311197425
Once Upon a Time in the Midlands,0.020559985573436926
Dickie Roberts: Former Child Star,0.09879553948001342
Party Monster,0.03477713368174797
Taking Sides,-0.010734166129207025
Cabin Fever,0.14611700952329618
Matchstick Men,0.08147735599680735
Once Upon a Time in Mexico,-0.04114221854656995
Dummy,0.02495265189486502
Lost in Translation,0.15776547784736983
Millennium Actress (Sennen joyû),0.01690781153828419
Children of the Night,0.10356011479527504
Gotcha!,0.017133321311197425
Kuffs,-0.02008297809762021
Once Upon a Time in China (Wong Fei Hung),-0.007565072939752173
Once Upon a Time in China II (Wong Fei-hung Ji Yi: Naam yi dong ji keung),-0.05080370458882147
Once Upon a Time in China III (Wong Fei-hung tsi sam: Siwong tsangba),-0.04012011801840936
Paper Moon,0.0475198772161441
Day of the Dead,0.10954390646286495
"Hello, Dolly!",-0.01772722406606415
Memoirs of an Invisible Man,-0.11289900140461118
Once Bitten,0.06183479849248431
Squirm,0.04422534051276935
"Brood, The",-0.04599833956884766
Anything Else,0.11125387519383317
Cold Creek Manor,-0.0013474680697892754
"Fighting Temptations, The",0.011137222246921858
Secondhand Lions,-0.07362762694849453
Underworld,0.04443144363140864
Bubba Ho-tep,0.1513297708112359
In This World,0.002189887100703754
Duplex,0.011482228268393848
"Rundown, The",0.021560572803495454
Under the Tuscan Sun,-0.09183283232957351
Luther,-0.029818835411542108
Mambo Italiano,-0.009321711998077985
My Life Without Me,-0.020852224960464637
To Be and to Have (Être et avoir),-0.022364126558656473
"Triplets of Belleville, The (Les triplettes de Belleville)",0.1906639245448294
Videodrome,-0.0014456661456653985
Life and Debt,-0.01382291178088947
Lagaan: Once Upon a Time in India,-0.05875789774732271
Judgment at Nuremberg,-0.14751051093039183
"Brief History of Time, A",0.09032466060483037
Leningrad Cowboys Go America,-0.09245681922197976
"Rules of the Game, The (La règle du jeu)",-0.0770579734487961
Seven Brides for Seven Brothers,-0.08819969866381902
Kiss of the Spider Woman,0.06712366411159301
All the President's Men,0.054249623670744915
Angie,-0.014909417705771054
"Apartment, The (Appartement, L')",-0.09245681922197976
Avalon,0.019944193431913795
Babette's Feast (Babettes gæstebud),-0.28407900461747376
Beethoven,0.123703024331616
Beethoven's 2nd,0.15158116656448675
Boyz N the Hood,0.49731923589436855
Bugsy,0.020559985573436926
Bugsy Malone,-0.033231498354377026
Cobra,-0.009444796751146388
Phenomena (a.k.a. Creepers),-0.08089971681923226
Crimewave,-0.04064296367105718
Monty Python's The Meaning of Life,0.651071104020455
Where Eagles Dare,-0.053000057968519365
Tightrope,0.020559985573436926
Sleeping with the Enemy,-0.12991268375817006
PCU,-0.006243324056252213
"Rookie, The",0.03416833509842473
City Heat,0.024554013659360312
Three O'Clock High,0.027413314097915944
"White Hunter, Black Heart",-0.012326277907301451
Come and See (Idi i smotri),0.02652882977076329
Ginger Snaps,0.13557440328596518
More American Graffiti,0.06633801076915401
It's Pat,0.019409184085146518
Regarding Henry,-0.08956329700129546
Alien Contamination,0.008348304433921918
"Amazing Transparent Man, The",0.016428679765357238
Love Affair,-0.022364126558656473
Leap of Faith,-0.03518538328431539
"Gas, Food, Lodging",-0.016656313835380968
In Cold Blood,-0.09381056605170501
Campus Man,-0.002661350617797478
Yankee Doodle Dandy,-0.05598427866402636
Ninja Scroll (Jûbei ninpûchô),0.22251135596043403
Knife in the Water (Nóz w wodzie),-0.0390508306304976
Mobsters,-0.04064296367105718
Out of Time,-0.03429814741587598
School of Rock,-0.10483301415779278
"Station Agent, The",-0.09698317675856469
Wonderland,0.2667837240492106
Bus 174 (Ônibus 174),-0.03449746070249913
Mystic River,0.4974158069666976
"House of the Dead, The",0.029293653132223686
Intolerable Cruelty,-0.14795793458067796
Kill Bill: Vol. 1,0.3727393201081935
Runaway Jury,-0.07244037046783915
"Texas Chainsaw Massacre, The",0.1695739584416331
Pieces of April,-0.050237287031192054
Returner (Ritaanaa),-0.05080370458882147
Sylvia,0.020559985573436926
Veronica Guerin,0.0027526637526790036
In the Cut,-0.13325417962394204
Beyond Borders,0.011137222246921858
Radio,-0.15512647831808946
Scary Movie 3,-0.02105433213108933
Brother Bear,0.057790104887861536
Elephant,-0.19043847681485063
"Italian Job, The",0.043959129095057774
Sweet Sixteen,-0.10141497889588164
Alien from L.A.,0.016428679765357238
Interstate 60,0.0011522637371091133
"Eye, The (Gin gwai) (Jian gui)",-0.08062254000036374
"Jolson Story, The",-0.02609148098509951
You'll Never Get Rich,-0.02609148098509951
"Unvanquished, The (Aparajito)",-0.083483564908531
"Cercle Rouge, Le (Red Circle, The)",-0.1333265098855754
"Human Stain, The",-0.01792499452554919
Shattered Glass,-0.04134938050198807
"Matrix Revolutions, The",-0.352742528685397
"Revolution Will Not Be Televised, The (a.k.a. Chavez: Inside the Coup)",-0.01382291178088947
Elf,0.4276116518578665
Billabong Odyssey,0.08316615585309
Gloomy Sunday (Ein Lied von Liebe und Tod),-0.022834076159614886
Love Actually,-0.42490718543504546
Father of the Bride,-0.021329896092318053
My Architect: A Son's Journey,-0.04337012071121121
Looney Tunes: Back in Action,0.09148395045994462
Master and Commander: The Far Side of the World,0.02669356488790358
Tupac: Resurrection,-0.029818835411542108
"Big Empty, The",0.011137222246921858
"Missing, The",0.011610596835714087
"Cat in the Hat, The",-0.020598338506826006
Gothika,0.025368868998645086
21 Grams,0.09033429747468039
"Barbarian Invasions, The (Les invasions barbares)",-0.1026920885119105
Bad Santa,0.21069428361111933
"Haunted Mansion, The",0.010889896737094541
Timeline,-0.008821490761494287
Damage (Fatale),-0.09245681922197976
OT: Our Town,-0.02609148098509951
Devil's Playground,0.06085890753352735
Journeys with George,-0.02609148098509951
Darkman,-0.22946017367234744
Dead of Night,6.535570658097029e-05
"Dernier Combat, Le (Last Battle, The)",-0.0036539113869005573
Desk Set,-0.11854830020707899
Europa (Zentropa),-0.003247921232800535
Final Analysis,-0.05778551201373734
"Freshman, The",-0.16186464653944874
Funny Games,0.10605679057636361
Slacker,-0.10735683370047056
WarGames,0.2545132561646224
"Ordet (Word, The)",-0.083483564908531
Forbidden Games (Jeux interdits),-0.02609148098509951
Jane Eyre,0.004187886192683962
"Tale of Two Cities, A",-0.029818835411542108
"Passion of Joan of Arc, The (Passion de Jeanne d'Arc, La)",-0.18721272081416007
Ben-Hur: A Tale of the Christ,0.0024944665831015426
"Cabinet of Dr. Caligari, The (Cabinet des Dr. Caligari., Das)",0.004568043826461338
Gorky Park,-0.0021914290939224488
The Great Train Robbery,-0.02609148098509951
Guarding Tess,-0.10900273003228235
Hannah and Her Sisters,-0.14011595772531715
"Hard Way, The",-0.029828665687483193
Highlander II: The Quickening,-0.04571657077276765
Hoffa,-0.07329072341388712
House of Cards,-0.04064296367105718
Housesitter,0.009184934813184555
Hudson Hawk,0.10409377849039846
Invasion of the Body Snatchers,0.16662217957451905
Kindergarten Cop,0.0770635697165116
King Ralph,-0.030482222753292827
"Last Boy Scout, The",0.02534760838241546
Last Tango in Paris (Ultimo tango a Parigi),-0.19927031477491988
Lorenzo's Oil,0.0219024783461999
"Lover, The (Amant, L')",-0.09187665028820582
Mr. Destiny,-0.022364126558656473
"Night of the Hunter, The",-0.08831397679952001
Only the Lonely,-0.02218879893577207
Over the Top,-0.0034705589873735027
Passenger 57,-0.10834917296647262
Presumed Innocent,-0.13898938150130138
Project X,-0.06673444465615652
Battle Royale (Batoru rowaiaru),-0.013751000207232843
"Wedding Banquet, The (Xi yan)",0.0005882013592287467
"Salo, or The 120 Days of Sodom (Salò o le 120 giornate di Sodoma)",0.00891655701867302
"Midnight Clear, A",-0.0002739915966948241
Summer School,0.0631118843555463
Silverado,-0.09110303760716042
Quick Change,0.1267879961982133
Radio Flyer,-0.00907114417072392
"Real McCoy, The",0.0005228456526477623
Revenge,0.0005228456526477623
"Secret of My Succe$s, The (a.k.a. The Secret of My Success)",-0.1222511501547293
Show Me Love (Fucking Åmål),0.028636955352471453
Teen Wolf,-0.00045264162227284067
High Heels (Tacones lejanos),-0.10401392162472736
Things You Can Tell Just by Looking at Her,-0.003247921232800535
To Live and Die in L.A.,0.028781788346623958
Trapped in Paradise,-0.05080370458882147
Wild at Heart,0.06406048810705317
"Witches, The",-0.07884763494457202
"Witches of Eastwick, The",-0.08934098791678063
Year of the Dragon,-0.05080370458882147
Nothing to Lose,0.032936054669637296
Flying Down to Rio,-0.022364126558656473
Follow the Fleet,-0.04426493796643323
"What's New, Pussycat",0.03443560826684097
Mary of Scotland,-0.022364126558656473
Roberta,-0.029818835411542108
Little Women,-0.048986243831022964
Swing Time,-0.029818835411542108
"Public Enemy, The",0.017656845483831073
"Midsummer Night's Dream, A",-0.02609148098509951
Life with Father,-0.02609148098509951
National Velvet,-0.022541215164916414
Jesus Christ Superstar,-0.13222849681516466
Dark Victory,-0.029818835411542108
Birdman of Alcatraz,-0.029818835411542108
"Aguirre: The Wrath of God (Aguirre, der Zorn Gottes)",-0.15390768127406565
Beauty and the Beast (La belle et la bête),0.15066276358435177
"Birth of a Nation, The",-0.013082721626242032
Juliet of the Spirits (Giulietta degli spiriti),-0.11162721444722276
"Macbeth (a.k.a. Tragedy of Macbeth, The)",0.010339558155600089
Red River,-0.029818835411542108
"Woman Under the Influence, A",0.1740946952073098
Stagecoach,-0.04538498952487296
"Shot in the Dark, A",-0.018636772132213868
"Navigator, The",-0.02609148098509951
"Court Jester, The",-0.02609148098509951
Bullitt,0.0979698500316345
Jezebel,0.011140800917163043
"Hunchback of Notre Dame, The",0.035240948434624116
42nd Street,-0.06418646228445125
That Touch of Mink,-0.11854830020707899
Sweet Dreams,-0.022364126558656473
"Play It Again, Sam",-0.018355002266052033
Send Me No Flowers,-0.09543409540158396
Pygmalion,-0.02609148098509951
"Passage to India, A",-0.05984141664438707
Black Orpheus (Orfeu Negro),-0.06133111942513023
Amarcord,-0.12659494498489207
Hero (Ying xiong),-0.18498560269409584
Horse Feathers,-0.016833709007948432
Anna Karenina,-0.10699119780433178
"Front Page, The",-0.11854830020707899
Rivers and Tides,0.015757926856708026
Nausicaä of the Valley of the Wind (Kaze no tani no Naushika),-0.21417597853419182
Doc Hollywood,-0.0637778689861354
Dragnet,-0.07838301083133019
Madhouse,0.07277038637145392
1941,0.05209076353621937
Foul Play,-0.044780277748319365
Crime Story (Zhong an zu),-0.1874125115403053
Beyond the Clouds (Al di là delle nuvole),-0.06934261441648473
"Collector, The",6.535570658097029e-05
Deep Red (Profondo rosso),-0.2651596492221736
Diabolique (Les diaboliques),-0.07698634607373936
Leprechaun,0.16747805080692346
Wings of Honneamise (Ôritsu uchûgun Oneamisu no tsubasa),0.021273340774943035
Adam's Rib,-0.15497109075227836
King of Hearts,0.004356496448443972
Naked Lunch,0.11712494219781955
Grass,0.12284825201234972
Spring Forward,-0.04064296367105718
Run,0.044606653185242796
"Summer Place, A",-0.06934261441648473
"Night at the Opera, A",0.021107516177089246
"Element of Crime, The (Forbrydelsens Element)",0.01163775318584494
"Cooler, The",-0.0686809987950594
In America,-0.041266284615474255
My Flesh and Blood,-0.029818835411542108
Honey,-0.033277403688480985
"Last Samurai, The",-0.03277633932799842
Big Fish,0.5804214672999672
Something's Gotta Give,-0.3087684218621506
Stuck on You,-0.0944370175342825
Girl with a Pearl Earring,-0.029469221893978256
"Lord of the Rings: The Return of the King, The",0.4498600932164292
Mona Lisa Smile,-0.12383910131706978
Calendar Girls,-0.1234016793775656
"Fog of War: Eleven Lessons from the Life of Robert S. McNamara, The",-0.022469112458941443
House of Sand and Fog,-0.11312452433781751
Monster,0.3297036319006575
Cheaper by the Dozen,-0.007945137508465953
Cold Mountain,-0.019683380354436914
Paycheck,0.12941205431280373
Peter Pan,0.015668889118555126
"Company, The",0.020559985573436926
Japanese Story,-0.022364126558656473
Chasing Liberty,-0.14846601725456576
Aileen: Life and Death of a Serial Killer,-0.019038171114521125
Along Came Polly,-0.031517167417487474
Torque,-0.03512174749477438
Crimson Gold (Talaye sorgh),0.023986649835676346
Osama,-0.02609148098509951
"Great Gatsby, The",-0.009585804038818691
Wuthering Heights,-0.00798817003234892
Ship of Fools,-0.012095047808278308
This Property is Condemned,-0.010694811013371948
Jane Eyre,-0.02609148098509951
Blame It on the Bellboy,-0.04064296367105718
Only the Strong,-0.1195585309590646
"Adventures of Ford Fairlane, The",-0.013229649573141355
Beyond Re-Animator,-0.10838405660033104
"Wind and the Lion, The",-0.04599833956884766
Mon Oncle (My Uncle),0.07800010102739015
Dr. Jekyll and Mr. Hyde,-0.027280613410283035
"M. Hulot’s Holiday (Mr. Hulot's Holiday) (Vacances de Monsieur Hulot, Les)",0.05877424151547454
People Will Talk,-0.02609148098509951
I Was a Male War Bride,-0.13383275703626937
To Have and Have Not,-0.11400503463516144
High Sierra,-0.030552986520678165
Dark Passage,-0.029818835411542108
"Ox-Bow Incident, The",-0.013801070737551878
They Drive by Night,-0.029818835411542108
Reefer Madness (a.k.a. Tell Your Children),0.10200101487608312
D.O.A.,-0.018636772132213868
Pumping Iron,0.01174312971753641
Cool World,0.16628632318395078
"Strada, La",-0.2781640482482519
Ichi the Killer (Koroshiya 1),-0.09100945622795074
"Boy and His Dog, A",0.15413580841713337
Ashes and Diamonds (Popiól i diament),0.13927575616584764
Intolerance: Love's Struggle Throughout the Ages,-0.022894762845923573
Tormented,0.008184671219786784
Chitty Chitty Bang Bang,0.2481139684519121
"Suriyothai (a.k.a. Legend of Suriyothai, The)",0.023986649835676346
Where the Day Takes You,0.027413314097915944
The Butterfly Effect,0.2707534396154554
Win a Date with Tad Hamilton!,-0.07173476281075196
Touching the Void,-0.015968163654350144
"Big Bounce, The",-0.01762565581038237
"Perfect Score, The",0.08244468146828085
You Got Served,-0.0792130639156838
Latter Days,-0.010875330664424311
Barbershop 2: Back in Business,-0.03037561669110868
Catch That Kid,-0.03596828382007412
Miracle,-0.19503211946884472
An Amazing Couple,-0.003247921232800535
"Dreamers, The",-0.014763381320911824
"Lost Skeleton of Cadavra, The",0.03762335888025603
"Hip Hop Witch, Da",0.013910853472699181
Thirteen,0.058073030466963146
Best Defense,-0.05778551201373734
50 First Dates,0.14793376083771345
Welcome to Mooseport,0.027857673448667745
Kitchen Stories (Salmer fra kjøkkenet),-0.07110349128177328
Monsieur Ibrahim (Monsieur Ibrahim et les fleurs du Coran),-0.019156368180285648
Diary of a Country Priest (Journal d'un curé de campagne),-0.09595957969021682
"Thief of Bagdad, The",-0.022894762845923573
The Diary of Anne Frank,-0.03880969051351896
Allegro non troppo,0.01877563401755112
Black Widow,-0.024578333806309336
"Herod's Law (Ley de Herodes, La)",-0.01537025356570245
Flesh & Blood,-0.17725177062254102
King Solomon's Mines,0.05900318585719518
Raw Deal,0.1697136506506143
"Goodbye, Mr. Chips",-0.010510094435040267
"Follow Me, Boys!",-0.000687505728236652
Against the Ropes,-0.02535606658602792
Confessions of a Teenage Drama Queen,0.005552910106531232
EuroTrip,-0.006259970932358169
"Passion of the Christ, The",-0.05432142479766027
Club Dread,-0.09543787826394967
Dirty Dancing: Havana Nights,-0.032251232951416735
Twisted,0.13138182174067345
"Good bye, Lenin!",-0.05518622573867004
Hidalgo,0.0243858306625665
Starsky & Hutch,0.2961027261628359
"Reckoning, The",-0.02609148098509951
Persona,-0.24236076154555689
"Passion of Anna, The (Passion, En)",-0.05366472949698903
"Corbeau, Le (Raven, The)",-0.06712959840084169
Pickup on South Street,0.05679973482549773
"Damned, The (La Caduta degli dei)",-0.05366472949698903
Just One of the Guys,-0.0014091260102331484
"Wrong Arm of the Law, The",-0.08089971681923226
Agent Cody Banks 2: Destination London,0.0005228456526477623
"Girl Next Door, The",-0.10720052340579415
Secret Window,0.2500369483248414
Spartan,-0.1285528971831425
Broken Wings (Knafayim Shvurot),0.004490790878258354
Wilbur Wants to Kill Himself,0.00023727592595464405
Mad Dog and Glory,-0.053407131929613536
Peyton Place,-0.02609148098509951
Dawn of the Dead,0.2811588212527505
Eternal Sunshine of the Spotless Mind,0.48418673336369844
Taking Lives,0.18182447695439802
Intermission,0.027413314097915944
Jersey Girl,-0.14326835630279466
"Ladykillers, The",0.279712813654761
Never Die Alone,0.10356011479527504
Scooby-Doo 2: Monsters Unleashed,0.0060132789560955755
Dogville,-0.25658894075632205
Ned Kelly,0.024554013659360312
Hellboy,0.11439367660185407
"Prince & Me, The",-0.16328047607053556
Walking Tall,0.09904975804182761
"United States of Leland, The",0.060925513557034114
The Alamo,-0.1023233340976837
Ella Enchanted,-0.05968891096507069
"Whole Ten Yards, The",-0.16052620999095252
I'm Not Scared (Io non ho paura),-0.13383275703626937
"Ten Commandments, The",-0.056786588178161325
Dawn of the Dead,0.32916302240239287
Prey for Rock & Roll,0.010279992786718463
Those Magnificent Men in Their Flying Machines,-0.03833194964070643
Cheaper by the Dozen,0.029509470124511373
Scenes From a Marriage (Scener ur ett äktenskap),-0.08395034817356038
Munchies,0.02384303487498898
Going in Style,-0.018636772132213868
After Hours,-0.26343190837108554
Kill Bill: Vol. 2,0.24159181813687813
"Punisher, The",0.2276598284992537
Paper Clips,-0.07477919018663474
This So-Called Disaster,-0.07112518642435009
13 Going on 30,-0.0006084231275918383
Man on Fire,-0.11467911145282726
Envy,0.03310560555167404
Godsend,0.07194155979755314
Laws of Attraction,-0.027688660492400364
Mean Girls,0.029228590002245532
Van Helsing,0.14782575055674987
"Mudge Boy, The",0.017446196458441386
Breakin' All the Rules,0.00634319081187012
Troy,0.027347583670378352
Carandiru,0.15668522568657858
Coffee and Cigarettes,-0.14441340261846944
Eye See You (D-Tox),0.05528167564096164
Watch on the Rhine,-0.029818835411542108
Enemy Mine,-0.02397964426726427
Enter the Dragon,-0.022148313209812198
Happy Together (a.k.a. Buenos Aires Affair) (Chun gwong cha sit),-0.13520778677737572
Henry & June,-0.09245681922197976
Martin,0.09440509737151227
"Three Faces of Eve, The",0.021160196800164056
100 Girls,-0.07494738062750951
Fail-Safe,-0.029818835411542108
Paperhouse,0.08260446020007328
Dobermann,-0.09032004716694259
Kwaidan (Kaidan),0.005352980522089439
28 Up,0.03178820585864079
You Only Live Twice,0.050281584018200244
Octopussy,-0.0691952249396778
Wit,-0.03354618983798495
Never Say Never Again,-0.07723176548789477
Pride and Prejudice,-0.13792017928069222
"Fountainhead, The",-0.07208982055394715
Woman of the Year,-0.12227565463352195
"Samouraï, Le (Godson, The)",-0.20904523429777414
Oklahoma!,-0.045019053864970696
Desert Hearts,-0.01398256799711704
Body Double,-0.03833194964070643
Chaplin,-0.03540620814739053
"Miracle Worker, The",0.015887784698308854
Monster in a Box,-0.01382291178088947
School Ties,-0.04867631927683132
Raising Cain,0.0069554267363495905
Rose Red,0.10344499920311455
Noises Off...,0.024887551226606557
Babylon 5: In the Beginning,-0.04250652524383605
"Witchfinder General (Conquerer Worm, The)",0.05200425619408909
Versus,-0.215637261891458
Pride and Prejudice,-0.0688386800053579
"China Syndrome, The",-0.1628624125730753
"Wages of Fear, The (Salaire de la peur, Le)",-0.08862643253011938
Look Who's Talking Too,0.10049370671530744
"Bells of St. Mary's, The",-0.02609148098509951
"Delta Force, The",-0.04064296367105718
Pat and Mike,-0.12227565463352195
Animal Crackers,-0.022159502128274094
"He Said, She Said",-0.04064296367105718
Bedazzled,0.027821706945398362
Cat People,-0.029818835411542108
Camelot,-0.029818835411542108
"Lonely Guy, The",-0.02609148098509951
"Four Musketeers, The",-0.12251027199962328
Protocol,-0.022364126558656473
"Postman Always Rings Twice, The",-0.04114108211581813
Matinee,0.06633801076915401
Baxter,6.535570658097029e-05
Explorers,0.08606760167366807
"Scent of Green Papaya, The (Mùi du du xhan - L'odeur de la papaye verte)",-0.06133111942513023
Pierrot le fou,-0.15016269212428765
Weekend (a.k.a. Le Week-end) (Week End),-0.06133111942513023
Tuesdays with Morrie,-0.023518844608142044
Alexander Nevsky (Aleksandr Nevskiy),-0.04587307189454579
Jason and the Argonauts,0.0523921255331511
"Tinker, Tailor, Soldier, Spy",-0.11078489871849001
Throne of Blood (Kumonosu jô),-0.040790089262182395
"Best of Youth, The (La meglio gioventù)",-0.13112179978097524
Undercurrent,-0.02609148098509951
"Bang, Bang, You're Dead",0.05200864895736233
Twister,0.020866280209048765
Sniper,-0.02989402139406412
Genghis Blues,-0.012095047808278308
"11'09""01 - September 11",-0.12227565463352195
"Warriors, The",0.27338860788861985
Babylon 5: A Call to Arms,-0.03043597791869341
Babylon 5: The River of Souls,-0.01256264223829521
Babylon 5: Thirdspace,-0.005733684203170612
True Stories,0.005875138683898278
"Virgin Spring, The (Jungfrukällan)",-0.07251455747041866
Mogambo,-0.022364126558656473
"Secret Life of Walter Mitty, The",-0.02609148098509951
Another Thin Man,-0.02609148098509951
"Thin Man Goes Home, The",-0.02609148098509951
Shadow of the Thin Man,-0.02609148098509951
After the Thin Man,-0.010294736247614598
Song of the Thin Man,-0.02609148098509951
Love Crazy,-0.02609148098509951
Gunga Din,-0.06485055086562003
Children of Dune,-0.008486618383609965
Dune,0.02606547254401624
Lammbock,0.003307675341802452
"Legend, The (Legend of Fong Sai-Yuk, The) (Fong Sai Yuk)",-0.06056475619494239
Tremors II: Aftershocks,0.14439369078469494
Tremors 3: Back to Perfection,0.041459452277578385
Notorious C.H.O.,-0.03457802956470352
The Plague of the Zombies,-0.022364126558656473
I Walked with a Zombie,-0.026026125278518414
Highway 61,0.01714141584183136
How to Succeed in Business Without Really Trying,-0.018658615911730087
Pat Garrett and Billy the Kid,0.09184370541227177
"Last Man on Earth, The (Ultimo uomo della Terra, L')",0.06633801076915401
"Duck, You Sucker",-0.03686063533822556
Bring Me the Head of Alfredo Garcia,-0.025018380227735205
Ride the High Country,-0.02609148098509951
Master of the Flying Guillotine (Du bi quan wang da po xue di zi),0.00751347399052973
Frankenstein Must Be Destroyed,-0.022364126558656473
Gidget,-0.08089971681923226
Desperate Living,-0.012095047808278308
Stray Dog (Nora inu),-0.003925314196671119
"Hidden Fortress, The (Kakushi-toride no san-akunin)",-0.062027681891998435
High and Low (Tengoku to jigoku),0.022592849351662465
"People Under the Stairs, The",0.17398816495052663
Dark Days,0.10609236572858738
Zelig,-0.0619674616905935
Shame (Skammen),-0.06133111942513023
"Silence, The (Tystnaden)",-0.07091692346394889
Winter Light (Nattvardsgästerna),-0.05366472949698903
Through a Glass Darkly (Såsom i en spegel),-0.0689975093532716
The Magician,-0.014378706058228006
"Killers, The",-0.012267618433379453
"Night of the Iguana, The",-0.022364126558656473
Nightbreed,-0.030665559712565117
Ken Park,0.00044965047559875467
Monterey Pop,0.12186628664511685
"Bridge Too Far, A",-0.05901180868443036
Infernal Affairs (Mou gaan dou),0.11484902228216037
"Tale of Two Sisters, A (Janghwa, Hongryeon)",-0.06852823544607356
Broadway Danny Rose,0.04020933681518341
From Beyond,-0.14451207546710818
Robot Jox,-0.02032148183552859
Dolls,-0.03833194964070643
Space Truckers,-0.04064296367105718
Death Race 2000,-0.03327114476799024
"Bucket Of Blood, A",-0.03833194964070643
Brigadoon,-0.03462451280991658
"Power of One, The",-0.01643503720973517
"Weather Underground, The",0.07527910246786215
Kikujiro (Kikujirô no natsu),-0.06505082956256646
"Spring, Summer, Fall, Winter... and Spring (Bom yeoreum gaeul gyeoul geurigo bom)",-0.12155966636965118
"Phantom Tollbooth, The",0.004112597078728827
"Getaway, The",0.1491860358578576
Dark Water (Honogurai mizu no soko kara),-0.029818835411542108
"Thing Called Love, The",0.06842522867014746
The Thief,-0.09128483736359383
How to Steal a Million,-0.23456334238509338
"Stendhal Syndrome, The (Sindrome di Stendhal, La)",-0.0808343611126513
Mean Streets,-0.2542043307625982
Jack the Bear,-0.030482222753292827
I Am a Fugitive from a Chain Gang,-0.07771636128971215
Hamburger Hill,-0.04064296367105718
Sweet Bird of Youth,-0.022364126558656473
Frankenstein Unbound,0.004490790878258354
Shiri (Swiri),0.05563374804164102
Bad Day at Black Rock,-0.02609148098509951
In China They Eat Dogs (I Kina spiser de hunde),0.0029401558593799416
Delta Force 2 (Delta Force 2: The Colombian Connection),0.0005228456526477623
Crossroads,-0.02200637095179417
"Seducing Doctor Lewis (Grande séduction, La)",-0.043513990396945625
Sunrise: A Song of Two Humans,-0.029818835411542108
Shock Corridor,0.049699767972310425
Au revoir les enfants,-0.14914533974372973
Pursuit of Happiness,-0.009314727162291161
Gladiator,-0.0003496329320321336
Indestructible Man,0.004092335609893392
"Wasp Woman, The",0.004092335609893392
Attack of the Giant Leeches,0.022867969627444508
Dead or Alive: Hanzaisha,-0.07707997953860991
Lola Montès,5.546428667255988e-05
Charly,0.09440509737151227
Lust for Life,-0.018636772132213868
"Dolce Vita, La",-0.24522503002405116
Jin Roh: The Wolf Brigade (Jin-Rô),0.23411559224189218
Rush,0.05097903221170599
Captain Blood,-0.021501555129684165
*batteries not included,0.13682231840152537
Educating Rita,-0.14543322952878607
Sansho the Bailiff (Sanshô dayû),-0.05366472949698903
Zazie dans le métro,-0.013888602178395723
"Americanization of Emily, The",0.13927575616584764
Anne of the Thousand Days,-0.029818835411542108
"Avventura, L' (Adventure, The)",-0.1537879386471099
Beyond the Valley of the Dolls,-0.05366472949698903
Hiroshima Mon Amour,-0.08114207765652788
Ugetsu (Ugetsu monogatari),-0.08248098326341938
"Day of the Jackal, The",-0.24665714841409353
Night of the Living Dead,0.1183544169088858
"Maltese Falcon, The (a.k.a. Dangerous Female)",-0.145199787453117
I Love You Again,-0.02609148098509951
Safety Last!,-0.037226003447279866
While the City Sleeps,0.000748465146376391
Little Murders,-0.03834079045048578
Viridiana,-0.06133111942513023
Masterminds,0.1183544169088858
Lupin III: The Castle Of Cagliostro (Rupan sansei: Kariosutoro no shiro),0.07288638487624961
Arizona Dream,-0.0965210864527114
3 Women (Three Women),0.07521458261208848
Grey Gardens,-0.005164212352580563
Purple Rain,0.05300411756776569
Point of No Return,0.002940826983313968
"Hairdresser's Husband, The (Le mari de la coiffeuse)",-0.14612154871896865
College,-0.02609148098509951
Mitchell,-0.011240444246389201
Used People,-0.02609148098509951
"Front Page, The",-0.02609148098509951
Dolls,-0.023322121138333606
"Man Who Came to Dinner, The",-0.029818835411542108
Make Way for Tomorrow,-0.01620336920812832
"Major and the Minor, The",-0.02609148098509951
"Caine Mutiny, The",-0.02810716600756283
Black Narcissus,-0.029818835411542108
Escape from Alcatraz,0.1292546283988388
Oliver Twist,-0.07260357740154591
Shrek 2,0.32987620261029665
"Day After Tomorrow, The",0.12651947269463648
Raising Helen,-0.011142809715470344
Soul Plane,0.06508564512823482
Baadasssss! (How to Get the Man's Foot Outta Your Ass),0.01152350872296673
Saved!,-0.14626096734045282
Harry Potter and the Prisoner of Azkaban,-0.12118976271368051
Mindhunters,-0.19390750752312924
"Blind Swordsman: Zatoichi, The (Zatôichi)",0.18639513914490535
"Chronicles of Riddick, The",0.037710886548292646
Garfield: The Movie,0.040622795973657824
"Stepford Wives, The",0.039044112907702155
"Hunting of the President, The",-0.018636772132213868
Napoleon Dynamite,0.3394152814083179
"Doctor, The",-0.01643503720973517
"Dresser, The",4.754081714791319e-05
Father Hood,-0.05080370458882147
Hello Again,-0.018636772132213868
Hope Springs,-0.002371891500454072
Lover Come Back,-0.022364126558656473
Police Academy: Mission to Moscow,-0.021899880315433287
Big Wednesday,-0.06934261441648473
Book of Love,0.027821706945398362
Hour of the Wolf (Vargtimmen),-0.08337621541149955
Suddenly,-0.02609148098509951
"Divorcee, The",-0.029818835411542108
Meet the Applegates,-0.04064296367105718
Robot Carnival (Roboto kânibauru),0.09440509737151227
Americathon,0.002245395439129177
Sands of Iwo Jima,-0.018636772132213868
This Island Earth,0.008184671219786784
Anthony Adverse,-0.022364126558656473
Blackboard Jungle,-0.08705592649168514
Luna Papa,-0.08089971681923226
Investigation of a Citizen Above Suspicion (Indagine su un cittadino al di sopra di ogni sospetto),-0.09245681922197976
To Each His Own,-0.02609148098509951
"Heiress, The",-0.02609148098509951
Dragon Seed,-0.02609148098509951
Executive Suite,-0.022364126558656473
Johnny Belinda,-0.029818835411542108
Super Size Me,0.3885747526726614
Johnny Eager,-0.02609148098509951
"Jetée, La",-0.10443359763944059
Northwest Passage,-0.022364126558656473
"Picture of Dorian Gray, The",-0.026026125278518414
"Human Condition I, The (Ningen no joken I)",0.15668522568657858
Please Don't Eat the Daisies,-0.1148209457806363
White Heat,-0.052247475913084526
"Christmas Carol, A (Scrooge)",0.037239357087249035
Memphis Belle,-0.033985324639119845
"Cincinnati Kid, The",0.000748465146376391
Animal Factory,-0.010271898256084511
Godzilla vs. Mechagodzilla (Gojira tai Mekagojira),-0.05080370458882147
"Hitcher, The",0.031821936890540706
Show Boat,-0.022364126558656473
Fear X,-0.0058658299893091775
Freaks,0.10818818019956308
"Immigrant, The",-0.09128483736359383
Silent Movie,-0.05366472949698903
Anna Christie,-0.02609148098509951
Dr. Jekyll and Mr. Hyde,-0.026026125278518414
Around the World in 80 Days,-0.031073908362203074
Dodgeball: A True Underdog Story,0.5939973787884838
"Terminal, The",-0.17253663184072054
Dear Frankie,-0.09276333209667185
White Chicks,-0.0072706954519453195
"Door in the Floor, The",-0.0028985496629792594
"Notebook, The",-0.278514344261043
Two Brothers (Deux frères),-0.02609148098509951
De-Lovely,-0.03951774807394686
"Day at the Races, A",-0.038832854383154286
Bob & Carol & Ted & Alice,-0.029870860042548332
"Claymation Christmas Celebration, A",-0.04368752868521413
"Happenstance (Battement d'ailes du papillon, Le)",-0.022364126558656473
Comandante,0.0017116694039793546
Undead,-0.004823941805055921
Into the Woods,0.055943016301861034
Pirates of Silicon Valley,0.08157504243030599
Manufacturing Consent: Noam Chomsky and the Media,-0.013373261305290684
Mayor of the Sunset Strip,0.023986649835676346
Killing Me Softly,-0.020493671420936523
"Philadelphia Experiment, The",-0.02609148098509951
Juice,0.04917116422342476
Revenge of the Pink Panther,-0.02911071583762853
Angels with Dirty Faces,-0.052256924237583456
Zero de conduite (Zero for Conduct) (Zéro de conduite: Jeunes diables au collège),-0.09245681922197976
Taxi,0.01044263457494583
Taxi 3,-0.032557967499836575
Tokyo Godfathers,0.09778523359139997
Our Hospitality,-0.04571556342446258
All of Me,-0.019050618228517682
"Farmer's Daughter, The",-0.02609148098509951
Overboard,-0.04782014524938682
Butterfield 8,-0.022364126558656473
"Exterminating Angel, The (Ángel exterminador, El)",-0.00857396415647493
Fahrenheit 9/11,0.04011338341532799
Roxanne,-0.02615976884864293
Dr. Terror's House of Horrors,-0.0034894882956742527
Secret Society,0.007397952850864929
"Last Starfighter, The",0.18310825368067607
Spider-Man 2,0.1506280341890771
Before Sunset,-0.26808856440458645
King Arthur,0.025666601422975593
Anchorman: The Legend of Ron Burgundy,0.22708786267172162
"Cinderella Story, A",-0.11329532458157514
"I, Robot",0.17219232417327132
"Maria Full of Grace (Maria, Llena eres de gracia)",0.03483062513195448
Long Day's Journey Into Night,-0.02609148098509951
"Short Film About Killing, A (Krótki film o zabijaniu)",-0.1372831769324415
"Bourne Supremacy, The",-0.2969747296649251
Catwoman,0.043859749336361595
A Home at the End of the World,0.060925513557034114
"Testament of Dr. Mabuse, The (Das Testament des Dr. Mabuse)",-0.06133111942513023
Flash Gordon Conquers the Universe,-0.012104543808044035
"Man Escaped, A (Un  condamné à mort s'est échappé ou Le vent souffle où il veut)",-0.02609148098509951
"Miracle of Marcelino, The (Marcelino pan y vino)",-0.08089971681923226
Slaughterhouse-Five,0.0050946544962953534
"Bachelor and the Bobby-Soxer, The",-0.010025081702949983
Mr. Blandings Builds His Dream House,-0.022364126558656473
My Favorite Wife,-0.022364126558656473
"New Adventures of Pippi Longstocking, The",-0.06934261441648473
Night and Day,-0.018636772132213868
"Snake Pit, The",-0.08712988875906987
"Super, The",-0.04064296367105718
"Leopard, The (Gattopardo, Il)",0.06422840646459896
"Day of the Locust, The",0.00026142282632388115
To End All Wars,-0.019355294667711825
"Woman Is a Woman, A (femme est une femme, Une)",0.007664826237129033
Biggles,0.027128864678078284
"Yesterday, Today and Tomorrow (Ieri, oggi, domani)",0.07578550886734675
Unprecedented: The 2000 Presidential Election,-0.02609148098509951
"Prime of Miss Jean Brodie, The",-0.029818835411542108
My Voyage to Italy (Il mio viaggio in Italia),-0.060964445506585654
Sherlock Holmes: Terror by Night,-0.022364126558656473
"Spy Who Came in from the Cold, The",-0.0005954303606399506
Sherlock Holmes and the Secret Weapon,-0.022364126558656473
Sherlock Holmes: The Woman in Green,-0.02609148098509951
Sherlock Holmes: Dressed to Kill,-0.025568635332451645
"Manchurian Candidate, The",-0.012261863918463515
Thunderbirds,-0.043113673147779766
"Village, The",0.19890068777747003
Garden State,0.2992208015257948
Musa the Warrior (Musa),0.07152910462496685
"Funny Thing Happened on the Way to the Forum, A",-0.02642632527925031
Collateral,-0.04873675582769217
Little Black Book,-0.056612941538005626
Code 46,0.006736186317387513
"Story of Women (Affaire de femmes, Une)",-0.037528226541056225
Harold and Kumar Go to White Castle,0.2535010207456328
"Princess Diaries 2: Royal Engagement, The",-0.1001982488911291
Danny Deckchair,-0.08062254000036374
AVP: Alien vs. Predator,0.19246617633393354
We Don't Live Here Anymore,-0.1301054026098265
Without a Paddle,0.04581807584056118
Exorcist: The Beginning,0.07785295549223127
"Bill Cosby, Himself",-0.08906951715847473
Anacondas: The Hunt for the Blood Orchid,0.032200995589387264
Suspect Zero,0.10356011479527504
Warriors of Heaven and Earth (Tian di ying xiong),-0.00533069746494483
Vanity Fair,-0.006162800677594141
Paparazzi,-0.09863565770989074
Wicker Park,0.07254324153495341
Alice Doesn't Live Here Anymore,-0.2357050315051533
Who's That Knocking at My Door?,-0.036128018866777044
Camera Buff (Amator),0.004490790878258354
"Vitelloni, I (a.k.a. The Young and the Passionate)",-0.10282400305764687
Cellular,-0.12174331601899098
Resident Evil: Apocalypse,-0.10776297925423918
Mr. 3000,-0.09912975000513824
Sky Captain and the World of Tomorrow,-0.15894340021192332
Wimbledon,-0.10760323045536396
First Daughter,-0.06682840266320582
"Forgotten, The",-0.012641566643287142
"Motorcycle Diaries, The (Diarios de motocicleta)",0.19551699716406978
Shaun of the Dead,0.8365799654952871
"Come Back, Little Sheba",-0.029818835411542108
Murder on the Orient Express,-0.029853167694587478
Mask,0.14350913231088486
Orca: The Killer Whale,0.033169005384577004
1492: Conquest of Paradise,-0.05080370458882147
Cannibal Holocaust,0.10945350566733793
Shark Tale,-0.15944805634046078
Ladder 49,0.04166865389705157
I Heart Huckabees,0.17461141294758972
Raise Your Voice,-0.0030648746313641467
Taxi,0.008414622520758032
Primer,-0.08068959485856088
Stage Beauty,0.023986649835676346
Shall We Dance?,-0.1844541570468037
Team America: World Police,0.24758634348202826
Eulogy,-0.053952425730111137
P.S.,0.004357933749362157
"Country Girl, The",-0.02609148098509951
"Rose Tattoo, The",-0.02609148098509951
"Fearless Vampire Killers, The",-0.0587160238644087
"Decline of the American Empire, The (Déclin de l'empire américain, Le)",-0.09245681922197976
Bebe's Kids,-0.02032148183552859
Friday Night Lights,-0.04075400129225775
Tarnation,-0.029818835411542108
"Final Cut, The",0.006448414921327493
Being Julia,-0.018048615726192603
Surviving Christmas,-0.07709382904213881
"Grudge, The",0.14765605557185832
Alfie,0.008653576759237442
Sideways,0.2225722384258445
The Machinist,0.11718313258308802
Vera Drake,-0.07157953814566725
Falling Angels,0.023986649835676346
Lightning in a Bottle,0.027413314097915944
Undertow,-0.022364126558656473
Saw,-0.010077762422226166
Ray,-0.13605489978530036
Birth,-0.0038811946374997007
"Incredibles, The",-0.12907932632161923
Callas Forever,-0.06934261441648473
"Polar Express, The",0.05265983812430987
Kinsey,0.08654765724657071
Seed of Chucky (Child's Play 5),0.1469156294459857
After the Sunset,-0.22412361373411427
Bridget Jones: The Edge of Reason,-0.10568327602325434
Finding Neverland,-0.22616503148702907
National Treasure,0.06459692047882208
Bad Education (La mala educación),-0.13036922342986446
"SpongeBob SquarePants Movie, The",0.007661203525185389
Alexander,-0.01208512709582244
Christmas with the Kranks,-0.06413075000033543
Guerrilla: The Taking of Patty Hearst,-0.029818835411542108
Closer,-0.08605902748690666
I Am David,-0.12972829515227977
House of Flying Daggers (Shi mian mai fu),0.11425803987854162
Ocean's Twelve,-0.1474809634708484
Blade: Trinity,-0.03727118641823943
Bush's Brain,-0.022364126558656473
Damn Yankees!,-0.02609148098509951
That's Entertainment,0.04475441304148883
D.A.R.Y.L.,-0.04064296367105718
Fire in the Sky,-0.012821256725658819
"Invisible Man Returns, The",-0.01635340203280258
Love Me If You Dare (Jeux d'enfants),-0.1705995937479286
Control Room,-0.03326445252357266
"Hunchback of Notre Dame, The",-0.0196240824393631
Sherlock Jr.,-0.0429015570377842
"Freshman, The",-0.029818835411542108
Greed,-0.029818835411542108
"Jazz Singer, The",-0.029818835411542108
"Steamboat Bill, Jr.",-0.03354618983798495
"Andalusian Dog, An (Chien andalou, Un)",-0.014205817842026486
Little Caesar,0.008301835735087172
Boudu Saved From Drowning (Boudu sauvé des eaux),-0.0023147670297326162
Scarface,-0.011695358496634936
Dinner at Eight,-0.02609148098509951
Gold Diggers of 1933,-0.022894762845923573
"Atalante, L'",-0.10401392162472736
Fury,-0.024030793934151775
Libeled Lady,-0.02609148098509951
Mr. Deeds Goes to Town,-0.048986243831022964
Camille,-0.09245681922197976
Captains Courageous,0.027413314097915944
Stage Door,-0.11293608943154874
Holiday,-0.13308429188989268
Wuthering Heights,-0.045258889404580165
"Letter, The",-0.029818835411542108
Here Comes Mr. Jordan,-0.02609148098509951
Random Harvest,-0.04428035596719202
Tales of Manhattan,-0.03834079045048578
Day of Wrath (Vredens dag),-0.09114995483667263
"Miracle of Morgan's Creek, The",0.0738859777510731
Mr. Skeffington,-0.03270680406560516
Great Expectations,0.0738859777510731
"Stranger, The",-0.022364126558656473
Easter Parade,-0.06161733828312972
"Lady from Shanghai, The",-0.02609148098509951
"Three Musketeers, The",-0.08089971681923226
Unfaithfully Yours,0.10555139678724736
"Letter to Three Wives, A",-0.029818835411542108
Annie Get Your Gun,0.011734771260969454
King Solomon's Mines,-0.022364126558656473
"Young and the Damned, The (Olvidados, Los)",-0.06133111942513023
"Star Is Born, A",-0.02609148098509951
The Wild One,-0.02609148098509951
Confidential Report,-0.05366472949698903
Night and Fog (Nuit et brouillard),0.15668522568657858
Teacher's Pet,-0.09245681922197976
"Human Condition II, The (Ningen no joken II)",0.15668522568657858
Pickpocket,-0.06827542051432801
When a Woman Ascends the Stairs (Onna ga kaidan wo agaru toki),0.15668522568657858
"Human Condition III, The (Ningen no joken III)",0.1740946952073098
Advise and Consent,-0.006442754417457217
Harakiri (Seppuku),-0.014060890359189174
"Music Man, The",0.0980878092348722
"Carabineers, The (Carabiniers, Les)",-0.0006929699434182831
"Hush... Hush, Sweet Charlotte",-0.01306428602532946
Onibaba,0.00044965047559875467
Robinson Crusoe on Mars,-0.030665559712565117
"Battle of Algiers, The (La battaglia di Algeri)",-0.09114848530090229
"Charlie Brown Christmas, A",0.26443133766928795
Major Dundee,-0.04064296367105718
"Thousand Clowns, A",0.007664826237129033
Andrei Rublev (Andrey Rublyov),-0.09128483736359383
Au Hasard Balthazar,-0.07975621048208831
Batman,-0.10639711709434375
Closely Watched Trains (Ostre sledované vlaky),0.13927575616584764
Tokyo Drifter (Tôkyô nagaremono),-0.215637261891458
Branded to Kill (Koroshi no rakuin),-0.18064009433388517
Play Time (a.k.a. Playtime),-0.047887959598154825
Point Blank,-0.12441403702145296
Titicut Follies,-0.05080370458882147
Asterix and Cleopatra (Astérix et Cléopâtre),-0.1093401083999476
"Diamond Arm, The (Brilliantovaya ruka)",-0.11045523258883651
Sympathy for the Devil,-0.060964445506585654
"Yours, Mine and Ours",0.061519635852355155
"Claire's Knee (Genou de Claire, Le)",0.15668522568657858
Performance,-0.06133111942513023
"White Sun of the Desert, The (Beloe solntse pustyni)",-0.08114207765652788
Zabriskie Point,-0.08114207765652788
Duel,-0.017964376330236665
They Call Me Trinity,-0.008109011945647749
"Topo, El",0.0661876632101537
Dr. Phibes Rises Again,-0.034506711405437374
Charley Varrick,-0.060964445506585654
Dark Star,-0.05080370458882147
Sisters,-0.06133111942513023
Turkish Delight (Turks fruit),-0.021145207621743857
California Split,-0.034138125762912336
Emmanuelle,0.12186628664511685
Gone in 60 Seconds,-0.056856209986993644
"Holy Mountain, The (Montaña sagrada, La)",0.10561478454344457
"Twelve Tasks of Asterix, The (Les douze travaux d'Astérix)",0.026000204242273815
French Connection II,-0.060964445506585654
"Irony of Fate, or Enjoy Your Bath! (Ironiya sudby, ili S legkim parom!)",-0.08114207765652788
"Passenger, The (Professione: reporter)",-0.037528226541056225
Trilogy of Terror,0.047891307170522666
1900 (Novecento),-0.015550775753500617
Futureworld,-0.05080370458882147
Harlan County U.S.A.,-0.005991124899166502
Silver Streak,0.035788071254040044
High Anxiety,0.0286463492692538
"New York, New York",-0.09032004716694259
"Turning Point, The",-0.09245681922197976
Five Deadly Venoms,-0.1264480660337196
Last Hurrah for Chivalry (Hao xia),-0.18064009433388517
"Clonus Horror, The",0.015698145210316518
Snake in the Eagle's Shadow (Se ying diu sau),-0.1874125115403053
Hair,-0.10321630256074081
Love at First Bite,-0.030672632360388637
"Hitch Hikers Guide to the Galaxy, The",0.06915421203474173
Smiley's People,-0.08128592734211436
Blue Thunder,0.024554013659360312
"Day After, The",-0.060964445506585654
Eddie Murphy Delirious,0.029357121012961233
"Norte, El",0.009423247666387113
Twilight Zone: The Movie,0.10161531191506933
Boy Meets Girl,-0.10838405660033104
Cloak & Dagger,-0.00533069746494483
"Ewok Adventure, The (a.k.a. Caravan of Courage: An Ewok Adventure)",-0.13886627935362386
"Silent Night, Deadly Night",0.10356011479527504
"Times of Harvey Milk, The",-0.02094278816275052
What Have I Done to Deserve This? (¿Qué he hecho yo para merecer esto!!),-0.09245681922197976
Anne of Green Gables,0.130594507437747
Death of a Salesman,-0.060964445506585654
Ewoks: The Battle for Endor,-0.17725177062254102
Police Story (Ging chaat goo si),-0.251765280758235
"Quiet Earth, The",0.013959177605244531
Spies Like Us,-0.04226780953290636
White Nights,-0.060964445506585654
'Round Midnight,0.015886908957793173
Club Paradise,-0.04064296367105718
"Sacrifice, The (Offret - Sacraficatio)",-0.18263853802156915
"Better Tomorrow, A (Ying hung boon sik)",-0.1368296751958184
"Decalogue, The (Dekalog)",-0.10142759707065965
G.I. Joe: The Movie,-0.04064296367105718
Hell Comes to Frogtown,-0.04064296367105718
"Law of Desire (Ley del deseo, La)",-0.09245681922197976
Prince of Darkness,-0.16257608490049674
"Chinese Ghost Story, A (Sinnui yauwan)",0.0387403281918364
"Better Tomorrow II, A (Ying hung boon sik II)",-0.2416045398404708
"Bourne Identity, The",0.029611859524495503
Dominick and Eugene,-0.060964445506585654
Killer Klowns from Outer Space,0.05419482710604522
Moonwalker,-0.060964445506585654
Alice (Neco z Alenky),-0.054066101893169634
Life Is a Long Quiet River (La vie est un long fleuve tranquille),-0.030672632360388637
Lonesome Dove,-0.08756022363408532
Kiki's Delivery Service (Majo no takkyûbin),-0.009463551918178872
Almost an Angel,-0.05080370458882147
Cry-Baby,0.15655971292324894
Bullet in the Head,-0.17733995560645274
Ghost Dad,-0.006492401533173318
It,0.0017116694039793546
Ju Dou,-0.05366472949698903
"Krays, The",-0.014380657558518303
Lionheart,-0.010160740917764295
Nuns on the Run,-0.02018128562159024
Patlabor: The Movie (Kidô keisatsu patorebâ: The Movie),-0.060964445506585654
State of Grace,0.035411639425427535
35 Up,0.03178820585864079
Days of Being Wild (A Fei jingjyuhn),0.15668522568657858
Begotten,-0.0023147670297326162
Dutch,-0.05080370458882147
Hearts of Darkness: A Filmmakers Apocalypse,0.0054665921072720195
Johnny Stecchino,0.013024113835842604
Riki-Oh: The Story of Ricky (Lik Wong),0.13314871902249648
Mannequin 2: On the Move,-0.030482222753292827
Only Yesterday (Omohide poro poro),-0.011573835148663085
Other People's Money,-0.05080370458882147
Quigley Down Under,0.010173356100842057
Prime Suspect 2,-0.003572582163839681
Captain America,-0.04326727607864878
City Hunter (Sing si lip yan),-0.13694531566408605
Porco Rosso (Crimson Pig) (Kurenai no buta),0.10954236482570881
"Stolen Children (Ladro di bambini, Il)",-0.09245681922197976
Ladybugs,0.060585896118117384
"Mambo Kings, The",-0.04064296367105718
Shining Through,-0.011182063279328237
Sidekicks,-0.009615942544244088
"Heart in Winter, A (Un coeur en hiver)",-0.08089971681923226
Visions of Light: The Art of Cinematography,-0.060964445506585654
Bad Boy Bubby,-0.08530057872266382
Barbarians at the Gate,-0.06312998249612291
Fortress,0.003742325731881939
Mr. Nanny,-0.030482222753292827
"Snapper, The",-0.010367183835667095
Sonatine (Sonachine),0.0004996116395542425
"Stand, The",-0.10142759707065965
"Darkman II: Return of Durant, The",-0.05080370458882147
Freaked,-0.07112518642435009
Fist of Legend (Jing wu ying xiong),-0.06161686850951314
Major League II,0.06912575264602706
My Father the Hero,-0.05491426127081653
"Pure Formality, A (Pura formalità, Una)",-0.09245681922197976
"Langoliers, The",0.016944637013746808
"Last Wedding, The (Kivenpyörittäjän kylä)",-0.021388217843111703
Last of the Dogmen,-0.010271898256084511
Whisper of the Heart (Mimi wo sumaseba),-0.03169377988043569
Street Fighter II: The Animated Movie (Sutorîto Faitâ II gekijô-ban),-0.030482222753292827
"Summer's Tale, A (Conte d'été)",0.1740946952073098
"Late Shift, The",-0.05080370458882147
Pusher,-0.05080370458882147
Emma,-0.008450209274017339
"Boxer, The",-0.03300952902984644
Gummo,0.09310807147655552
Nirvana,-0.10401392162472736
"Lion King II: Simba's Pride, The",0.057790104887861536
From the Earth to the Moon,-0.07112518642435009
Beowulf,0.10445681712438581
RKO 281,0.032655850151937255
From Dusk Till Dawn 2: Texas Blood Money,-0.02032148183552859
Gia,0.06334667896834234
Thursday,0.004400184969909707
Who Am I? (Wo shi shei),-0.2054765209736938
Merlin,0.005714731395952571
Brave New World,-0.030482222753292827
Addams Family Reunion,0.005722132235315113
Purgatory,-0.05080370458882147
Bleeder,-0.04064296367105718
Dark Portals: The Chronicles of Vidocq  (Vidocq),-0.08114207765652788
Candyman 3: Day of the Dead,0.03591848037789199
"Batman/Superman Movie, The",-0.04064296367105718
"Neon Genesis Evangelion: The End of Evangelion (Shin seiki Evangelion Gekijô-ban: Air/Magokoro wo, kimi ni)",-0.017153843002422158
Style Wars,0.15668522568657858
In July (Im Juli),-0.09245681922197976
Kirikou and the Sorceress (Kirikou et la sorcière),0.04681893694386795
Taxi 2,-0.05035666998682882
If These Walls Could Talk 2,-0.012428949330770649
"10th Kingdom, The",-0.010418215210197833
"Wind Will Carry Us, The (Bad ma ra khahad bord)",-0.08089971681923226
2046,0.0020255195496911055
Bartleby,-0.030482222753292827
Batman Beyond: Return of the Joker,0.17130572013829765
Audition (Ôdishon),-0.0014840939619337012
"Nine Lives of Tomas Katz, The",-0.031193865152648544
Monday,0.15668522568657858
Paradise Lost 2: Revelations,0.04475441304148883
Asterix & Obelix: Mission Cleopatra (Astérix & Obélix: Mission Cléopâtre),-0.022146662571949895
Daria: Is It Fall Yet?,0.037320971602214
Late Night Shopping,0.0665815756577844
61*,0.02428434616579547
Joint Security Area (Gongdong gyeongbi guyeok JSA),-0.2489443453319295
Ripley's Game,-0.1288201984631637
Jalla! Jalla!,0.00935627450261086
Teknolust,-0.04064296367105718
"Accidental Spy, The (Dak miu mai shing)",-0.09032004716694259
Darkness,-0.068487150792036
Blood: The Last Vampire,-0.19531578005592956
Blueberry,-0.010271898256084511
American Psycho II: All American Girl,-0.01427129759975922
Ali G Indahouse,-0.012111096840285036
Dead or Alive 2: Tôbôsha,-0.16257608490049674
Cube 2: Hypercube,0.004852080286735696
Pulse (Kairo),-0.10838405660033104
Dog Days (Hundstage),4.754081714791319e-05
My Sassy Girl (Yeopgijeogin geunyeo),0.07947678291662989
Nothing,0.049699767972310425
Undertaking Betty (Plots with a View),-0.01427129759975922
Dead or Alive: Final,-0.030482222753292827
Fubar,0.08315882620058328
"Happiness of the Katakuris, The (Katakuri-ke no kôfuku)",-0.06506659411208614
Dead End,-0.07947893405866009
Sympathy for Mr. Vengeance (Boksuneun naui geot),-0.12583517872358035
Jesus Christ Vampire Hunter,-0.010160740917764295
Suicide Club (Jisatsu saakuru),-0.06416568209058074
Battlestar Galactica,0.0031873662124676893
"Sound of Thunder, A",0.13740557783500237
"Lion King 1½, The",-0.05650784025574709
Oasis,-0.10401392162472736
Remember Me (Ricordati di me),-0.08089971681923226
"Animatrix, The",0.27496037190154565
"Brown Bunny, The",0.002198982184221893
Ju-on: The Curse,0.03591848037789199
11:14,0.07232915052269892
Tremors 4: The Legend Begins,0.0433554276056319
Bring It On Again,-0.01694449609978963
"Crimson Rivers 2: Angels of the Apocalypse (Rivières pourpres II - Les anges de l'apocalypse, Les)",0.0018375974121124597
And Starring Pancho Villa as Himself,0.016428679765357238
Nicotina,-0.0008918493188877967
Battle Royale 2: Requiem (Batoru rowaiaru II: Chinkonka),0.03257163102975999
In Hell,-0.008562778559855568
Lemony Snicket's A Series of Unfortunate Events,-0.12606911087266268
Helen of Troy,-0.020493671420936523
"Green Butchers, The (Grønne slagtere, De)",0.003307675341802452
"Very Long Engagement, A (Un long dimanche de fiançailles)",-0.001603076869059107
Last Life in the Universe (Ruang rak noi nid mahasan),-0.3442220999802149
Ghost in the Shell 2: Innocence (a.k.a. Innocence) (Inosensu),-0.0742992303802971
"Cat Returns, The (Neko no ongaeshi)",0.06375448308320951
"Twilight Samurai, The (Tasogare Seibei)",-0.19132098992926724
"Facing Windows (Finestra di fronte, La)",-0.10401392162472736
Ginger Snaps: Unleashed,-0.10838405660033104
'Salem's Lot,0.007466076799734189
Comic Book: The Movie,-0.05080370458882147
Intimate Strangers (Confidences trop intimes),-0.013024561356683673
Down to the Bone,-0.060964445506585654
Ju-on: The Grudge,0.0964871556279414
Old Boy,0.1224125421583065
Red Lights (Feux rouges),0.009339565201972953
Ginger Snaps Back: The Beginning,-0.10838405660033104
One Missed Call (Chakushin ari),-0.030482222753292827
"Jacket, The",0.15399547745899286
Millions,-0.21537690570040166
Starship Troopers 2: Hero of the Federation,0.013460195197948324
Ong-Bak: The Thai Warrior (Ong Bak),-0.007162066292044934
Infernal Affairs 2 (Mou gaan dou II),0.06503314140844785
"Sea Inside, The (Mar adentro)",-0.24608593458133574
Spanglish,-0.23398178893210192
"Chorus, The (Choristes, Les)",-0.07354999341394738
Saints and Soldiers,-0.0449603547750926
"Story of the Weeping Camel, The (Geschichte vom weinenden Kamel, Die)",-0.021516999676455015
"Interpreter, The",-0.16089511864343434
Open Water,0.17188034291117407
Touch of Pink,-0.030672632360388637
Slasher,-0.07112518642435009
"Bobby Jones, Stroke of Genius",-0.006653376544493717
Layer Cake,-0.10134989420525829
"Return, The (Vozvrashcheniye)",-0.11176410757316291
Flight of the Phoenix,0.04871999598049636
Mean Creek,0.008186370580112748
"Ring Two, The",0.1060421871389305
"Corporation, The",-0.061369141955230945
"Yes Men, The",-0.011695358496634936
Azumi,-0.07092534176852841
In My Father's Den,-0.005626701079189329
Tae Guk Gi: The Brotherhood of War (Taegukgi hwinalrimyeo),0.07152910462496685
Metallica: Some Kind of Monster,0.056898354707772124
Born into Brothels,-0.042780300879784475
DiG!,0.10165867953212268
Riding Giants,0.0650986032717648
What the #$*! Do We Know!? (a.k.a. What the Bleep Do We Know!?),0.02574863290786633
"Scanner Darkly, A",0.3164905143520705
Casshern,-0.1264480660337196
Outfoxed: Rupert Murdoch's War on Journalism,-0.02910913444372727
Million Dollar Baby,-0.1657727912471001
Gozu (Gokudô kyôfu dai-gekijô: Gozu),-0.04749137531138853
Hotel Rwanda,-0.1800828308696547
Charlie and the Chocolate Factory,0.01355770919538766
3-Iron (Bin-jip),-0.17856045593637684
"Life Aquatic with Steve Zissou, The",0.5021146831477376
"Aviator, The",-0.24937443499355602
"Phantom of the Opera, The",-0.26037527872734234
Beyond the Sea,0.004150917867543586
"Woodsman, The",0.040140227970001774
In Good Company,-0.04083910420618972
Meet the Fockers,-0.03526987165702838
"Assassination of Richard Nixon, The",-0.01882737471689815
"Love Song for Bobby Long, A",-0.022135933301807853
"Merchant of Venice, The",-0.07806734932207551
Fat Albert,0.01740669347577652
"Keys to the House, The (Chiavi di casa, Le)",-0.06934261441648473
White Noise,0.20221324415615624
"Upside of Anger, The",-0.15402818085406303
Little Miss Marker,-0.09245681922197976
Sweet Liberty,0.020461678049466955
I Remember Mama,-0.029818835411542108
Smooth Talk,-0.034138125762912336
Out Cold,-0.01427129759975922
Man Trouble,-0.014909417705771054
Battles Without Honor & Humanity (Jingi naki tatakai),-0.1264480660337196
Stander,0.015087036190614411
Imaginary Heroes,-0.1137482012739511
Sergeant York,-0.03278817300175344
Ruby & Quentin (Tais-toi!),-0.013215754763589934
Wizards,0.04422534051276935
"Life and Death of Peter Sellers, The",0.020559985573436926
Appleseed (Appurushîdo),-0.02963727045037128
"Many Adventures of Winnie the Pooh, The",0.10356011479527504
Elektra,0.013971977473204096
Racing Stripes,-0.03596828382007412
Coach Carter,-0.08363380336863352
Boys Town,-0.02609148098509951
Gold Diggers of 1935,-0.022894762845923573
Rocco and His Brothers (Rocco e i suoi fratelli),-0.08089971681923226
Memories of Murder (Salinui chueok),-0.06663580864753275
"Chase, The",-0.04064296367105718
"Downfall (Untergang, Der)",0.14997827620814366
Assault on Precinct 13,-0.16464129151767073
Are We There Yet?,0.0069554267363495905
Alone in the Dark,0.0069554267363495905
Hide and Seek,0.1098853570749405
Boogeyman,0.027218071641984264
"Wedding Date, The",-0.14261368384665593
Rory O'Shea Was Here (Inside I'm Dancing),-0.00749345239865759
Nobody Knows (Dare mo shiranai),-0.020479270209569196
Employee of the Month,-0.031253697726134726
"Marriage of Maria Braun, The (Ehe der Maria Braun, Die)",-0.037528226541056225
"Trou, Le (Hole, The) (Night Watch, The)",0.13927575616584764
Double Dragon,-0.02032148183552859
Hands Off the Loot (Touchez pas au grisbi),-0.04599833956884766
Purple Butterfly (Zi hudie),0.008301835735087172
El Cid,0.044387717105189496
Howl's Moving Castle (Hauru no ugoku shiro),0.0628555296041723
Steamboy (Suchîmubôi),-0.01836464438746248
Gorgeous (Boh lee chun),-0.07112518642435009
Hitch,-0.7481778047558835
Uncle Nino,0.0010377294668858965
Bride & Prejudice,-0.03333451750568571
Constantine,-0.11108758739781448
Son of the Mask,0.02167771380281595
Because of Winn-Dixie,-0.05817245692545552
Turtles Can Fly (Lakposhtha hâm parvaz mikonand),0.008301835735087172
Bunny Lake Is Missing,-0.05366472949698903
Night Watch (Nochnoy dozor),-0.08183680855564798
Sons of the Desert,-0.023004474270291494
Man of the House,-0.053952425730111137
Kung Fu Hustle (Gong fu),-0.21883663722398772
Zelary,-0.029818835411542108
Dr. Giggles,0.1183544169088858
"Seven-Per-Cent Solution, The",-0.05080370458882147
"Three Musketeers, The",-0.0375469651942832
Royal Flash,-0.030672632360388637
Control (Kontroll),0.12186628664511685
Germany Year Zero (Germania anno zero) (Deutschland im Jahre Null),-0.08089971681923226
Tyler Perry's Diary of a Mad Black Woman,0.047048343443078004
Cursed,0.05263376212465029
"Pacifier, The",0.023097837428347586
Be Cool,0.0012810795901291598
Gunner Palace,-0.027885202604458963
Hostage,0.0636824875879219
Robots,0.03968409758532907
Class Action,-0.04064296367105718
"Cat and the Canary, The",-0.023004474270291494
"Oh, God! You Devil",0.017133321311197425
"Agony and the Ecstasy, The",0.01877563401755112
Elevator to the Gallows (a.k.a. Frantic) (Ascenseur pour l'échafaud),-0.012781072051758248
Cube Zero,0.1243282671999111
Julia,-0.09245681922197976
Stealing Rembrandt (Rembrandt),-0.026838553315340054
Ice Princess,-0.058285056202450954
Melinda and Melinda,-0.03644406567595627
Milk and Honey,-0.009314727162291161
Miss Congeniality 2: Armed and Fabulous,-0.08553548140759032
Guess Who,-0.018321569381242363
D.E.B.S.,-0.06514838707148188
"League of Ordinary Gentlemen, A",0.06962915835089616
Incident at Loch Ness,-0.05366472949698903
"Sword of Doom, The (Dai-bosatsu tôge)",-0.07062557478479574
800 Bullets (800 Balas),-0.03833194964070643
If Looks Could Kill,-0.04064296367105718
Greedy,-0.05080370458882147
"Pom Poko (a.k.a. Raccoon War, The) (Heisei tanuki gassen pompoko)",0.18170711231978642
Knockin' on Heaven's Door,-0.10168910568275047
We're No Angels,0.042326278740288055
"Touch of Zen, A (Xia nu)",0.15668522568657858
Walker,-0.05080370458882147
Memories (Memorîzu),0.14489288631704628
"Wild Parrots of Telegraph Hill, The",-0.05082482956409682
"Ballad of Jack and Rose, The",-0.09121028066130604
Sin City,0.16619596878438875
Beauty Shop,-0.03596828382007412
Sahara,-0.09244953873639043
Fever Pitch,-0.2316002625902935
Eros,-0.08089971681923226
Not on the Lips (Pas sur la bouche),-0.08089971681923226
Electra Glide in Blue,0.007264106268201271
"Special Day, A (Giornata particolare, Una)",-0.09245681922197976
"Man Who Planted Trees, The (Homme qui plantait des arbres, L')",0.12935555428834247
Tanguy,3.961734762327426e-05
National Lampoon's Lady Killers (National Lampoon's Gold Diggers),0.0207915389632725
"Little Girl Who Lives Down the Lane, The",-0.09245681922197976
Ringu 0: Bâsudei,0.06503314140844785
Brothers (Brødre),-0.05199155422315725
Maidens in Uniform (Mädchen in Uniform),-0.010875330664424311
With Six You Get Eggroll,-0.09245681922197976
Holiday (Jour de fête),4.754081714791319e-05
Ivan's Childhood (a.k.a. My Name is Ivan) (Ivanovo detstvo),-0.10374236410039236
"Trip to the Moon, A (Voyage dans la lune, Le)",-0.06394037066724961
"Ascent, The (Voskhozhdeniye)",0.12186628664511685
Carrie,0.017446196458441386
Boccaccio '70,0.13927575616584764
"Hitchhiker's Guide to the Galaxy, The",0.40538547574191414
"Amityville Horror, The",0.19458329213511674
Mutant Aliens,-0.09930523595707157
Before the Fall (NaPolA - Elite für den Führer),-0.07099931794946182
"Frisco Kid, The",-0.05080370458882147
State Property 2,0.044382906340832126
Palindromes,0.0004996116395542425
"Lot Like Love, A",0.011698920357015823
King's Ransom,-0.0449603547750926
Enron: The Smartest Guys in the Room,-0.06668174072491223
xXx: State of the Union,-0.06078186344162479
Kingdom of Heaven,-0.21145956135931804
House of Wax,0.030451163258327776
Crash,0.39068670151315044
Mysterious Skin,-0.0023593004259416595
Mischief,-0.03833194964070643
Between Your Legs (Entre las piernas),0.00495020809114847
San Francisco,-0.09245681922197976
Vampire Hunter D,-0.05080370458882147
"Common Thread, A (a.k.a. Sequins) (Brodeuses)",-0.10401392162472736
"Cocoanuts, The",0.018502375190899707
Dear Wendy,0.010314272413890404
Los Angeles Plays Itself,-0.07112518642435009
Unleashed (Danny the Dog),0.08163708057626724
Star Wars: Episode III - Revenge of the Sith,0.06807498558847089
Kicking & Screaming,0.03307043043701091
Monster-in-Law,-0.036307956235982486
"Snow Walker, The",-0.012326277907301451
Divorce - Italian Style (Divorzio all'italiana),-0.09889957363943702
Madagascar,-0.20233734794311428
Airborne,-0.05080370458882147
Mad Hot Ballroom,-0.09213895452348891
Dominion: Prequel to the Exorcist,0.05419428450703988
"Longest Yard, The",-0.12209813537334974
Saving Face,-0.015536186663463384
Cinderella Man,-0.3430228624066173
"Sisterhood of the Traveling Pants, The",-0.06940278393294176
Lords of Dogtown,0.09361781690303814
Rock School,0.06747069954014152
Mr. & Mrs. Smith,-0.14758800481491824
"Adventures of Sharkboy and Lavagirl 3-D, The",0.025645624733668645
High Tension (Haute tension) (Switchblade Romance),-0.06286663970041553
It's All Gone Pete Tong,0.012210628975504177
Eddie Izzard: Dress to Kill,-0.014139131109228084
Quo Vadis,-0.026051863637476202
Batman Begins,0.27147699875313597
Godzilla: Final Wars (Gojira: Fainaru uôzu),-0.060964445506585654
"Perfect Man, The",-0.05340669689042143
Saint Ralph,0.017133321311197425
Herbie: Fully Loaded,-0.02538040548645023
Land of the Dead,0.16328899362270977
Bewitched,-0.07305186018247667
Rize,0.023986649835676346
Me and You and Everyone We Know,-0.11419083846880564
"Perfect Crime, The (Crimen Ferpecto) (Ferpect Crime)",-0.023055380348553645
3 Extremes (Three... Extremes) (Saam gaang yi),-0.10406874477416718
"Edukators, The (Die Fetten Jahre sind vorbei)",0.0058445591330537035
Cop and ½,-0.030482222753292827
At the Circus,0.024554013659360312
War of the Worlds,0.09177673110424506
"March of the Penguins (Marche de l'empereur, La)",-0.04872677293656211
Rebound,-0.053952425730111137
Dark Water,0.038301031210089855
"Beat That My Heart Skipped, The (battre mon coeur s'est arrêté, De)",-0.04805801459822615
Fantastic Four,-0.23624128861286842
Murderball,-0.02151224304679856
Wedding Crashers,0.03912888927010835
Happy Endings,0.0030495475139108103
Hustle & Flow,-0.05051021591799429
Hardware,-0.030482222753292827
"Calcium Kid, The",-0.03834079045048578
"Island, The",0.17209490536962907
Bad News Bears,-0.20616873672464692
"Devil's Rejects, The",0.06207015573130416
Last Days,0.05523502104331416
November,-0.006978976591348505
Sky High,-0.08787484118955835
Stealth,-0.09516674095273674
Must Love Dogs,-0.05377506454499798
"Aristocrats, The",-0.11549318372212866
Georgy Girl,-0.029818835411542108
"Order, The",-0.009421981678721391
Serenity,0.04615775815182903
Broken Flowers,-0.11127878646438942
Miracles - Mr. Canton and Lady Rose,-0.16257608490049674
"Dukes of Hazzard, The",0.034835704636555366
The Chumscrubber,0.04086073020060719
Junebug,0.007126447367159464
Deuce Bigalow: European Gigolo,0.07613762670318056
"Skeleton Key, The",-0.07306052155572366
Four Brothers,0.005434737393919572
The Great Raid,-0.04630817567303585
Pretty Persuasion,0.020559985573436926
Grizzly Man,-0.04541633727247255
Private Resort,-0.030482222753292827
Pusher II: With Blood on My Hands,-0.05080370458882147
Duma,-0.02609148098509951
Animal Farm,0.0019049104653175264
"Teahouse of the August Moon, The",-0.030672632360388637
"40-Year-Old Virgin, The",0.21938101096073812
Red Eye,0.03378526615512944
Hidden (a.k.a. Cache) (Caché),-0.05538852371133874
Asterix & Obelix vs. Caesar (Astérix et Obélix contre César),-0.010953889489346945
Kin-Dza-Dza!,-0.10297778326338183
Valiant,0.022193858552594748
"Brothers Grimm, The",0.05690379492899603
"Baxter, The",-0.010645402471189912
"Cave, The",0.10989865977486
"Constant Gardener, The",-0.040363718652182336
Transporter 2,-0.284273572799254
Just Like Heaven,-0.0030086099133591697
Proof,-0.11386423339593511
Lord of War,-0.06812991646486725
Cry_Wolf (a.k.a. Cry Wolf),0.03805692854339229
Everything Is Illuminated,-0.020613100874232855
Thumbsucker,-0.022616352611500253
Family Guy Presents Stewie Griffin: The Untold Story,0.3879932972192322
Police Story 2 (Ging chaat goo si juk jaap),-0.22354053040708252
New Police Story (Xin jing cha gu shi),-0.1264480660337196
Go West,0.024554013659360312
Why We Fight,0.0568641688188727
Doom,0.08560994701204078
Domino,0.07294527110404345
Waiting...,0.13539371606340422
Aeon Flux,0.09043967454489252
Frankenstein 90,-0.030672632360388637
"Unfinished Life, An",0.08876581268166425
"Man, The",-0.0449603547750926
Survive Style 5+,-0.01850205666902586
Woyzeck,-0.05361718867984103
"Exorcism of Emily Rose, The",0.05080570684536491
Flightplan,0.12385664239451061
Corpse Bride,-0.33663596509393795
Green Street Hooligans (a.k.a. Hooligans),-0.0036834475449020964
"History of Violence, A",-0.20551846358192352
Oliver Twist,-0.020526650162565323
"Greatest Game Ever Played, The",-0.14253695665440463
Capote,0.10634280896166885
Final Fantasy VII: Advent Children,0.04926288727161558
Roll Bounce,-0.005322701235594956
Into the Blue,-0.04024576868115328
MirrorMask,0.08128574129096137
Wallace & Gromit in The Curse of the Were-Rabbit,-0.06417619136979487
Kiss Kiss Bang Bang,0.008554640287822173
"Bittersweet Life, A (Dalkomhan insaeng)",-0.27291048837997894
"Short Film About Love, A (Krótki film o milosci)",-0.09128483736359383
"All This, and Heaven Too",0.005972861439787353
Darwin's Nightmare,-0.01382291178088947
Beowulf & Grendel,-8.177317034393814e-05
No Direction Home: Bob Dylan,0.06110155277798843
Goal! The Dream Begins (Goal!),-0.017716737579511026
"Wraith, The",0.05528167564096164
In Her Shoes,-0.07947782485892997
"Squid and the Whale, The",-0.10986964459914027
Two for the Money,0.10356011479527504
Brokeback Mountain,-0.09285839066133852
Elizabethtown,-0.12151089518485682
North Country,0.023056885205830473
"Good Night, and Good Luck.",-0.15296336464502927
Dreamer: Inspired by a True Story,-0.052874659595722684
"Proposition, The",-0.3028845123933633
"Fog, The",0.10320183939248864
Shopgirl,0.006537665357205966
Stay,-0.03543798073870692
"Legend of Zorro, The",-0.05017270337652609
"Weather Man, The",0.018835394753117705
Saw II,0.07611243689052315
Prime,-0.1421965624187159
Don't Move (Non ti muovere),0.0038545089505105127
American Pie Presents: Band Camp (American Pie 4: Band Camp),-0.07001478392054594
"Great Yokai War, The (Yôkai daisensô)",-0.16709102970477677
Manderlay,-0.11178820213933063
Revolver,0.0813564307298642
Jarhead,0.23572503719363055
Chicken Little,-0.06642267064197141
Dead Man's Shoes,-0.1912822333397311
Joyeux Noël (Merry Christmas),-0.13609071316053242
Night of the Lepus,0.05528167564096164
"Match Factory Girl, The (Tulitikkutehtaan tyttö)",-0.02314767029732617
Sword of the Beast (Kedamono no ken),-0.060964445506585654
Just Friends,-0.05275265815668306
Syriana,-0.10831471179594707
One-Way Ticket to Mombasa (Menolippu Mombasaan),-0.014258811895407843
Derailed,0.04223680099587273
Creep,0.06503314140844785
Pride & Prejudice,-0.29372960238831786
Babylon 5,-0.01224175662639312
Wolf Creek,0.09948348629547862
"Descent, The",0.05607935940060538
Harry Potter and the Goblet of Fire,-0.04373396631186615
Walk the Line,0.08645814732070693
Rent,0.0005599050270705336
Zathura,0.032511420239469443
C.R.A.Z.Y.,0.00015521813527127965
Sarah Silverman: Jesus Is Magic,-0.04561298499726941
Breakfast on Pluto,0.039428803438198844
"Ice Harvest, The",0.08301338455535175
"Yours, Mine and Ours",-0.08790121898892093
"Libertine, The",-0.05366472949698903
"Bird with the Crystal Plumage, The (Uccello dalle piume di cristallo, L')",-0.09245681922197976
Match Point,-0.18367142407849943
Paradise Now,-0.002405521313626157
"Chronicles of Narnia: The Lion, the Witch and the Wardrobe, The",-0.17923977010753575
King Kong,0.20006926149141757
Memoirs of a Geisha,-0.233244526528843
"Family Stone, The",-0.0842300142196259
Havoc,-0.09680204415766917
Samurai Rebellion (Jôi-uchi: Hairyô tsuma shimatsu),-0.07112518642435009
"Room for Romeo Brass, A",-0.14451207546710818
"Matador, The",0.01028201768002306
Wal-Mart: The High Cost of Low Price,-0.02568833567956678
Mozart and the Whale,-0.0449603547750926
Don't Look Now: We're Being Shot At (La grande vadrouille),-0.034506711405437374
"Three Burials of Melquiades Estrada, The",-0.013105069001166102
Munich,0.04884706003022273
"Producers, The",-0.04817633915805468
Transamerica,-0.10914624405147147
Rumor Has It...,-0.011936281162483487
Cheaper by the Dozen 2,-0.04326288362223474
Fun with Dick and Jane,-0.031212739915245195
"Ringer, The",0.02261118886817614
Casanova,0.03997205152717244
Mrs. Henderson Presents,-0.028945740505051238
"Ear, The (Ucho)",0.13927575616584764
Luxo Jr.,0.013171979760791831
"Dentist, The",0.08876581268166425
"New World, The",-0.04086716325756714
Voices of a Distant Star (Hoshi no koe),0.06389970167868485
7 Faces of Dr. Lao,0.023469542521938908
Samurai Assassin (Samurai),-0.060964445506585654
"Boys of Baraka, The",0.023986649835676346
Lady Vengeance (Sympathy for Lady Vengeance) (Chinjeolhan geumjassi),-0.12809745698865194
Grand Theft Parsons,-0.05080370458882147
District 13 (Banlieue 13),-0.23435530015504905
Hostel,-0.04658020004195119
Grandma's Boy,0.10585116273277254
Tristan & Isolde,-0.0006160606245999363
Glory Road,-0.08861599788024797
Last Holiday,0.014375183995648189
Hoodwinked!,0.0407653745659996
Underworld: Evolution,-0.13384313653584623
Looking for Comedy in the Muslim World,-0.02609148098509951
Casper Meets Wendy,-0.034506711405437374
Revolution,-0.05080370458882147
Project A ('A' gai waak),-0.2416045398404708
"Bird People in China, The (Chûgoku no chôjin)",-0.14451207546710818
Water,-0.02609148098509951
Sophie Scholl: The Final Days (Sophie Scholl - Die letzten Tage),-0.14685529020833568
"World's Fastest Indian, The",-0.11101419291238279
Bandidas,-0.02032148183552859
Tristram Shandy: A Cock and Bull Story,0.017758665529744495
Helter Skelter,0.10356011479527504
Annapolis,-0.02440036920165581
Big Momma's House 2,0.016369342439573567
Nanny McPhee,0.02590626156956559
"Tuskegee Airmen, The",-0.04064296367105718
Final Destination 3,-0.022912855243607744
Something New,0.008155531043833028
Block Party (a.k.a. Dave Chappelle's Block Party),-0.1288732581213557
Imagine Me & You,-0.010875330664424311
"Pink Panther, The",0.01327859500003941
Curious George,0.19004395072543878
Firewall,0.14116727913284507
When a Stranger Calls,-0.05767320860408273
London,-0.060964445506585654
Freedomland,0.013706657048957972
Winter Passing,-0.010645402471189912
Eight Below,-0.043230229909877516
Date Movie,0.004886073249543084
Running Scared,0.10529335730564583
Ultraviolet,-0.027618108007430243
Just My Luck,0.0005457288396897342
Pulse,0.008414622520758032
16 Blocks,-0.030042289380692807
Failure to Launch,0.031551429779741964
Ultimate Avengers,0.014229436819626493
Ice Age 2: The Meltdown,-0.30648720542524865
Ask the Dust,-0.09245681922197976
V for Vendetta,-0.10234623135016345
She's the Man,-0.12498663456834079
Thank You for Smoking,0.05135956379659758
Find Me Guilty,-0.007984051853392429
Inside Man,-0.20401876685529133
Tsotsi,-0.016867049981324895
Aquamarine,0.0024506393050072748
Leprechaun 2,-0.05080370458882147
Leprechaun 3,-0.04064296367105718
Leprechaun 4: In Space,-0.010160740917764295
Lights in the Dusk (Laitakaupungin valot),-0.08089971681923226
"Hills Have Eyes, The",-0.034996478424505914
"Shaggy Dog, The",-0.048126076703344636
Unknown White Male,-0.02609148098509951
"Lives of Others, The (Das leben der Anderen)",-0.18770093615324018
Youth of the Beast (Yaju no seishun),-0.14451207546710818
Take the Lead,-0.06085038664510146
"Devil and Daniel Johnston, The",-0.005392012409249847
Mouchette,-0.04599833956884766
Lucky Number Slevin,0.02920087982668835
Volver,-0.1925766691227893
Akeelah and the Bee,-0.17094549724519087
Brainstorm,3.961734762327426e-05
Stay Alive,0.022040254671623013
Basic Instinct 2,-0.08848854543572232
Brick,-0.10353087557331736
"Dead Hate the Living!, The",-0.023004474270291494
Evil Aliens,-0.034506711405437374
This Film Is Not Yet Rated,0.013546438179622268
Slither,-0.08747160584235188
"Benchwarmers, The",0.11165124133618824
Renaissance,-0.05080370458882147
Go for Zucker! (Alles auf Zucker!),-0.03834079045048578
Friends with Money,-0.10263422973353495
Reefer Madness: The Movie Musical,0.01104607501447615
Candy,0.10640485044817607
Secrets of a Soul (Geheimnisse einer Seele),0.15668522568657858
"Child, The (L'enfant)",-0.030022581232845003
9/11,-0.0014864155314796557
Scary Movie 4,0.08117741898389161
Hard Candy,-0.09688089963424183
"Prairie Home Companion, A",0.16922611667654844
"Sentinel, The",0.0403559922752499
"Wild, The",-0.004163029110365327
Silent Hill,0.10717522910998557
American Dreamz,-0.0438322543942047
Kinky Boots,-0.006557223579912508
"Protector, The (a.k.a. Warrior King) (Tom yum goong)",-0.060964445506585654
Mission: Impossible III,-0.09134156845177101
RV,-0.0859398271587521
United 93,-0.09660779856591825
Stick It,-0.06594512043287208
"American Haunting, An",0.05751199681029674
Down in the Valley,-0.06462661636971101
Over the Hedge,0.0928658292719165
Art School Confidential,0.08348725054120398
Poseidon,0.018041758551625355
"Da Vinci Code, The",0.05404702875395875
X-Men: The Last Stand,-0.17145140883027365
"Break-Up, The",-0.04499156042044081
Peaceful Warrior,-0.025617089276170724
Cars,-0.1593454288828199
"Notorious Bettie Page, The",-0.0018041409852197008
Game 6,-0.05080370458882147
On a Clear Day,-0.008217518604867585
"Omen, The",-0.09039079222171464
Nacho Libre,0.18446241252972598
"Lake House, The",-0.046538430512309256
Click,-0.09208067106778645
"Devil Wears Prada, The",-0.4268424769924933
Pirates of the Caribbean: Dead Man's Chest,-0.07648669207249777
"You, Me and Dupree",0.029740223808045654
Clerks II,0.27588683963410104
Lady in the Water,-0.2047604347330835
My Super Ex-Girlfriend,-0.1286064573535615
Marie Antoinette,-0.14259386593974016
Who Killed the Electric Car?,-0.04854300360619546
"Inconvenient Truth, An",-0.05201179572184095
Career Opportunities,-0.05080370458882147
High School Musical,0.025040677948009966
I Am a Sex Addict,-0.034506711405437374
Stoned,0.011630797638960935
Jet Li's Fearless (Huo Yuan Jia),-0.005867748878269354
"Fast and the Furious: Tokyo Drift, The (Fast and the Furious 3, The)",-0.08133053684181764
Garfield: A Tail of Two Kitties,-0.037454465163598405
Metal: A Headbanger's Journey,0.04362516581368583
"Public Eye, The",-0.04064296367105718
Superman Returns,-0.10446736423773134
"Road to Guantanamo, The",0.023986649835676346
Edmond,-0.05489116299267035
"OH in Ohio, The",-0.05080370458882147
Little Miss Sunshine,0.08519883981581272
"Fallen Idol, The",0.05277569839362368
Babel,0.0019514359689093575
Strangers with Candy,-0.03833194964070643
Wordplay,-0.025231617665815168
Army of Shadows (L'armée des ombres),-0.015550775753500617
Orchestra Rehearsal (Prova d'orchestra),5.546428667255988e-05
Little Man,-0.005248624815183275
Monster House,0.19321187392848838
Snakes on a Plane,-0.029076496692800786
Scoop,0.058218389201795895
Talladega Nights: The Ballad of Ricky Bobby,0.020067248078030845
Night at the Museum,-0.0010629302589840795
World Trade Center,0.03549854312496754
Stranger than Fiction,-0.002466661788150328
Miami Vice,-0.1723878307008929
"Pursuit of Happyness, The",-0.4274664191715324
John Tucker Must Die,-0.0007929399538544712
"Ant Bully, The",0.04666295455530642
Crank,0.1534338481876185
"Secret Life of Words, The",-0.09245681922197976
Chaos,-0.00011448243848158172
"Night Listener, The",-0.07303412518567336
Step Up,-0.047406667580284986
Zoom,0.004762276163293822
Mind Game,-0.18323195349940644
Half Nelson,-0.0748219711290931
"Moustache, La",0.12186628664511685
Tideland,-0.1936027262366312
Adam's Apples (Adams æbler),0.01952811713637329
Material Girls,0.00036381922645983275
Accepted,0.09718589512375288
Crime Busters,-0.05778551201373734
Born to Kill,-0.042844632356061514
"Illusionist, The",-0.24564622041357115
The Queen,-0.15879726749986314
Beerfest,0.11143940741124972
Invincible,-0.1498941590102832
Idlewild,-0.010645402471189912
"Red Balloon, The (Ballon rouge, Le)",-0.07112518642435009
Angel-A,-0.1101391345360001
"Chump at Oxford, A",-0.03834079045048578
"Icicle Thief, The (Ladri di saponette)",-0.06934261441648473
"Puffy Chair, The",-0.05080370458882147
"Wicker Man, The",0.012609571221779583
"Wind That Shakes the Barley, The",-0.10551564366768156
Severance,-0.10838405660033104
Hollywoodland,0.019657993114742037
"Covenant, The",-0.015745874445549844
"Last Kiss, The",-0.020639148140307567
SherryBaby,-0.01427129759975922
Idiocracy,0.019520486485645555
Jesus Camp,0.060025782195938744
"Bow, The (Hwal)",0.13927575616584764
"Tiger and the Snow, The (La tigre e la neve)",-0.09245681922197976
"Fountain, The",-0.10271718963288785
Fear City: A Family-Style Comedy (La cité de la peur),-0.021145207621743857
"Science of Sleep, The (La science des rêves)",0.21838857825685515
"Black Dahlia, The",0.059511343393644146
"Woods, The",-0.10838405660033104
Gridiron Gang,-0.03339244015667429
Land of Plenty (Angst and Alienation in America),-0.08089971681923226
"Bridge, The",0.032738684879147134
Apocalypto,0.22752403902431462
Flyboys,0.013706657048957972
Jackass Number Two,0.14680650593078698
All the King's Men,-0.008649374979064752
Conversations with Other Women,-0.012769060671267238
Borat: Cultural Learnings of America for Make Benefit Glorious Nation of Kazakhstan,0.12049644533630179
"Pan's Labyrinth (Laberinto del fauno, El)",-0.10692911264549149
"Guardian, The",-0.06129397646220485
Open Season,0.03410799788249924
School for Scoundrels,0.042306828799659114
"Departed, The",0.30021251940897853
"Texas Chainsaw Massacre: The Beginning, The",0.09285484835384629
Employee of the Month,0.04954537039990149
Running With Scissors,0.017133321311197425
Man of the Year,-0.05991797827241714
"Marine, The",0.020072786633355284
Infamous,-0.04818902226468346
Fellini's Casanova (Il Casanova di Federico Fellini),0.04096656982588443
Chapayev,-0.034506711405437374
Feast,-0.07360692291858313
Little Children,-0.004288807532813385
Deliver Us from Evil,-0.0673470619525983
"Last King of Scotland, The",0.061805069572527974
"U.S. vs. John Lennon, The",-0.029818835411542108
Shortbus,-0.0981240776373766
Children of Men,-0.1431873640638105
"Prestige, The",0.025989989983600293
Flags of Our Fathers,-0.13003334379238488
13 Tzameti,-0.09128483736359383
Saw III,0.12096538328856103
Catch a Fire,-0.04009073366762656
Death of a President,-0.07863672166370342
Flushed Away,0.11974532736854428
Perfume: The Story of a Murderer,-0.004940216967174471
"Santa Clause 3: The Escape Clause, The",0.01651687429029181
Mom and Dad Save the World,-0.04064296367105718
"Good Year, A",-0.01639371879549686
Shut Up & Sing,-0.009016287039867647
For Your Consideration,-0.07208030950899937
Fuck,0.00029976698373247317
Shooting Dogs (a.k.a. Beyond the Gates),-0.01643503720973517
Casino Royale,-0.41545618000737394
Happy Feet,-0.13173493757900662
Let's Go to Prison,-0.05245899487005211
Déjà Vu (Deja Vu),-0.05565682900213504
Bobby,-0.014080908929511618
10 Items or Less,0.00770724775193375
"Holiday, The",-0.32133198209682773
Harsh Times,0.04173256041809753
Fast Food Nation,0.19458586808587192
The Great Train Robbery,-0.030794977311949353
Tenacious D in The Pick of Destiny,0.21697503401961213
"Nativity Story, The",-0.10011600441911121
Blood Diamond,-0.11486826410831051
Charlotte's Web,-0.05976285741334679
Eragon,-0.019292933912699435
Rocky Balboa,0.0860436961995357
Fur: An Imaginary Portrait of Diane Arbus,-0.022364126558656473
"Dam Busters, The",0.032738684879147134
Another Gay Movie,-0.026838553315340054
"Painted Veil, The",-0.08053500481016791
We Are Marshall,-0.03553118258721389
"Good Shepherd, The",0.007464692065663981
Dreamgirls,-0.024358952596134294
Freedom Writers,-0.09770776293755604
When the Levees Broke: A Requiem in Four Acts,0.13927575616584764
Inland Empire,-0.18962668900471522
"History Boys, The",-0.0018041409852197008
Notes on a Scandal,-0.1369157571186068
DOA: Dead or Alive,-0.036067356281078426
Curse of the Golden Flower (Man cheng jin dai huang jin jia),-0.07413371135170141
"Good German, The",0.024554013659360312
Letters from Iwo Jima,-0.21245285517714751
Black Christmas,0.0591772084544429
Stomp the Yard,-0.027827033463895232
Miss Potter,-0.030854923870218997
American Pie Presents The Naked Mile (American Pie 5: The Naked Mile),-0.0462869309819184
Venus,-0.05238670779150155
The Return of Don Camillo,-0.06934261441648473
The Little World of Don Camillo,-0.06934261441648473
Primeval,0.0591772084544429
Alpha Dog,0.08517402789707913
"Hitcher, The",-0.05087265422278491
After the Wedding (Efter brylluppet),-0.02609148098509951
Bridge to Terabithia,-0.027360713751027162
Beer League,0.022592849351662465
Dead Meat,-0.034506711405437374
49 Up,0.06160704127018294
Waitress,-0.17250421642601374
Seven Up!,0.03464246537859286
Catch and Release,0.03416833509842473
Smokin' Aces,-0.11580457130391691
Blood and Chocolate,-0.0010188700830892124
Epic Movie,-0.014741765048267706
"Messengers, The",0.05810025296909914
Because I Said So,-0.05182768963514726
Hannibal Rising,-0.05703439509425395
Norbit,-0.005708519039903721
"Boss of It All, The (Direktøren for det hele)",-0.0990637135335787
Cocaine Cowboys,0.03511900598362248
Ratatouille,-0.2797947295251178
"Paris, I Love You (Paris, je t'aime)",-0.004574244506310142
"Astronaut Farmer, The",-0.018834962508876712
"Wake Up, Ron Burgundy",-0.007182771450016908
It's a Boy Girl Thing,-0.003582498318346526
"Ugly Duckling and Me!, The",-0.03834079045048578
The Odyssey,-0.044929666531792777
Unknown,-0.008033689117208916
Ghost Rider,-0.09660267153255545
Breach,-0.017516001556334215
Tyler Perry's Daddy's Little Girls,-0.03596828382007412
Music and Lyrics,-0.11158233102856188
"Number 23, The",0.008118264513363822
Reno 911!: Miami,0.0471978720330161
Black Snake Moan,0.12653584591831338
My Father and My Son (Babam ve oglum),-0.034506711405437374
Factory Girl,0.12186628664511685
Hot Fuzz,0.4583393443705108
Golden Door (Nuovomondo),-0.10401392162472736
Citizen X,0.0029401558593799416
Next,0.2530590852103993
Amazing Grace,-0.012326277907301451
2001 Maniacs,-0.004823941805055921
Zodiac,0.13571009788583835
Pusher III: I'm the Angel of Death,-0.05080370458882147
Babylon 5: The Gathering,-0.01256264223829521
Meshes of the Afternoon,-0.013888602178395723
Wild Hogs,-0.08414803238773852
300,-0.04390328703523438
"Abandoned, The",-0.07225603773355409
Starter for 10,0.023986649835676346
"Last Mimzy, The",-0.05078859552960416
Priceless (Hors de prix),-0.057776560807574706
"Host, The (Gwoemul)",-0.06164483736685291
Becoming Jane,-0.017388123930017808
"Namesake, The",-0.13940121175323306
I Think I Love My Wife,0.043518223969310085
Premonition,-0.08595374196953476
Dead Silence,-0.06141492462527164
Reign Over Me,-0.03996295196395007
Pride,-0.0449603547750926
Shooter,0.18809684191259968
"Hills Have Eyes II, The",0.005224782724331748
TMNT (Teenage Mutant Ninja Turtles),-0.04920909938778869
Black Book (Zwartboek),-0.010271898256084511
"Lookout, The",-0.1775679644313129
Blades of Glory,-0.09600059509966458
Are We Done Yet?,-0.007872937222774922
Grindhouse,-0.0018906157196272844
"Reaping, The",-0.09665640693520983
Meet the Robinsons,-0.08634050618141995
American Hardcore,0.023986649835676346
Inglorious Bastards (Quel maledetto treno blindato),0.1792980230171734
Sunshine,-0.18039101910202712
"Hoax, The",0.07267463699012346
How the Grinch Stole Christmas!,0.37237141887227965
Disturbia,-0.05479756608612333
Aqua Teen Hunger Force Colon Movie Film for Theaters,-0.04599833956884766
"Vie en Rose, La (Môme, La)",-0.02413612494307713
Fracture,-0.1425857600067996
Vacancy,-0.18777918545884978
In the Land of Women,0.025257365186253097
Mr. Bean's Holiday,0.05805744516939453
"Invisible, The",-0.0277837185635448
Kickin It Old Skool,-0.004652651060899007
Spider-Man 3,-0.14293799349270322
Lucky You,0.020559985573436926
It's a Very Merry Muppet Christmas Movie,0.015106099004959307
21 Up,0.03178820585864079
Sharkwater,0.027413314097915944
Maniac Cop,-0.1264480660337196
"Ex, The",0.055643413890796724
Paprika (Papurika),0.254990023773459
Day Watch (Dnevnoy dozor),-0.06502862899469915
This Is England,-0.19034938102621898
Away from Her,-0.03495718429672411
Knocked Up,0.028945890484403776
Hairspray,-0.09109541835332134
28 Weeks Later,0.10078551518548307
Wheels on Meals (Kuai can che),-0.22354053040708252
Jonestown: The Life and Death of Peoples Temple,0.07003780555159192
Shrek the Third,-0.018120022862637968
Once,0.2338809033052093
Pirates of the Caribbean: At World's End,-0.2031699265963641
Bug,0.0548452390777623
Mr. Brooks,0.006016087140716369
"Librarian: Return to King Solomon's Mines, The",-0.0029174666745672884
"Librarian: Quest for the Spear, The",-0.001965011441908473
Fay Grim,-0.04064296367105718
"I'm a Cyborg, But That's OK (Saibogujiman kwenchana)",-0.16934850210691668
"Breed, The",-0.03834079045048578
Cashback,-0.010966700276575852
Ocean's Thirteen,0.048117437101375816
Them (Ils),-0.0033304232882922246
Sun Alley (Sonnenallee),-0.03834079045048578
Hostel: Part II,-0.05408390728917189
Paranoid Park,0.027413314097915944
"Legend of Sleepy Hollow, The",-0.030482222753292827
Starcrash (a.k.a. Star Crash),0.004092335609893392
Surf's Up,0.0511120099442307
Fantastic Four: Rise of the Silver Surfer,0.0028149191337718494
Nancy Drew,-0.026205925934268914
Fido,0.04273938461044721
Death Proof,0.007889068454710027
Rescue Dawn,0.04131354610654128
"TV Set, The",0.19607549099134536
"Valet, The (La doublure)",-0.03834079045048578
Bring It On: All or Nothing,0.016369342439573567
"Power of Nightmares, The: The Rise of the Politics of Fear",0.15668522568657858
Sicko,0.10655910514265073
"Mighty Heart, A",-0.02609148098509951
1408,0.05672053809744206
Death at a Funeral,0.08976726748199193
Live Free or Die Hard,-0.13207713109660565
License to Wed,0.03702966444260406
Evan Almighty,0.11387297238961795
Transformers,0.30766910413677856
Harry Potter and the Order of the Phoenix,-0.1829814364186308
I Now Pronounce You Chuck and Larry,0.1494704334850035
First Snow,-0.07079028661670014
Broken Arrow,-0.017125557119711136
Manufactured Landscapes,0.06815056974149761
Across the Universe,-0.009875071934860351
Hot Rod,0.2577700580666713
Stardust,-0.12846722559879467
"Simpsons Movie, The",0.37128157471285833
I Know Who Killed Me,-0.010160740917764295
No Reservations,-0.057113135750916984
Charlie Bartlett,0.02258586533032061
"Bourne Ultimatum, The",-0.2021328820898747
China Blue,0.13927575616584764
Tell No One (Ne le dis à personne),-0.13996376400837657
Superbad,0.5579457049449229
"Brice Man, The (Brice de Nice)",-0.01850205666902586
Rush Hour 3,-0.037294714682990775
"Last Legion, The",0.005714731395952571
Balls of Fury,0.031178464020144285
Sydney White,-0.01970695221981824
"Kingdom, The",-0.08401607527825417
Rocket Science,0.019994184527657572
Daddy Day Camp,-0.002853262044023624
"Invasion, The",0.07050639187445558
"Nanny Diaries, The",-0.028140446311691925
Halloween,-0.002134294219456447
Death Sentence,-0.008277219226769165
2 Days in Paris,-0.02495292081696366
"King of Kong, The",0.23990143593456567
Taxi 4,-0.04064296367105718
Behind the Mask: The Rise of Leslie Vernon,-0.14451207546710818
"Brothers Solomon, The",0.002824106168957808
"Nines, The",-0.010271898256084511
Planet Terror,0.1317685964507111
3:10 to Yuma,0.2120251291120223
Shoot 'Em Up,0.11211765731385649
"Ten, The",-0.025679358396212684
Gotti,-0.05080370458882147
Atonement,-0.1436040499649095
Electroma,-0.02032148183552859
Requiem,-0.1264480660337196
"4 Months, 3 Weeks and 2 Days (4 luni, 3 saptamâni si 2 zile)",-0.127272300374158
No End in Sight,-0.029818835411542108
"Brave One, The",0.01714141584183136
In the Valley of Elah,0.028624221103756772
December Boys,0.020559985573436926
Shanghai Kiss,-0.022834076159614886
"Hunting Party, The",-0.05427709858182985
Eastern Promises,-0.104985146540274
"Unreasonable Man, An",-0.01382291178088947
Tekkonkinkreet (Tekkon kinkurîto),-0.037990912539606056
Love and Other Disasters,-0.017125557119711136
Interview,-0.05080370458882147
Cashback,-0.060964445506585654
Resident Evil: Extinction,-0.14179360369439445
Mr. Woodcock,0.03408820170003253
Good Luck Chuck,-0.025138145585400826
Into the Wild,0.09594390749666176
"Game Plan, The",0.034139347397075685
"Lust, Caution (Se, jie)",-0.06355756253760855
"Seeker: The Dark Is Rising, The",-0.0016652116441461123
"Heartbreak Kid, The",-0.06715960822755848
Dan in Real Life,-0.04292106459674122
"Darjeeling Limited, The",0.16329466031180853
We Own the Night,0.0796300637264732
Elizabeth: The Golden Age,0.01028808731735227
Michael Clayton,-0.0727902340333618
Sleuth,0.004819371018597959
Lars and the Real Girl,-0.20240402937618285
30 Days of Night,0.04647539018666878
Gone Baby Gone,-0.025615376185399465
"Comebacks, The",-0.0028824179190894508
Weirdsville,0.020461678049466955
"Assassination of Jesse James by the Coward Robert Ford, The",0.19031887387022337
10th & Wolf,0.002181867944527265
Persepolis,0.06086596459285246
Control,-0.03468678432712367
The Jane Austen Book Club,0.01882684230472394
"Last Winter, The",-0.14451207546710818
Black Sheep,-0.04567724072233285
"Edge of Heaven, The (Auf der anderen Seite)",-0.008277219226769165
Saw IV,0.03280695950229526
For the Bible Tells Me So,-0.02131934454912769
My Kid Could Paint That,-0.03354618983798495
Elite Squad (Tropa de Elite),0.09637736284096649
King of California,0.04173256041809753
American Gangster,0.34437786729049147
Bee Movie,-0.04436931380791739
Before the Devil Knows You're Dead,-0.06934261441648473
"Diving Bell and the Butterfly, The (Scaphandre et le papillon, Le)",-0.023678329958136717
No Country for Old Men,0.3118208566044973
Be Kind Rewind,0.006141893734951391
Itty Bitty Titty Committee,-0.010875330664424311
"Fugitive, The",-0.004321785188010173
August Rush,0.06382151537699847
"Man from Earth, The",-0.03364739419503015
Lions For Lambs,-0.07576426373763168
Beowulf,-0.05043265487570858
Southland Tales,0.10676570182654545
"Evening with Kevin Smith 2: Evening Harder, An",0.11485653947110622
Harrison Bergeron,-0.04064296367105718
I Served the King of England (Obsluhoval jsem anglického krále),-0.09128483736359383
"Mist, The",0.1270762159053719
Enchanted,0.029132134103211305
Hitman,0.17427589336966792
Awake,0.014164614262868911
"Golden Compass, The",-0.05895366894105043
I Am Legend,0.19521106702769847
Alvin and the Chipmunks,-0.021233017004414774
Futurama: Bender's Big Score,0.21790692151984373
Margot at the Wedding,-0.003478259595575097
I'm Not There,-0.060955971383797464
"Savages, The",-0.08089971681923226
Wrong Turn 2: Dead End,-0.1559291135469157
"Orphanage, The (Orfanato, El)",0.29216705753116584
Juno,0.039545242786319774
"Maxed Out: Hard Times, Easy Credit and the Era of Predatory Lenders",0.009715352235916994
My Blueberry Nights,-0.002155948911662839
Helvetica,-0.1061736382296529
"Bucket List, The",0.053585613244611224
"Kite Runner, The",0.10291237692466391
"Deaths of Ian Stone, The",-0.10838405660033104
Wristcutters: A Love Story,0.12521176631403025
Sweeney Todd: The Demon Barber of Fleet Street,0.0655239455824191
National Treasure: Book of Secrets,0.14715380257538693
There Will Be Blood,-0.1478903849264056
Charlie Wilson's War,-0.06947375154937167
AVPR: Aliens vs. Predator - Requiem,0.030984791275975407
Walk Hard: The Dewey Cox Story,0.24486542415092744
As You Like It,0.014081725513163333
Drained (O cheiro do Ralo),0.0034174416096581554
Dedication,0.027413314097915944
"Water Horse: Legend of the Deep, The",-0.01256264223829521
Battlestar Galactica: Razor,0.0730714398685907
P.S. I Love You,-0.05735775608114565
27 Dresses,-0.15403972550821937
Cassandra's Dream,-0.030022581232845003
Like Stars on Earth (Taare Zameen Par),-0.11232814242984933
"Band's Visit, The (Bikur Ha-Tizmoret)",-0.0012106604327844733
[REC],0.15071569920420497
In the Name of the King: A Dungeon Siege Tale,-0.00899207095501853
Cloverfield,0.2030705421248788
Hatchet,-0.14451207546710818
Heaven and Earth (Ten to Chi to),-0.060964445506585654
Cat Soup (Nekojiru-so),-0.01851813623786093
"Girl Who Leapt Through Time, The (Toki o kakeru shôjo)",-0.17725842457440186
First Sunday,0.04680629006494707
Untraceable,-0.053952425730111137
Rambo (Rambo 4),0.14992456362665646
Meet the Spartans,0.07505169909886729
Strange Wilderness,0.14529267521337252
"Signal, The",-0.1264480660337196
Hellboy II: The Golden Army,0.004210139786230478
In Bruges,0.06284391307370965
World on a Wire (Welt am Draht),0.0405803593030024
Rise of the Footsoldier,-0.010642139005846077
Teeth,0.0591772084544429
Fool's Gold,-0.026554320939501958
Jumper,-0.1640646966341114
"Definitely, Maybe",-0.112142260908317
"Air I Breathe, The",-0.017125557119711136
Vantage Point,-0.11209309905620793
"Spiderwick Chronicles, The",-0.030423214069934486
Step Up 2 the Streets,-0.016723197304850678
"Other Boleyn Girl, The",-0.050923095912973955
Semi-Pro,0.04514300874272006
Run Fatboy Run,0.1809234039233549
Taxi to the Dark Side,-0.01382291178088947
Descent,0.013910853472699181
College Road Trip,-0.034506711405437374
"10,000 BC",-0.08267717992999969
"Bank Job, The",0.027424920150741917
Doomsday,-0.010953889489346945
Horton Hears a Who!,0.022733676365654685
Funny Games U.S.,-0.09707188802764553
"Counterfeiters, The (Die Fälscher)",-0.012689934532225916
Mongol,-0.05080370458882147
War Dance,-0.005392012409249847
"Love Guru, The",0.0735888086395089
Diary of the Dead,0.02318559588931114
Penelope,-0.03720934357175847
City of Men (Cidade dos Homens),0.032738684879147134
Zeitgeist: The Movie,0.15924830689382216
Justice League: The New Frontier,0.014229436819626493
Heima,-0.033277027329162184
Snow Angels,0.002613897869066364
"Class, The (Klass)",-0.04860918322710584
"Dark Knight, The",0.6502205213939958
Never Back Down,-0.06294449668512964
Drillbit Taylor,0.0010353226043784472
Youth Without Youth,-0.05778551201373734
21,-0.06257868490870457
Smart People,0.0346805164182259
"Shepherd: Border Patrol, The",-0.09032004716694259
Leatherheads,0.008240571100773633
Assembly (Ji jie hao),0.003844621810865371
Zebraman,-0.05574626278544376
Stop-Loss,-0.02996577589443484
Shine a Light,0.023986649835676346
Inside (À l'intérieur),-0.14451207546710818
Nim's Island,0.05565917397924011
"Ruins, The",-0.1264480660337196
Forgetting Sarah Marshall,0.11598055175583447
Superhero Movie,-0.006588882859720026
Street Kings,-0.05080370458882147
"Visitor, The",-0.018489416860952138
Harold & Kumar Escape from Guantanamo Bay,0.003083367568654357
99 francs,-0.021145207621743857
Speed Racer,0.058074150420387105
"Forbidden Kingdom, The",-0.12107006285082943
Happy-Go-Lucky,-0.002591859165521421
Religulous,-0.08405334943037167
Outpost,-0.04075412100937738
Are You Scared?,0.0738859777510731
Son of Rambow,0.09909617648728415
Super High Me,0.04131427976421146
Outsourced,-0.019979816639663125
Baby Mama,-0.1466591574161717
Expelled: No Intelligence Allowed,0.00042791735099483865
Prom Night,0.03534496189654624
Iron Man,0.04058057962060262
Made of Honor,-0.048080311870208094
Redbelt,-0.060964445506585654
Taken,-0.14766217903062548
"Fall, The",0.2183498988878703
What Happens in Vegas...,-0.0056594018384670585
American Pie Presents Beta House (American Pie 6: Beta House),-0.026876023026951308
Bella,-0.019979816639663125
"Chronicles of Narnia: Prince Caspian, The",-0.1639515655219945
Shelter,-0.012428949330770649
"Girl Next Door, The",0.1111896244423619
Indiana Jones and the Kingdom of the Crystal Skull,0.32165763730453484
Nina's Heavenly Delights,-0.012428949330770649
Sex and the City,-0.07046347013427116
"Strangers, The",-0.1493972160149014
"Bigger, Stronger, Faster*",-0.019979816639663125
All the Boys Love Mandy Lane,0.010623460697151707
Kung Fu Panda,-0.05743043693398625
Recount,0.03916011141130279
Ex Drummer,0.01454719148230617
You Don't Mess with the Zohan,0.14112340859369624
Stuck,-0.1264480660337196
"Protector, The",-0.04064296367105718
Chaos Theory,-0.07193656764014825
Boy A,-0.0011891324251837277
Spiral,-0.036435517805015416
"Happening, The",0.12553509259370402
"Incredible Hulk, The",0.08746565685359994
"Children of Huang Shi, The",-0.014380657558518303
WALL·E,0.25859720823494514
Wanted,-0.20276960666304014
Hancock,-0.043744842336203904
Get Smart,0.040542574354952184
Young People Fucking (a.k.a. YPF),0.020222241904100012
St. Trinian's,0.017133321311197425
Futurama: The Beast with a Billion Backs,0.27353486574645575
Kit Kittredge: An American Girl,-0.003926180894704619
Gonzo: The Life and Work of Dr. Hunter S. Thompson,0.04722923048453561
"Wackness, The",0.003307944273117871
Strange Circus (Kimyô na sâkasu),-0.14451207546710818
Encounters at the End of the World,-0.18756466250135848
Zombie Strippers!,-0.0028542595199518607
Frosty the Snowman,-0.030482222753292827
Battle for Haditha,-0.01643503720973517
Mamma Mia!,-0.07071033867418758
Welcome to the Sticks (Bienvenue chez les Ch'tis),0.1525204718438887
Rogue,-0.1264480660337196
"It's the Great Pumpkin, Charlie Brown",0.1652472397623581
Journey to the Center of the Earth,0.12267319610632571
Meet Dave,0.06716452877433275
"Machine Girl, The (Kataude mashin gâru)",0.05828358992837134
Shrooms,0.10356011479527504
Transsiberian,-0.010271898256084511
Stargate: Continuum,-0.010271898256084511
Watchmen,0.0051207707164409744
Shotgun Stories,-0.010271898256084511
Watching the Detectives,-0.03834079045048578
Felon,-0.005076916979449815
Step Brothers,0.2911362693644634
"X-Files: I Want to Believe, The",-0.005556486915559297
Man on Wire,0.008647867663013042
"Little Drummer Boy, The",-0.05080370458882147
Hogfather (Terry Pratchett's Hogfather),0.0867108552112638
Pathology,0.014164614262868911
"Tracey Fragments, The",-0.007094759337230703
"Zone, The (La Zona)",0.1162395855659275
"Edge of Love, The",-0.007094759337230703
Heart of a Dog (Sobachye serdtse),-0.08114207765652788
"Mummy: Tomb of the Dragon Emperor, The",0.0385354233561511
"Midnight Meat Train, The",-0.06142556933916393
Frozen River,-0.018489416860952138
Vicky Cristina Barcelona,-0.0738855558811755
Batman: Gotham Knight,0.21748210060481504
"Walker, The",-0.008217518604867585
Pineapple Express,0.15875515915466606
Red Cliff (Chi bi),-0.05408181639109322
"Sisterhood of the Traveling Pants 2, The",0.0004547740330747913
Hell Ride,-0.04064296367105718
High School Musical 2,0.016369342439573567
Tropic Thunder,0.20194388739680355
Star Wars: The Clone Wars,0.06161387304538152
Henry Poole is Here,-0.01643503720973517
Mutant Chronicles,-0.014380657558518303
Waltz with Bashir (Vals im Bashir),-0.058850484971602675
Let the Right One In (Låt den rätte komma in),0.0486832827228469
Hamlet 2,-0.011413048176094495
Death Race,0.2866784208061588
"House Bunny, The",-0.05251325942531753
"Rocker, The",-0.005530961480267929
I.O.U.S.A. (a.k.a. IOUSA),0.007249360927851562
Mirrors,-0.05419202830016552
Sukiyaki Western Django,-0.10024550422637922
Somers Town,-0.1264480660337196
Burn After Reading,0.07272777569891868
Disaster Movie,-0.008134596127344478
Babylon A.D.,0.015736693543452095
Traitor,-0.049378536066802405
"Onion Movie, The",0.13927575616584764
"Spirit, The",0.02189559747449118
John Adams,0.0012478708454317178
Bangkok Dangerous,0.02256919428070307
Sunflower (Xiang ri kui),-0.008217518604867585
Altered,-0.10838405660033104
Righteous Kill,0.010239200214472605
Lakeview Terrace,0.01102701388292392
Ghost Town,0.0002322470034364136
"Crow, The: Wicked Prayer",-0.018064009433388522
Appaloosa,-0.012326277907301451
Dead Fury,-0.023004474270291494
Eagle Eye,-0.0349777767955229
How to Lose Friends & Alienate People,0.16637329656894456
Nick and Norah's Infinite Playlist,-0.09021777163325014
"Sound of the Mountain (Thunder of the Mountain, The) (Yama no oto)",0.15668522568657858
Gomorrah (Gomorra),0.054571067730085895
"Duchess, The",-0.057039119800427605
Alone in the Dark II,-0.051137630126572124
FLCL,-0.2354437806480038
Rachel Getting Married,0.005241300604461572
Body of Lies,-0.009839190394594261
City of Ember,0.021233538406571457
"20,000 Leagues Under the Sea",0.01932207547349555
Max Payne,0.02087159878064612
Zack and Miri Make a Porno,0.07751565881073975
W.,0.009959630953760897
My Best Friend's Girl,-0.01804651841497188
"Synecdoche, New York",0.05250537822667693
"Secret Life of Bees, The",0.053492902931368054
"American Carol, An",0.04422534051276935
"Wave, The (Welle, Die)",0.022550424397892507
Tokyo-Ga,-0.060964445506585654
"Angus, Thongs and Perfect Snogging",0.0004547740330747913
Pride and Glory,-0.0732163949412142
"Express, The",-0.012326277907301451
Babylon 5: The Legend of the Rangers: To Live and Die in Starlight,-0.01256264223829521
Babylon 5: The Lost Tales - Voices in the Dark,-0.01256264223829521
RocknRolla,0.15039131259356595
Futurama: Bender's Game,0.19300201797243502
Tin Man,-0.024767491357340292
Madagascar: Escape 2 Africa,-0.10458170316454134
Blindness,-0.014380657558518303
Changeling,-0.1861027214632104
"Road, The",0.1986589037889605
Slumdog Millionaire,-0.07952836269137
Quantum of Solace,-0.11215107589713073
Role Models,0.13750186136068385
Tokyo!,-0.1264480660337196
JCVD,0.035907150622442215
Cinderella,-0.0022734480025645995
Crows Zero (Kurôzu zero),-0.12149785794257129
Krabat,3.169387809860641e-05
Camp Rock,0.008184671219786784
Farscape: The Peacekeeper Wars,-0.00976850466408564
Saw V,0.026371649785797695
Sex Drive,-0.08460271460701291
The Island,-0.08114207765652788
Beverly Hills Chihuahua,-0.011795493690572575
Tattooed Life (Irezumi ichidai),-0.10838405660033104
"Class, The (Entre les murs)",-0.06512747461695105
Splinter,-0.14451207546710818
Australia,0.01168227947704175
Bolt,-0.16299656511973962
Milk,0.14998849639014544
Twilight,-0.1184568864063776
"Children, The",-0.1264480660337196
Transporter 3,0.03784392748320648
Four Christmases,-0.05820116043653012
"Boy in the Striped Pajamas, The (Boy in the Striped Pyjamas, The)",0.07504621078707673
Fireproof,0.013373225732842014
Igor,0.021849433839107216
Dinotopia,0.11799636473789082
Hunger,0.03587930637156235
Punisher: War Zone,0.24139670019119752
Shrek the Halls,0.06265141996588808
"Pervert's Guide to Cinema, The",5.546428667255988e-05
Wallace and Gromit in 'A Matter of Loaf and Death',0.099142276534657
"Day the Earth Stood Still, The",-0.035286183387263574
Che: Part One,0.049676500068089595
Che: Part Two,0.049676500068089595
Doubt,-0.10598847879250546
Gran Torino,0.44082712575181265
Frost/Nixon,-0.001415755775029839
"Reader, The",-0.0513718373108194
Sword of the Stranger (Sutorejia: Mukô hadan),-0.010953889489346945
Seven Pounds,-0.12128537858979313
"Wrestler, The",0.005992184891087921
"Curious Case of Benjamin Button, The",0.02247270514349442
Yes Man,0.061226043764231755
Valkyrie,-0.1217686676693975
5 Centimeters per Second (Byôsoku 5 senchimêtoru),-0.1739838589366069
War of the Worlds,-0.028651955158277734
Ben X,0.12186628664511685
Bedtime Stories,0.07778968784809631
Choke,0.24544976883018904
Revolutionary Road,0.049592767882115106
Blackadder Back & Forth,0.1112648688706243
Blackadder's Christmas Carol,0.024554013659360312
Dear Zachary: A Letter to a Son About His Father,0.1222409602689061
Wild Child,-0.007243036520586319
Defiance,-0.08619477651684981
Zeitgeist: Addendum,0.15668522568657858
Marley & Me,-0.1716710280284135
Ponyo (Gake no ue no Ponyo),0.05248660536596928
"General Died at Dawn, The",-0.0006929699434182831
Earthsea (Legend of Earthsea),0.005714731395952571
Ip Man,-0.12087358389049861
"Tale of Despereaux, The",0.040119677198525994
Bride Wars,-0.050254989728806446
"Gamers, The: Dorkness Rising",-0.01917039522524289
Mesrine: Killer Instinct (L'instinct de mort),0.0029401558593799416
My Bloody Valentine 3-D,0.027821706945398362
Battle in Seattle,0.13927575616584764
"Timecrimes (Cronocrímenes, Los)",0.2233888725965767
Fire and Ice,-0.006281321119147605
Underworld: Rise of the Lycans,-0.024286317043571537
Inkheart,0.016014929273533922
Revenge of the Nerds III: The Next Generation,0.055643413890796724
Revenge of the Nerds IV: Nerds in Love,0.055643413890796724
Paul Blart: Mall Cop,0.017177769589651254
Notorious,-9.812780441278899e-05
"Uninvited, The",0.04868798715444719
Outlander,0.044359559160917064
Eden Lake,-0.020493671420936523
Coraline,-0.0627342085974725
Push,-0.050918187027302934
"International, The",-0.07107798284982238
He's Just Not That Into You,-0.0951159778786364
Dead Like Me: Life After Death,0.006667186628611329
Futurama: Into the Wild Green Yonder,0.16004246897080024
Frontière(s),-0.1264480660337196
"11th Hour, The",0.0019394381729131252
Afro Samurai: Resurrection,3.961734762327426e-05
Departures (Okuribito),-0.043788164598481706
My Name Is Bruce,0.08876581268166425
Funny People,-0.15854265768394016
Berlin Calling,0.07579249314141877
Nuremberg,0.037320971602214
Away We Go,0.04896401594362944
"Divo, Il",0.15229987000169048
Friday the 13th,0.15379895409011218
"Good, the Bad, the Weird, The (Joheunnom nabbeunnom isanghannom)",-0.107813329529754
"Pink Panther 2, The",-0.032315498060013575
Rock-A-Doodle,-0.04064296367105718
Dr. Horrible's Sing-Along Blog,0.06432588587867194
"Cottage, The",-0.16478885648420546
"I Love You, Man",-0.03849268371722057
Dance of the Dead,-0.1264480660337196
"Haunting in Connecticut, The",0.005224782724331748
Duplicity,-0.05080370458882147
Knowing,-0.009223087449445885
"Girl with the Dragon Tattoo, The (Män som hatar kvinnor)",-0.13981874073396586
Sunshine Cleaning,-0.10678540285646419
Kung Fu Panda: Secrets of the Furious Five,-0.059148719952436556
Echelon Conspiracy,0.016369342439573567
Monsters vs. Aliens,0.07918499700705076
"Baader Meinhof Komplex, Der",0.13927575616584764
Big Stan,-0.003473393993008347
Strictly Sexual,-0.02854259519951844
Anvil! The Story of Anvil,-0.0323249684499153
Observe and Report,0.02459555201650581
Adventureland,0.13295900979707595
Confessions of a Shopaholic,-0.030651977686805023
The Butterfly Effect 3: Revelations,0.002824106168957808
Man on the Flying Trapeze,-0.034506711405437374
"Fast & Furious (Fast and the Furious 4, The)",-0.09169907918083284
In the Loop,0.19193956392708705
Pirate Radio,0.23597576317006883
17 Again,-0.04677910728105063
Inglourious Basterds,0.7730845474913212
State of Play,0.16962922612314354
"Damned United, The",0.1286969482637546
Crank: High Voltage,-0.010800496346138638
Moon,0.20324427683797516
"Young Victoria, The",-0.007250479698172312
X-Men Origins: Wolverine,0.07318520520099661
Sin Nombre,-0.020493671420936523
Star Trek,0.2955916542364025
"Great Buck Howard, The",0.12186628664511685
Flatfoot on the Nile (Piedone d'Egitto),-0.034671307208242366
Red Cliff Part II (Chi Bi Xia: Jue Zhan Tian Xia),-0.05408181639109322
Earth,0.05178566995605447
Stanley Kubrick: A Life in Pictures,-0.021223471899908503
Crossing Over,-0.04064296367105718
Angels & Demons,-0.031588874279436546
Scorpio,-0.009487566001816288
Balls Out: Gary the Tennis Coach,0.011296424675831232
Powder Blue,-0.04064296367105718
Fanboys,0.023516559795302348
Terminator Salvation,0.0005370102709029129
Night at the Museum: Battle of the Smithsonian,-0.15027846363782452
Were the World Mine,-0.010875330664424311
"Brothers Bloom, The",-0.2264745729920344
Paisan (Paisà),-0.09245681922197976
I Do: How to Get Married and Stay Single (Prête-moi ta main),-0.021145207621743857
"Soloist, The",0.02356465062420452
Neon Genesis Evangelion: Death & Rebirth (Shin seiki Evangelion Gekijô-ban: Shito shinsei),-0.041746900287568174
Drag Me to Hell,-0.13299940691164097
Up,0.058061126173377484
Fullmetal Alchemist the Movie: Conqueror of Shamballa (Gekijô-ban hagane no renkinjutsushi: Shanbara wo yuku mono),-0.013900481953612114
Fired Up,-0.07263216350421453
In the Electric Mist,0.012277006829680156
"Hangover, The",0.41166932241251897
Killshot,-0.05080370458882147
Antichrist,-0.21511264637646454
Sweeney Todd,0.053492902931368054
Boy Eats Girl,-0.03834079045048578
Marius and Jeanette (Marius et Jeannette),-0.09245681922197976
Ernest Rides Again,-0.02032148183552859
Special,0.10356011479527504
Dead Snow (Død snø),0.012564952020520145
Land of the Lost,0.07649521980299591
Imagine That,-0.030672632360388637
"Taking of Pelham 1 2 3, The",0.036519869904516715
"Stoning of Soraya M., The",-0.02568833567956678
"Proposal, The",-0.25840182545224205
Year One,0.05744858485478622
"Land That Time Forgot, The",0.05241001173255613
Garfield's Pet Force,-0.03834079045048578
"Hurt Locker, The",0.21292616285906488
Breakfast with Scot,-0.010875330664424311
"Limits of Control, The",-0.10563394099413738
Raiders of the Lost Ark: The Adaptation,-0.01770036041060627
Transformers: Revenge of the Fallen,-0.03850790230156321
Home,0.03784815909518824
Whatever Works,-0.04478860075712442
Ghosts of Girlfriends Past,0.009027228982834166
Public Enemies,0.09472232578953552
Ice Age: Dawn of the Dinosaurs,-0.15863004847938195
Prison Break: The Final Break,-0.02833873607056748
Daria: Is It College Yet?,-0.02028551941413197
My Sister's Keeper,-0.0004822848131107632
Hood of Horror,-0.034506711405437374
Watchmen: Tales of the Black Freighter,0.12186628664511685
(500) Days of Summer,-0.2678346125327777
Brüno (Bruno),0.1799985137749163
"Librarian, The: The Curse of the Judas Chalice",-0.004286702860735643
Harry Potter and the Half-Blood Prince,-0.27194977144078736
Roots,-0.07727940995561804
Eichmann,0.03257163102975999
Open Water 2: Adrift,-0.01427129759975922
"Imaginarium of Doctor Parnassus, The",0.2954615670731929
9to5: Days in Porn (a.k.a. 9 to 5: Days in Porn),0.12186628664511685
Humpday,-0.011358410613333718
Polytechnique,-0.006944301089197862
Orphan,0.06111652454811178
"Ugly Truth, The",-0.13348108779910284
"Collector, The",-0.1264480660337196
"Perfect Getaway, A",-0.14451207546710818
District 9,0.040235326306831465
Julie & Julia,-0.1210105694156884
Obsessed,-0.06294449668512964
Race to Witch Mountain,-0.02266923844675114
Hannah Montana: The Movie,-0.06294449668512964
G.I. Joe: The Rise of Cobra,-0.03143994408393221
12 Rounds,0.057819339102672916
Max Manus,-0.008038144398841948
Winds of the Wasteland,-0.019979816639663125
Lost in Austen,-0.026776726791110782
Evangelion: 1.0 You Are (Not) Alone (Evangerion shin gekijôban: Jo),0.04845185163444246
"Deal, The",0.016369342439573567
"Goods: Live Hard, Sell Hard, The",-0.04183397055748123
"Time Traveler's Wife, The",0.03065651243220086
I Can't Think Straight,-0.012428949330770649
Miss March,-0.01866375568409831
"I Love You, Beth Cooper",0.014120530844789005
Paper Heart,0.06251376179184831
G-Force,-0.026838553315340054
Christopher Columbus: The Discovery,-0.04064296367105718
Tetro,0.013092472334075546
Bronson,0.022108916561489538
It Might Get Loud,0.026413510629372063
My Life in Ruins,0.00036381922645983275
Troll 2,-0.17491610230755472
Taking Woodstock,0.14151604131983403
If These Walls Could Talk,-0.01427129759975922
Halloween II,-0.03733825630240568
"Secret in Their Eyes, The (El secreto de sus ojos)",0.0027750976772737833
9,0.12544149702321025
Frequently Asked Questions About Time Travel,0.04376408227881086
"White Ribbon, The (Das weiße Band)",0.003307675341802452
Green Lantern: First Flight,0.07587199830985585
"Most Hated Family in America, The",0.17184738719560771
Pandorum,-0.12217822579972638
Death of a Cyclist (Muerte de un ciclista),0.10445681712438581
"Men Who Stare at Goats, The",0.18622932581600776
"Hunt For Gollum, The",0.005714731395952571
Jennifer's Body,0.00672190850848074
"Informant!, The",0.2847993541412141
Extract,0.030202225997275945
"Final Destination, The (Final Destination 4) (Final Destination in 3-D, The)",-0.07931919901195726
Gamer,-0.053585279893682086
Cloudy with a Chance of Meatballs,-0.14114475580969307
Tyler Perry's I Can Do Bad All by Myself,0.061463955279280946
"Food, Inc.",0.17590308308330577
Attack of the 50 Foot Woman,0.021122588269745005
Thirst (Bakjwi),-0.218590322315934
Bright Star,-0.07112518642435009
Blood Creek (a.k.a. Town Creek),-0.10838405660033104
Paranormal Activity,-0.020671219461230024
World's Greatest Dad,0.013422526598021844
Still Walking (Aruitemo aruitemo),-0.0046295340594652325
"Blood of the Beasts (Sang des bêtes, Le)",0.13927575616584764
"Cove, The",0.011178878357422126
"Serious Man, A",-0.08352702327910941
City Island,0.032738684879147134
Ink,0.12186628664511685
Metropia,-0.05080370458882147
"Haunted World of El Superbeasto, The",0.12186628664511685
Trick 'r Treat,0.07397151056805362
Whip It,-0.027542552159393566
"Invention of Lying, The",0.025407304824533065
Surrogates,-0.020697406507974168
Zombieland,0.30067802417637746
Assassination of a High School President,-0.02032148183552859
"Education, An",-0.11616479721700598
Coco Before Chanel (Coco avant Chanel),-0.01799318918907303
Burma VJ: Reporting from a Closed Country (Burma VJ: Reporter i et lukket land),-0.012095047808278308
Couples Retreat,0.003636760242103729
I Sell the Dead,-0.11417105920403939
Where the Wild Things Are,0.09415686509962706
Legionnaire,-0.010160740917764295
"New York, I Love You",-0.060652301701722276
Law Abiding Citizen,0.10375171899283418
"Misfortunates, The (De helaasheid der dingen)",0.10445681712438581
Mary and Max,-0.052155498217713925
Spread,-0.017931962493319496
"Tournament, The",-0.09032004716694259
"Princess and the Pirate, The",-0.026165443252484065
Aelita: The Queen of Mars (Aelita),0.021122588269745005
Up in the Air,0.044232556479724947
Balance,-0.09128483736359383
Saw VI,0.055960254013019156
Love Exposure (Ai No Mukidashi),-0.18064009433388517
Cirque du Freak: The Vampire's Assistant,0.0038098209306350527
"Boondock Saints II: All Saints Day, The",0.06338375374895183
Black Dynamite,0.21832003572007905
Welcome to Dongmakgol,-0.034506711405437374
Gentlemen Broncos,0.057884439192097105
Fantastic Mr. Fox,0.21317810644726554
"Christmas Carol, A",0.023199714898999628
Battlestar Galactica: The Plan,0.05294581218933775
"Private Lives of Pippa Lee, The",-0.030942622369945782
Partly Cloudy,0.14693286583493304
2012,0.02126115403879539
Precious,-0.06804729129464207
Bad Lieutenant: Port of Call New Orleans,0.030489873284362562
"Twilight Saga: New Moon, The",0.030301205913600096
Derailed,-0.018064009433388522
"Messenger, The",-0.07112518642435009
Ninja Assassin,-0.010914048108450954
Cell 211 (Celda 211),0.0665815756577844
"Patriot, The",-0.019979816639663125
Teenage Mutant Ninja Turtles: Turtles Forever,0.06503314140844785
Merry Madagascar,-0.06934261441648473
Brothers,-0.11838829453144414
Garage,-0.026838553315340054
"Blind Side, The",-0.04783362375186034
Mickey's Once Upon a Christmas,-0.03834079045048578
Shrink,0.016369342439573567
Old Dogs,-0.0026243124075916377
Planet 51,-0.04606714272360395
Earthlings,0.13927575616584764
"Single Man, A",0.1480743338503735
"Lovely Bones, The",-0.10395679696760451
Invictus,0.0011914600959270437
"Princess and the Frog, The",-0.17212371368841442
"Peacekeeper, The",-0.0071294059477039215
Did You Hear About the Morgans?,0.0005457288396897342
Snow White,0.12186628664511685
Alice,0.0076196418612701055
Avatar,0.0008901974051785744
It's Complicated,-0.03966852480119779
Sherlock Holmes,-0.10573616252654208
Crazy Heart,-0.030159935419947218
Alvin and the Chipmunks: The Squeakquel,-0.016842963799984997
American Pie Presents: The Book of Love (American Pie 7: The Book of Love),-0.033022681117589256
Sorority Babes in the Slimeball Bowl-O-Rama,-0.01917039522524289
Pontypool,-0.1026071816929007
Youth in Revolt,0.16235957196593007
Daybreakers,-0.05345084713814803
Hachiko: A Dog's Story (a.k.a. Hachi: A Dog's Tale),0.013163608063544097
Leap Year,-0.06026260853669063
"Book of Eli, The",0.04116571317618701
"Girl Who Kicked the Hornet's Nest, The (Luftslottet som sprängdes)",0.25041521816443957
"Prophet, A (Un Prophète)",-0.05431404198323673
Staten Island,0.012277006829680156
"Maiden Heist, The",-8.177317034393814e-05
Blood: The Last Vampire,0.0022000924849548535
MacGyver: Lost Treasure of Atlantis,0.0025726363769574194
Pekka ja Pätkä Suezilla,-0.02495292081696366
Bart Got a Room,-0.06294449668512964
Project A 2 ('A' gai wak juk jap),-0.23144379892270633
Robin-B-Hood (Bo bui gai wak),-0.10838405660033104
"Concert, Le",-0.01585890571630793
Ninja,-0.10838405660033104
Asterix at the Olympic Games (Astérix aux jeux olympiques),-0.010953889489346945
"Chaser, The (Chugyeogja)",-0.060964445506585654
Meantime,-0.03834079045048578
"Rudolph, the Red-Nosed Reindeer",0.08329698368863417
"Dennis the Menace Christmas, A",-0.01606673713352307
Undisputed II: Last Man Standing,-0.14451207546710818
3 Idiots,-0.07804012168555297
Legion,0.09646034699729165
Stan Helsing,-0.006539414639555579
Peter Pan,0.12186628664511685
Wicked City (Yôjû toshi),-0.05080370458882147
When in Rome,-0.02399476120107957
"Dream of Light (a.k.a. Quince Tree Sun, The) (Sol del membrillo, El)",0.1740946952073098
Triangle,-0.19005978661938558
I Love You Phillip Morris,-0.0059279438230055515
Anne of Green Gables: The Sequel (a.k.a. Anne of Avonlea),0.06451511339579004
Temple Grandin,0.008029371717444616
"Captain Newman, M.D.",-0.034506711405437374
"House of the Devil, The",-0.14451207546710818
Valentine's Day,-0.04578251095857103
"Wolfman, The",0.034704361789905006
Shutter Island,0.37041423726848643
Persuasion,-0.047941725991208606
"Girl Who Played with Fire, The (Flickan som lekte med elden)",0.060485317057401906
Percy Jackson & the Olympians: The Lightning Thief,-0.016697212747520025
Cop Out,0.07343861226034787
"Ghost Writer, The",0.29840826280932636
"Secret of Kells, The",0.05987207457921697
"Spy Next Door, The",0.007082307131434456
Agora,0.03974120005447162
Motherhood,-0.0055533988923639225
District 13: Ultimatum (Banlieue 13 - Ultimatum),-0.09395926258396489
"Yes Men Fix the World, The",-0.009657382027448385
Mike Bassett: England Manager,-0.030672632360388637
"Crazies, The",0.10976312831643545
Dear John,0.000636683646304714
Last Train Home,-0.060964445506585654
Tooth Fairy,0.007510637704165976
Gentlemen of Fortune (Dzhentlmeny udachi),-0.07357906953500758
[REC]²,-0.03210045669848745
"Room, The",0.11687555757147775
Alice in Wonderland,0.08858474117241623
"Town Called Panic, A (Panique au village)",0.12307238695771928
Green Zone,0.17841181784555316
From Paris with Love,0.04812284901060708
Dorian Gray,0.1276527556734005
Greenberg,-0.020313831304458945
She's Out of My League,-0.09734740868171962
Harry Brown,0.08965101107064379
Remember Me,-0.08114207765652788
"Burrowers, The",-0.10838405660033104
Frozen,-0.15073841123706316
Generation X,-0.030482222753292827
Little Ashes,-0.0013474680697892754
Our Family Wedding,0.012277006829680156
"Bounty Hunter, The",-0.018715314512212464
Leaves of Grass,-0.026289023263335955
Women in Trouble,0.016369342439573567
Mondo Cane,-0.04064296367105718
Repo Men,0.13663063999619823
Case 39,-0.010160740917764295
Oceans (Océans),0.13927575616584764
"Slammin' Salmon, The",0.05610662389727975
Hot Tub Time Machine,0.1450310716343565
Mother (Madeo),-0.18064009433388517
How to Train Your Dragon,-0.47860297389103384
"Bone Man, The (Der Knochenmann)",-0.034506711405437374
Micmacs (Micmacs à tire-larigot),0.1710383927821702
Clash of the Titans,0.28843612992568796
Kick-Ass,0.29712943444703016
Date Night,0.01929808320954322
"Emperor's New Groove 2: Kronk's New Groove, The",-0.034506711405437374
Steam of Life (Miesten vuoro),0.12186628664511687
Mortadelo & Filemon: The Big Adventure (La gran aventura de Mortadelo y Filemón),-0.009584653303178632
American Drug War: The Last White Hope,-0.017125557119711136
"Runaways, The",0.023986649835676346
Wild China,0.0034174416096581554
Death at a Funeral,0.1597374342153148
Valhalla Rising,-0.05080370458882147
Diary of a Wimpy Kid,0.04680629006494707
"Union: The Business Behind Getting High, The",0.12186628664511685
Disgrace,0.010183034037614329
"Losers, The",0.02243241535039802
"Last Song, The",0.000636683646304714
Cyrus,0.020461678049466955
"Human Centipede, The (First Sequence)",0.006686612866421007
Exit Through the Gift Shop,0.2702077529698155
Iron Man 2,-0.12047470397043267
MacGruber,-9.812780441278899e-05
Three Men and a Cradle (3 hommes et un couffin),-0.034506711405437374
"Sky Crawlers, The (Sukai kurora)",-0.05080370458882147
Cargo,-0.010992311958508328
"Nightmare on Elm Street, A",-0.061417180832146034
Four Lions,-0.06768700789694648
St Trinian's 2: The Legend of Fritton's Gold,-0.017681498497111862
12 Angry Men,-0.03270680406560516
Robin Hood,0.1860977358384317
Lovers & Leavers (Kuutamolla),-0.02495292081696366
Merantau,-0.14451207546710818
Stingray Sam,-0.14451207546710818
Cemetery Junction,0.0286463492692538
Blue Valentine,-0.1628882156014863
Killers,0.10104281951134449
Buried,0.04891411942072699
Shake Hands with the Devil,0.003505384775354301
Prince of Persia: The Sands of Time,0.16102366718334649
Please Give,0.0286463492692538
Baarìa,-0.034506711405437374
Ricky Gervais Live: Animals,-0.013175427760517522
Sex and the City 2,-0.008815932969029973
Get Him to the Greek,0.10579208951118618
Unthinkable,0.0033001387274322965
"Back-up Plan, The",0.0005457288396897342
Splice,0.06617735292504527
Letters to Juliet,-0.0043306495348218
Exam,0.007246900531008264
Jonah Hex,0.058587724752116384
"A-Team, The",0.062320370284787756
Toy Story 3,-0.06784324973384359
Ricky Gervais Live 3: Fame,-0.011293223794729322
Winter's Bone,0.14004987774963312
"Scalphunters, The",-0.034506711405437374
Barking Dogs Never Bite (Flandersui gae),-0.1264480660337196
Shrek Forever After (a.k.a. Shrek: The Final Chapter),-0.11057841911799615
TiMER,-0.03128428543363221
Best Worst Movie,0.05679973482549773
"Twilight Saga: Eclipse, The",-0.06398547801199404
Enter the Void,-0.006545399126575229
"Last Airbender, The",-0.04898550458021228
Endgame,-0.060964445506585654
Empire of Dreams: The Story of the 'Star Wars' Trilogy,0.0419860930524907
South Park: Imaginationland,0.32282041289161095
Predators,0.09857338836177539
When You're Strange,0.13927575616584764
Despicable Me,-0.4028170578511812
Inception,0.5468815896892192
Grown Ups,0.20647201920349154
"Sorcerer's Apprentice, The",0.05063931037503169
Knight and Day,-0.09098683135692805
"Karate Kid, The",-0.00839439664468042
"Kids Are All Right, The",0.058506891597397186
"Serbian Film, A (Srpski film)",0.029580459136707322
Cherrybomb,0.020461678049466955
Batman: Under the Red Hood,0.16114497922053325
Salt,-0.015609825876711978
"No. 1 Ladies' Detective Agency, The",-0.021388217843111703
Watch Out for the Automobile (Beregis avtomobilya),-0.08114207765652788
Mr. Nobody,-0.0088854159944678
Dinner for Schmucks,0.10503490912484574
Deadly Outlaw: Rekka (a.k.a. Violent Fire) (Jitsuroku Andô Noboru kyôdô-den: Rekka),-0.14451207546710818
Hellsinki (Rööperi),-0.021388217843111703
Ip Man 2,0.1158744886797931
Ramona and Beezus,0.033433064332105064
"Rebound, The",0.020461678049466955
"Other Guys, The",0.1049208315580229
"Two Escobars, The",0.022800141720831987
Paper Man,-0.030672632360388637
"Expendables, The",0.27763187474656276
Scott Pilgrim vs. the World,0.23835415497776685
I Killed My Mother (J'ai tué ma mère),0.005017247127670737
Heartless,-0.09032004716694259
Piranha (Piranha 3D),-0.08409953655492862
"Extraordinary Adventures of Adèle Blanc-Sec, The",-0.05080370458882147
Get Low,-0.03834079045048578
"Joneses, The",0.0286463492692538
Dragon Ball Z: Dead Zone (Doragon bôru Z 1: Ora no Gohan wo kaese),-0.08128592734211436
"Last Exorcism, The",-0.14451207546710818
Sisters (Syostry),-0.10142759707065965
"American, The",-0.08184375429289727
Jackass 2.5,0.07510633450860305
"Horde, The (La Horde)",-0.09032004716694259
"Switch, The",-0.05956676637957414
Machete,0.07914460339140714
Going the Distance,0.07017857111258147
Resident Evil: Afterlife,-0.021678303745868138
Princess (Prinsessa),-0.0178235148692598
"Social Network, The",0.479930578173529
"Man Vanishes, A (Ningen Johatsu)",0.13927575616584764
"Town, The",0.06766466313304359
Easy A,-0.046948218500083176
Eat Pray Love,-0.024316237170659016
Howl,0.12186628664511685
I'm Still Here,0.053492902931368054
"Patrik Age 1.5 (Patrik 1,5)",-0.018173456981333914
Flipped,0.05992838511974374
Wall Street: Money Never Sleeps,0.047833323267276046
Legend of the Guardians: The Owls of Ga'Hoole,-0.03590898161146587
It's Kind of a Funny Story,0.128165711045776
Middle Men,-0.010210954310921698
Alice in Wonderland,0.01877563401755112
Let Me In,-0.19410414797457612
Sintel,-0.008450209274017339
Secretariat,-0.005929728751135184
Devil,-0.004823941805055921
You Again,0.000636683646304714
Life as We Know It,0.0003367048381039506
Catfish,-0.01346713343406661
You Will Meet a Tall Dark Stranger,0.0286463492692538
Stone,-0.07129737600975805
Inside Job,0.14932969581223793
Monsters,-0.0005417708075640475
Never Let Me Go,-0.0023052209093224444
"Illusionist, The (L'illusionniste)",0.150619721658827
Luck by Chance,-0.034506711405437374
Rubber,-0.13783625452590725
Jackass 3D,0.03556432092108952
Restrepo,0.12034165211557563
Waiting for 'Superman',0.13927575616584764
Red,0.09710885921004501
In a Better World (Hævnen),-0.005626701079189329
Heartbreaker (L'Arnacoeur),-0.013215754763589934
Paranormal Activity 2,-0.11701810121791446
Heartbeats (Les amours imaginaires),0.018801483821652126
Hereafter,-0.07193656764014825
Undisputed III: Redemption,-0.14451207546710818
Saw VII 3D - The Final Chapter,0.021146867061466006
Due Date,0.14840499740074592
127 Hours,-0.18656601753790383
Megamind,-0.0456363356464977
Black Swan,-0.292334047234174
I Shot Jesse James,-0.009259068118930465
Unstoppable,-0.11657827872291888
Morning Glory,-0.02170383993446116
Certified Copy (Copie conforme),0.010037802018592272
"Next Three Days, The",-0.1428074929485714
Somewhere,-0.060964445506585654
Biutiful,0.07021731781638131
"First Beautiful Thing, The (La prima cosa bella)",0.013024113835842604
Harry Potter and the Deathly Hallows: Part 1,-0.008265301364551746
"King's Speech, The",-0.15073557427662446
Tangled,-0.30821601189712117
"Art of the Steal, The",0.11644168000623278
"Fighter, The",0.14764552154185118
"Romantics, The",0.024554013659360312
"Loved Ones, The",0.0214905936290466
Casino Jack,-0.006519777125559678
Vincent Wants to Sea (Vincent will meer),-0.007243036520586319
London Boulevard,0.012277006829680156
Skyline,0.004092335609893392
Beastly,0.000636683646304714
Love and Other Drugs,-0.09237553112679636
"Chronicles of Narnia: The Voyage of the Dawn Treader, The",-0.03629939477131025
"Tourist, The",-0.0358320842331166
Rare Exports: A Christmas Tale (Rare Exports),0.04604674771490845
Hatchet II,-0.16257608490049674
All Good Things,0.0247334800615395
True Grit,0.18035519982455833
Tron: Legacy,0.08702322405585389
How Do You Know,0.0545658495084096
Barney's Version,0.032738684879147134
"Company Men, The",-0.05080370458882147
"One-Armed Swordsman, The (Dubei dao)",-0.10838405660033104
I Saw the Devil (Akmareul boatda),-0.17684365843046745
Trash Humpers,-0.0023147670297326162
Faster,0.10838856901407976
Little Big Soldier (Da bing xiao jiang),-0.1264480660337196
Rabbit Hole,-0.0004219992114719168
One Week,5.546428667255988e-05
Little Fockers,0.07181300326129259
Gulliver's Travels,0.031105990397254077
Sweetgrass,-0.015550775753500617
Burlesque,-0.05080370458882147
"Secret World of Arrietty, The (Kari-gurashi no Arietti)",0.04527878600840297
Tucker & Dale vs Evil,0.1356891531933053
Yogi Bear,0.010433211896153654
Made in Dagenham,-0.0023817214425598024
"Green Hornet, The",-0.14718401417051824
"Way Back, The",-0.031409944821587446
"Warrior's Way, The",0.0286463492692538
Season of the Witch,-0.009584653303178632
Amer,0.0009536887058858489
Cowboys & Aliens,-0.037290236407384485
Anything for Her (Pour elle),-0.05080370458882147
Day & Night,0.10015117658862828
Marwencol,0.10458764691900506
"Dilemma, The",0.0012912828242241036
Down Argentine Way,-0.03834079045048578
"Trip, The",0.13927575616584764
Limitless,-0.015394657603614883
Happy People: A Year in the Taiga,-0.09128483736359383
Evangelion: 2.0 You Can (Not) Advance (Evangerion shin gekijôban: Ha),0.032404950283610186
I Spit on Your Grave,-0.050319089431110964
Even the Rain (También la lluvia),-0.006430515519073488
It Happened on Fifth Avenue,-0.034506711405437374
Zeitgeist: Moving Forward,0.1740946952073098
No Strings Attached,-0.00266319360709953
"Lincoln Lawyer, The",-0.005353839890767039
All-Star Superman,0.03726338258972973
Girls About Town,-0.03834079045048578
Kill! (Kiru),-0.060964445506585654
Pekka ja Pätkä salapoliiseina,-0.028517623790815686
Unknown,-0.018922834908468706
Cedar Rapids,0.03175810272529815
Gnomeo & Juliet,-9.812780441278899e-05
Burke and Hare,0.032738684879147134
Castaway on the Moon (Kimssi pyoryugi),0.13927575616584764
Paul,0.09002698108364926
"Asphyx, The",0.021122588269745005
Brother 2 (Brat 2),-0.09128483736359383
Emma,-0.011459985141519427
Drive Angry,0.0865963727727821
Rango,0.12924435214173122
Take Me Home Tonight,0.020461678049466955
Confessions (Kokuhaku),0.004400184969909707
"Adjustment Bureau, The",0.042566295251408835
"Mechanic, The",-0.1558946819432761
Hall Pass,-0.0837127920833231
"Eagle, The",0.016369342439573567
I Am Number Four,0.013403829778015838
Battle: Los Angeles,-0.0005246601548232588
Summer Wars (Samâ wôzu),-0.2177996466492092
"Sunset Limited, The",0.13927575616584764
Winnie the Pooh and the Honey Tree,-0.042844632356061514
Mars Needs Moms,-0.009584653303178632
Scooby-Doo! Curse of the Lake Monster,-0.03834079045048578
Winnie the Pooh and Tigger Too,-0.07099931794946182
Hard Ticket to Hawaii,-0.0006929699434182831
Elite Squad: The Enemy Within (Tropa de Elite 2 - O Inimigo Agora É Outro),0.18439639534757904
Mesrine: Public Enemy #1 (L'ennemi public n°1),0.0009564317072117405
Just Go with It,-0.08276644953052403
Cave of Forgotten Dreams,0.01954297861785601
Red Riding Hood,-0.03184139809810167
"Big Mommas: Like Father, Like Son",0.008184671219786784
Super,0.0042678511085792615
"Troll Hunter, The (Trolljegeren)",-0.14140187762637385
Source Code,0.0868730993181067
Jane Eyre,-0.060964445506585654
Sucker Punch,0.023493455808442226
BURN-E,0.01679705364960545
Senna,-0.0071977796460499935
Family Guy Presents: It's a Trap,-0.000840004309093362
Insidious,-0.11497093032609894
Hobo with a Shotgun,0.04100758216340894
Win Win,-0.04125018259354026
Room in Rome (Habitación en Roma),-0.022603617894150076
Boy,-0.028517623790815686
Diary of a Wimpy Kid: Rodrick Rules,0.04680629006494707
Henry's Crime,0.016369342439573567
Hop,-0.037616933449586436
Playing the Victim (Izobrazhaya zhertvu),-0.08114207765652788
Films to Keep You Awake: The Christmas Tale (Películas para no dormir: Cuento de navidad),-0.005355579044507689
13 Assassins (Jûsan-nin no shikaku),-0.23073486245042782
Hanna,-0.13284368884728817
Connections,0.1740946952073098
Into Eternity,0.12186628664511685
Daffy Duck's Quackbusters,-0.04064296367105718
American: The Bill Hicks Story,0.1488757325972314
Arthur,0.09971846408775359
Scream 4,-0.06512675679911202
Rio,0.10488992941680932
Melancholia,-0.23614019191169405
Thor,-0.15604684894416024
Louis C.K.: Hilarious,0.07312770539201323
Louis C.K.: Chewed Up,0.03620347805325222
Atlas Shrugged: Part 1,-0.04064296367105718
Louis C.K.: Shameless,0.28323610549843325
Mildred Pierce,-0.029436123659044636
Voices from the List,-0.06929114151023252
Water for Elephants,0.12462707181500755
African Cats,0.020461678049466955
Kill the Irishman,-0.0782019217971478
"Fast Five (Fast and the Furious 5, The)",-0.11262635718219614
Louis Theroux: Law & Disorder,0.03257163102975999
Idiots and Angels,0.005500231212387116
Incendies,0.0055744551698164065
Soul Surfer,0.04680629006494707
Something Borrowed,-0.023922917940208253
Bridesmaids,-0.11002185531899528
Priest,-0.025401388196976366
Mothra (Mosura),-0.060964445506585654
Pirates of the Caribbean: On Stranger Tides,-0.08153146906393784
Midnight in Paris,-0.060135221394942054
The Man from Nowhere,0.02811790396697495
"Tree of Life, The",-0.2416045398404708
"Hangover Part II, The",0.13338577291771156
Nothing to Declare (Rien à déclarer),0.13927575616584764
Across the Hall,-6.541853627517226e-05
"Roommate, The",-0.0027718797736731326
Attack the Block,-0.031401944872255706
The Way,0.048387458655359504
Let the Bullets Fly,-0.060964445506585654
Kung Fu Panda 2,-0.03377480741875131
X-Men: First Class,-0.2409666742622425
Submarine,0.01944730131844341
American Grindhouse,0.01877563401755112
Everything Must Go,0.03291184972775213
Beginners,0.06727908365425839
Super 8,0.14669090140068594
Bernie,0.013881493484589435
Green Lantern,-0.013060509914915483
Elektra Luxx,0.13414329347479692
Mr. Popper's Penguins,0.06461646398484723
Bad Teacher,-0.00693703585175433
Transformers: Dark of the Moon,-0.14295692015579792
Larry Crowne,-0.03996978875510914
Your Highness,-0.06912163008515382
Too Big to Fail,0.15668522568657858
Takers,0.0032847572960010675
My Life as McDull (Mak dau goo si),-0.03834079045048578
Zookeeper,0.028731676398366202
Horrible Bosses,-0.012934384468828474
Cars 2,-0.08532259248563523
Between the Folds,-0.060964445506585654
Delhi Belly,-0.030672632360388637
Upside Down: The Creation Records Story,0.0022051168945349487
Monte Carlo,0.040119677198525994
Harry Potter and the Deathly Hallows: Part 2,-0.14508125919368134
Drive,0.18056437081993945
Captain America: The First Avenger,0.09705344043568605
"Crazy, Stupid, Love.",-0.07570341165634739
One Day,-0.008277219226769165
"Guard, The",-0.04536576410663565
Winnie the Pooh,-0.003572582163839681
"Woman, The",-0.13472528526048883
"New One-Armed Swordsman, The (Xin du bi dao)",-0.10838405660033104
Mike's New Car,-0.08114207765652788
"Smurfs, The",0.047945042884663856
Friends with Benefits,0.03906891622749424
Paper Birds (Pájaros de papel),0.07397952850864921
Blitz,0.06503314140844785
"Yellow Sea, The (a.k.a. The Murderer) (Hwanghae)",-0.05080370458882147
Our Idiot Brother,0.017371242209343447
SUBWAYStories: Tales from the Underground,-0.05080370458882147
Death Race 2,0.08661272740685114
Rise of the Planet of the Apes,-0.021641886234422196
Terri,-0.027044365774654775
"Change-Up, The",0.015955486652971872
"Help, The",0.02084903228752363
30 Minutes or Less,0.03727260675839949
My Afternoons with Margueritte (La tête en friche),4.754081714791319e-05
Final Destination 5,-0.010642139005846077
"Very Harold & Kumar 3D Christmas, A",0.044273234666707996
Don't Be Afraid of the Dark,-0.13236036548141183
Fright Night,0.0795038963074221
Another Earth,-0.030210664945879255
Hesher,-0.00013083707255034452
Stake Land,-0.14451207546710818
"Debt, The",-0.05080370458882147
Colombiana,-0.10174920846842088
Bill Cunningham New York,-0.015550775753500617
"Skin I Live In, The (La piel que habito)",-0.1781796875218487
Conan the Barbarian,0.006124244896390079
Walled In,-0.017931962493319496
Birdemic: Shock and Terror,-0.1264480660337196
"Inbetweeners Movie, The",0.0749397015320231
Red State,0.024554013659360312
Pearl Jam Twenty,-0.0006929699434182831
I Don't Know How She Does It,0.012277006829680156
Shark Night 3D,0.012277006829680156
Contagion,0.20667803709753213
Moneyball,0.18211527052020757
Neds,0.026057304823808004
Cold Fish (Tsumetai nettaigyo),-0.1660996802520497
Phineas and Ferb the Movie: Across the 2nd Dimension,0.05178566995605447
Northanger Abbey,-0.009657382027448385
"Avengers, The",-0.2137128020556766
Tinker Tailor Soldier Spy,-0.13224804180443825
"Separation, A (Jodaeiye Nader az Simin)",-0.03986045729723036
"Dangerous Method, A",-0.016916539089825086
Warrior,-0.04883975830219757
"Ides of March, The",-0.059256479910558796
Kill List,-0.16257608490049674
Killer Elite,0.05192007907973898
Bellflower,-0.07112518642435009
50/50,-0.3145337196633924
Generation P,-0.026838553315340054
The Artist,0.0795579441537541
Gigi,-0.051706409204030655
BlinkyTM,0.10445681712438581
Take Shelter,-0.06111163721320487
Three Outlaw Samurai (Sanbiki no samurai),-0.07112518642435009
Antonio Gaudí,0.13927575616584764
Real Steel,0.01994593444022949
Footloose,0.021007406889156737
"Thing, The",0.08251103135095161
Beautiful Boy,-0.009459679116307594
Tyrannosaur,0.12186628664511685
Martha Marcy May Marlene,0.034261908004958125
We Need to Talk About Kevin,-0.020185960473607923
Behind Enemy Lines II: Axis of Evil,0.007082307131434456
"Three Musketeers, The",-0.008301901687566384
In Time,-0.04465686498468563
Margaret,-0.060964445506585654
Carnage,-0.06892389729869369
Margin Call,0.05348212794928934
Paranormal Activity 3,-0.15478680210428697
Puncture,-0.05908092381559069
Johnny English Reborn,0.051994353014762004
Abduction,0.000636683646304714
This Must Be the Place,0.12186628664511685
Shame,-0.001357500906165466
What's Your Number?,-0.02568833567956678
Headhunters (Hodejegerne),-0.005267305131561447
Batman: Year One,0.08157151426093462
Miss Representation,0.12186628664511685
Puss in Boots,0.054989158964579975
Tower Heist,0.024722724497173023
J. Edgar,0.020461678049466955
"Double, The",0.012277006829680156
"Adventures of Tintin, The",0.19894743698109785
Starsuckers,0.13927575616584764
Tomboy,-0.007243036520586319
George Harrison: Living in the Material World,0.05918362280691943
Hugo,0.1277631027087114
Immortals,-0.034282058431382954
Jack and Jill,0.0668041267837117
Into the Abyss,0.03257163102975999
"Sign of Four, The",-0.060964445506585654
"Descendants, The",-0.19754902712351088
Like Crazy,-0.0226227232485383
"Muppets, The",0.12845805131208105
"Twilight Saga: Breaking Dawn - Part 1, The",-0.02367938247021971
War Horse,0.07519495111142409
"Rum Diary, The",0.22512096614913435
Lifted,-0.14451207546710818
Hipsters (Stilyagi),-0.07099931794946182
Another Cinderella Story,-0.006035863767155267
Bunraku,0.012277006829680156
"Sitter, The",-0.013301163580504887
Extremely Loud and Incredibly Close,-0.004215394275584183
Play the Game,-0.009657382027448385
Asterix in America (a.k.a Asterix Conquers America) (Astérix et les Indiens),-0.029455946158372857
Asterix and the Vikings (Astérix et les Vikings),-0.03834079045048578
Happy Feet Two,-0.03834079045048578
Arthur Christmas,-0.0005954303606399506
Violet & Daisy,0.017227214920828557
Bullet to the Head,0.004884042688440974
"Expendables 2, The",0.10176143247093988
"Snowman, The",-0.029716363702083352
The Hunger Games,-0.21885863312025003
"Dark Knight Rises, The",0.10188870378909642
"Bourne Legacy, The",0.03417204173750712
Sherlock Holmes: A Game of Shadows,-0.13465525741265555
Coriolanus,-0.05080370458882147
Young Adult,0.0026932690964074518
New Year's Eve,0.02170815916108931
Mission: Impossible - Ghost Protocol,-0.19787791084949038
We Bought a Zoo,0.07695435814748743
"Girl with the Dragon Tattoo, The",-0.06917134903134678
"Darkest Hour, The",-0.11888130623069763
Last Holiday,-0.030672632360388637
Alvin and the Chipmunks: Chipwrecked,0.008124600917658731
Salvation Boulevard,0.012277006829680156
Friends with Kids,0.03228174901872033
Girl Walks Into a Bar,0.15668522568657858
Contraband,0.05611054249404506
"Way South, The (De weg naar het zuiden)",0.13927575616584764
Being Elmo: A Puppeteer's Journey,-0.005164212352580563
Joyful Noise,0.012277006829680156
"Iron Lady, The",0.044387717105189496
Albatross,0.020461678049466955
"Revenant, The",0.00495020809114847
Underworld: Awakening,0.041341864933433725
"Grey, The",0.22271131503073904
Man on a Ledge,0.014933756810137564
Sacrifice (Zhao shi gu er),-0.05080370458882147
Haywire,-0.04060089526153155
Contact High,4.754081714791319e-05
"Whistleblower, The",0.01100199893315932
Einstein and Eddington,0.0025726363769574194
Apollo 18,-0.004743783000908144
Seeking Justice,0.016369342439573567
Red Tails,-0.006944301089197862
"Flowers of War, The (Jin líng shí san chai)",0.003844621810865371
Intouchables,-0.18054279352625263
One for the Money,-0.0023177887705692663
"Innkeepers, The",-0.17499429822040083
Puss in Boots (Nagagutsu o haita neko),-0.020493671420936523
Grave Encounters,-0.15365650891034832
Chronicle,-0.10376557083218702
"Woman in Black, The",0.13099853693907845
Woman in Love (Rubbeldiekatz),1.5846939049303205e-05
"Art of Getting By, The",0.02726811694787714
All Watched Over by Machines of Loving Grace,0.1567486134427759
Dylan Moran: Monster,-0.004481749081779707
Safe House,-0.06635967036826232
"Vow, The",-0.01795683441463944
Louis C.K.: Live at the Beacon Theater,0.07900793140720629
Pitfall (Otoshiana),0.12186628664511685
Monsieur Lazhar,0.020842832356433746
"For a Good Time, Call...",0.020461678049466955
Janie Jones,-0.05080370458882147
Journey 2: The Mysterious Island,-0.0023147670297326162
Perfect Sense,-0.016194999530595375
Rollo and the Woods Sprite (Rölli ja metsänhenki),-0.014258811895407843
"Atomic Brain, The",0.016428679765357238
Ghost Rider: Spirit of Vengeance,0.026322365558588634
Prayers for Bobby,-0.010875330664424311
"Very Potter Musical, A",-0.06067215465792138
"Very Potter Sequel, A",-0.03270680406560516
Miss Nobody,-0.03834079045048578
"Civil War, The",0.04475441304148883
Ro.Go.Pa.G.,4.754081714791319e-05
"Women on the 6th Floor, The (Les Femmes du 6ème Étage)",-0.008450209274017339
Mega Shark vs. Crocosaurus,-0.007872937222774922
Red Hill,-0.10838405660033104
Mickey's The Prince and the Pauper,-0.04064296367105718
Gone,0.012277006829680156
Project X,0.053990104417470666
Dr. Seuss' The Lorax,-0.036386526690749516
"Big Year, The",0.07969761276389196
Act of Valor,-0.018989321346573957
Trailer Park Boys,0.061463955279280946
This Means War,-0.04865590908730035
John Carter,-0.13881497985709693
Goon,-0.013806308084733158
"Ledge, The",-0.05080370458882147
21 Jump Street,0.12294021041872663
"Jeff, Who Lives at Home",-0.00013083707255034452
Lockout,0.1205674480393473
"Snowtown (Snowtown Murders, The)",-0.09032004716694259
Space Battleship Yamato,-0.00046437497791203264
Jiro Dreams of Sushi,0.06021306081434835
Damsels in Distress,0.013905494351896577
Salmon Fishing in the Yemen,-0.0017862910819198404
Wrath of the Titans,0.0009154062173124339
Detachment,-0.08114207765652788
Iron Sky,0.023839425195804433
Absentia,-0.1264480660337196
American Reunion (American Pie 4),-0.00956445682197957
The Raid: Redemption,-0.09278516539598776
"Cabin in the Woods, The",0.1856901412547137
God Bless America,0.00495020809114847
"Three Stooges, The",0.018092405649160617
"Raven, The",0.016369342439573567
North & South,-0.010864554780879446
"Big Bang, The",0.012277006829680156
Mirror Mirror,-0.04975076145299096
Battleship,0.042448926529584985
"Best Exotic Marigold Hotel, The",0.03450305599212511
Comic-Con Episode IV: A Fan's Hope,-0.04064296367105718
Bully,-0.004599024948782126
Hysteria,0.12110229918451385
Dante's Inferno: An Animated Epic,0.06503314140844785
"Atomic Submarine, The",0.014081725513163333
"Five-Year Engagement, The",0.07245375117894211
Think Like a Man,0.010212681196701916
"Lucky One, The",0.0007276384529196655
Safe,0.06824969648637233
Dark Shadows,-0.049033897404716614
96 Minutes,0.020461678049466955
"Decoy Bride, The",-0.07509039494650085
Rocket Singh: Salesman of the Year,-0.030672632360388637
"Dictator, The",0.12860323615651204
Walking with Monsters,0.13927575616584764
Men in Black III (M.III.B.) (M.I.B.³),0.05266154934560668
Snow White and the Huntsman,0.028384626933059837
Sound of My Voice,-0.008450209274017339
Eva,0.07397952850864921
"Pirates! Band of Misfits, The",-0.040240906247410016
Prometheus,0.2247994300761065
"Pact, The",-0.1264480660337196
Bernie,-0.11995806180774761
Inhale,0.020461678049466955
Take This Waltz,0.0038501618486709733
Wanderlust,0.1401483100097505
Moonrise Kingdom,-0.07197569735748371
Get the Gringo,0.04878410938006927
Superman/Doomsday,0.0867108552112638
"Thousand Words, A",-0.015524785810267245
Safety Not Guaranteed,-0.03252003557162092
Madagascar 3: Europe's Most Wanted,-0.09265768773252486
Your Sister's Sister,0.027413314097915944
Dragon Ball: The Curse Of The Blood Rubies (Doragon bôru: Shenron no densetsu),-0.07112518642435009
Dragon Ball: Sleeping Princess in Devil's Castle (Doragon bôru: Majinjô no nemuri hime),-0.00609204501590219
Superman/Batman: Public Enemies,0.10838856901407976
Dragon Ball: Mystical Adventure (Doragon bôru: Makafushigi dai bôken),-0.07112518642435009
Dragon Ball Z the Movie: The World's Strongest (a.k.a. Dragon Ball Z: The Strongest Guy in The World) (Doragon bôru Z: Kono yo de ichiban tsuyoi yatsu),-0.08128592734211436
Brave,-0.35917382821348737
Beauty and the Beast: The Enchanted Christmas,-0.042844632356061514
Front of the Class,-0.10142759707065965
Dragon Ball Z the Movie: The Tree of Might (Doragon bôru Z 3: Chikyû marugoto chô kessen),-0.03793049973648249
Pocahontas II: Journey to a New World,-0.004828691013724192
What to Expect When You're Expecting,0.0005457288396897342
To Rome with Love,0.024554013659360312
Abraham Lincoln: Vampire Hunter,-0.0657696565687505
First Position,-0.019979816639663125
Rock of Ages,0.08864217921886239
Seeking a Friend for the End of the World,0.016312232901949705
Presto,-0.10142759707065965
Jack-Jack Attack,-0.09128483736359383
One Man Band,-0.24252904265424086
Ted,-0.2092240403241331
Magic Mike,-0.10246014522983672
Dragon Ball Z: The Return of Cooler (Doragon bôru Z 6: Gekitotsu! Hyakuoku pawâ no senshi),0.0867108552112638
Dragon Ball Z: Cooler's Revenge (Doragon bôru Z 5: Tobikkiri no saikyô tai saikyô),0.005424927869149413
Dragon Ball Z: Super Android 13! (Doragon bôru Z 7: Kyokugen batoru!! San dai sûpâ saiyajin),0.015585668786913823
Dragon Ball Z: Broly - The Legendary Super Saiyan (Doragon bôru Z 8: Moetsukiro!! Nessen retsusen-chô gekisen),-0.08128592734211436
Cleanskin,0.0286463492692538
"Amazing Spider-Man, The",-0.13303906784796077
Dragon Ball Z: Bojack Unbound (Doragon bôru Z 9: Ginga girigiri!! Butchigiri no sugoi yatsu),-0.08128592734211436
Ice Age 4: Continental Drift,-0.08227215276959225
Beasts of the Southern Wild,-0.03221016724982202
Savages,0.020363550245054155
"Firm, The",-0.017125557119711136
Spirit Camp,-0.034506711405437374
Geri's Game,-0.26883443538369156
Some Guy Who Kills People,0.00495020809114847
Treasure Island,-0.04064296367105718
"Watch, The",0.13116127527715815
"Adventures of Mary-Kate and Ashley, The: The Case of the Christmas Caper",-0.03213347426704614
2 Days in New York,0.020461678049466955
Killer Joe,0.00495020809114847
Dragon Ball Z: Broly Second Coming (Doragon bôru Z 10: Kiken na futari! Sûpâ senshi wa nemurenai),-0.08128592734211436
Dragon Ball Z: Bio-Broly (Doragon bôru Z 11: Sûpâ senshi gekiha! Katsu no wa ore da),-0.08128592734211436
Anaconda: The Offspring,-0.0026243124075916377
"Christmas Carol, A",-0.060964445506585654
Goodbye Charlie,-0.03834079045048578
For the Birds,-0.15097890645181317
Ruby Sparks,-0.0640577748441877
Total Recall,-0.00966703383398144
"Angels' Share, The",0.05918362280691943
"Immature, The (Immaturi)",0.011396099606362262
Dragon Ball Z: Bardock - The Father of Goku (Doragon bôru Z: Tatta hitori no saishuu kessen - Furiiza ni itonda Z senshi Kakarotto no chichi),-0.08128592734211436
Dragon Ball Z: The History of Trunks (Doragon bôru Z: Zetsubô e no hankô!! Nokosareta chô senshi - Gohan to Torankusu),-0.11286898443790944
Dragon Ball GT: A Hero's Legacy (Doragon bôru GT: Gokû gaiden! Yûki no akashi wa sû-shin-chû),0.0433554276056319
Sidewalls (Medianeras),0.06234014023974489
Skyfall,-0.24015188898541842
Hands Over the City (Le mani sulla città),0.15668522568657858
"Campaign, The",-0.026970592303899286
Brake,0.016369342439573567
Hope Springs,-0.002371891500454072
"Queen of Versailles, The",-0.0029509784871888664
ParaNorman,0.01212506432858968
Diary of a Wimpy Kid: Dog Days,0.044387717105189496
Broken,-0.09128483736359383
6 Days to Air: The Making of South Park,-0.00013083707255034452
Premium Rush,0.0877666966303693
"Odd Life of Timothy Green, The",0.00754609200810827
Lawless,0.016433695575309132
Piranha 3DD (a.k.a. Piranha DD),0.045866964988637245
Prime Suspect 3,-0.003572582163839681
Searching for Sugar Man,-0.07132761492494795
Prime Suspect 6: The Last Witness,-0.003572582163839681
Prime Suspect: The Lost Child,-0.0023817214425598024
Conception,0.020461678049466955
Paradise Lost 3: Purgatory,0.04475441304148883
"Words, The",-0.0004822848131107632
Pitch Perfect,0.10512507368177852
Samsara,-0.09890338025920414
Runaway Brain,-0.03834079045048578
Looper,-0.14224407409115133
That's My Boy,0.009570151518369997
Robot & Frank,-0.06703394395468443
Resident Evil: Retribution,-0.03250160937627299
Lola Versus,0.012277006829680156
"Master, The",0.20414485195009474
Dredd,0.2963144600792604
End of Watch,-0.143726899291141
V/H/S,-0.0830926384280875
"Perks of Being a Wallflower, The",-0.14739619585694674
"Hunt, The (Jagten)",-0.08562923478104739
Holy Motors,-0.18064009433388517
Taken 2,-0.09715590148895431
House at the End of the Street,-0.03238712693779141
My Left Eye Sees Ghosts (Ngo joh aan gin diy gwai),-0.03834079045048578
Love Lasts Three Years (L'amour dure trois ans),-0.01850205666902586
"Tall Man, The",-0.0055309234214879375
LOL,0.000636683646304714
Rust and Bone (De rouille et d'os),-0.004420374624277966
Marley,0.1648252968339804
Frankenweenie,-0.007099767797983418
Sinister,-0.14451207546710818
"Thing: Terror Takes Shape, The",-0.0011908607212799012
Hotel Transylvania,-0.03316464275111134
Side by Side,-0.060964445506585654
Take Aim at the Police Van (Sono gosôsha wo nerae: 'Jûsangô taihisen' yori),-0.1264480660337196
Argo,0.1696670498931017
Seven Psychopaths,0.2727900993228781
Liberal Arts,0.024554013659360312
Catch .44,0.009905115329226137
[REC]³ 3 Génesis,-0.043350915191883325
Asterix & Obelix: God Save Britannia (Astérix et Obélix: Au service de Sa Majesté),0.036989764254324604
Paranormal Activity 4,-0.10838405660033104
Alex Cross,0.012277006829680156
Cloud Atlas,0.029726441487021672
'Hellboy': The Seeds of Creation,-0.0006191666372160384
Silent Hill: Revelation 3D,0.06503314140844785
Here Comes the Boom,-0.026150154012593213
Mental,0.016369342439573567
Killing Them Softly,0.18354447821548564
"Imposter, The",0.025931929433585
"Sessions, The (Surrogate, The)",0.032738684879147134
Smashed,0.13927575616584764
Wreck-It Ralph,-0.08276603080898616
Silver Linings Playbook,-0.2327699149901715
Flight,0.08295363458617243
Anna Karenina,0.024554013659360312
Life of Pi,0.1155791144415011
"Man with the Iron Fists, The",-0.05080370458882147
"Bay, The",-0.09032004716694259
Himizu,-0.1264480660337196
Jackass 3.5,-0.0077360146070447324
Indie Game: The Movie,-0.06539091323736901
"Batman: The Dark Knight Returns, Part 1",-0.007699373929320844
Lincoln,0.020641722921472015
Nature Calls,0.012277006829680156
Vamps,0.012277006829680156
"Twilight Saga: Breaking Dawn - Part 2, The",-0.0019997567241562724
10 Years,0.0286463492692538
Red Dawn,-0.07233781090389803
Rise of the Guardians,-0.14375269523063405
"Fantastic Fear of Everything, A",-0.013786776791125182
Deadfall,0.012277006829680156
Byzantium,-0.03238712693779141
Paperman,-0.08195831864993676
"Fearless Hyena, The (Xiao quan guai zhao)",-0.16934850210691668
Half a Loaf of Kung Fu (Dian zhi gong fu gan chian chan),-0.060964445506585654
Hitchcock,0.20064776956493857
From Up on Poppy Hill (Kokuriko-zaka kara),-0.09128483736359383
Redline,0.00495020809114847
Winners and Sinners (Qi mou miao ji: Wu fu xing),-0.16934850210691668
My Lucky Stars (Fuk sing go jiu),-0.1264480660337196
"Money Money Money (L'aventure, c'est l'aventure)",-0.05080370458882147
"Liar's Autobiography: The Untrue Story of Monty Python's Graham Chapman, A",-0.05080370458882147
"Hobbit: An Unexpected Journey, The",-0.08509682830841545
Hyde Park on Hudson,0.016369342439573567
How to Make Love to a Woman,0.012277006829680156
Zero Dark Thirty,0.1574112123508147
Fire with Fire,0.012277006829680156
Warm Bodies,-0.07321292544474678
Wrong,-0.14451207546710818
Playing for Keeps,0.044387717105189496
"Guilt Trip, The",-0.0007739082725507834
Jack Reacher,-0.06384513097960812
Django Unchained,0.3460428785214775
This Is 40,-0.16892880358704465
I Bought a Vampire Motorcycle,-0.026838553315340054
Ice Cream Man,-0.026838553315340054
"Impossible, The (Imposible, Lo)",-0.08713177427781785
"Misérables, Les",-0.08470866326057505
Campfire Tales,0.047891307170522666
Parental Guidance,0.016369342439573567
John Dies at the End,-0.12149785794257129
"Misérables, Les",-0.0770311826401089
Promised Land,0.024554013659360312
English Vinglish,-0.018271242110479088
Fish Story (Fisshu sutôrî),-0.060964445506585654
Texas Chainsaw 3D,-0.05419202830016552
Gangster Squad,0.022903477353874026
"Iceman, The",-0.00011448243848158172
It's Such a Beautiful Day,0.023658619767620872
"Batman: The Dark Knight Returns, Part 2",0.086320743059366
Everything or Nothing: The Untold Story of 007,0.024554013659360312
Codependent Lesbian Space Alien Seeks Same,-0.030672632360388637
"Last Stand, The",0.06491865896996622
Upstream Color,-0.18555187131504522
Shadow Dancer,0.024554013659360312
Human Planet,0.13927575616584764
Comme un chef,0.05178566995605447
Movie 43,-0.1279494748149032
"Pervert's Guide to Ideology, The",0.12186628664511685
Sightseers,-0.16257608490049674
Hansel & Gretel: Witch Hunters,-0.05296441713692237
Jim Jefferies: Fully Functional (EPIX),-0.01575368998553412
Why Stop Now,0.012277006829680156
Tabu,0.13927575616584764
Upside Down,-0.06085655824239578
"Liability, The",0.024554013659360312
Angst,0.04190489377420734
Stand Up Guys,0.020461678049466955
Side Effects,-0.18915707305905224
Identity Thief,-0.03056384938350937
"ABCs of Death, The",-0.1264480660337196
Beautiful Creatures,0.016369342439573567
"Good Day to Die Hard, A",0.0470125371098516
21 and Over,-0.06925316782534333
Safe Haven,0.0007276384529196655
Frozen Planet,0.06540038832298474
"Act of Killing, The",-0.017278639726111773
Universal Soldier: Day of Reckoning,-0.14451207546710818
Escape from Planet Earth,-0.03124496162387858
Before Midnight,-0.07141639482509225
Snitch,-0.018370186853141453
Dark Skies,-0.10464316467134546
Oh Boy (A Coffee in Berlin),0.0015811685904125064
Journey to the West: Conquering the Demons (Daai wa sai you chi Chui mo chun kei),-0.013742056399669422
Maniac Cop 2,-0.18064009433388517
Jack the Giant Slayer,0.007604232865199784
Wadjda,-0.011573835148663085
"Unintentional Kidnapping of Mrs. Elfriede Ott, The (Die Unabsichtliche Entführung der Frau Elfriede Ott)",3.961734762327426e-05
"Legend of Sleepy Hollow, The",-0.04064296367105718
G.I. Joe: Retaliation,0.027306983146733212
Stoker,-0.20759014369024728
Oz the Great and Powerful,-0.12428229601214856
"Croods, The",-0.04265691266131493
"Incredible Burt Wonderstone, The",0.04184492088436504
"Call, The",0.012277006829680156
Olympus Has Fallen,0.09996352804788619
"First Time, The",0.006746083408192218
Mezzo Forte,-0.060964445506585654
"Place Beyond the Pines, The",-0.2116724966413257
"Brass Teapot, The",0.016369342439573567
Phil Spector,0.006512056917921302
"Host, The",-0.006096019529217818
Admission,0.05943849740909113
Evil Dead,-0.06141492462527164
Trance,0.012827690132127983
"Perfect Plan, A (Plan parfait, Un)",0.06503038563409533
Oblivion,-0.1637524279845904
Dark Tide,0.012277006829680156
42,0.032738684879147134
Wolf Children (Okami kodomo no ame to yuki),-0.12467633639142127
Disconnect,0.0006776436816053572
"Invincible Iron Man, The",-0.008519172667169997
Yongary: Monster from the Deep,0.004092335609893392
Pain & Gain,0.1395740665177635
Hulk Vs.,0.06503314140844785
Resolution,-0.14451207546710818
Grabbers,-0.10838405660033104
Justice League: Doom,0.10838856901407976
"Grandmaster, The (Yi dai zong shi)",-0.009259068118930465
This Is the End,-0.04725390539994795
Iron Man 3,-0.106199093633538
"English Teacher, The",0.016369342439573567
Mud,-0.001489549647005293
Bill Hicks: Revelations,-0.004481749081779707
Pawn,0.016369342439573567
Shaolin Temple (Shao Lin si),-0.16257608490049674
Syrup,-0.018395625530708472
"Great Gatsby, The",0.023841454302983078
Star Trek Into Darkness,0.03574826134678672
"Internship, The",-0.07010520653480498
Darkon,-0.060964445506585654
Mimino,-0.08114207765652788
Ivan Vasilievich: Back to the Future (Ivan Vasilievich menyaet professiyu),-0.09128483736359383
Only God Forgives,0.0865963727727821
"Hangover Part III, The",-0.02282911776455246
"Fast & Furious 6 (Fast and the Furious 6, The)",-0.16648954110204867
Epic,0.008208808060718196
Captain America,-0.010160740917764295
Tie Xi Qu: West of the Tracks (Tiexi qu),0.13927575616584764
"Rink, The",-0.026838553315340054
Captain America II: Death Too Soon,-0.010160740917764295
Down Terrace,-0.14451207546710818
Frances Ha,-0.011573835148663085
"Lords of Salem, The",-0.09032004716694259
Behind the Candelabra,0.024554013659360312
As I Was Moving Ahead Occasionally I Saw Brief Glimpses of Beauty,0.12186628664511685
With Great Power: The Stan Lee Story,-0.060964445506585654
After Earth,0.009962239799947505
Now You See Me,-0.09303477354289447
Inhuman Resources (Redd Inc.),-0.034506711405437374
"Way, Way Back, The",-0.0007616761059973026
Much Ado About Nothing,-0.060964445506585654
Man of Steel,-0.07814645849011949
"Kings of Summer, The",0.04435795111166274
"Purge, The",-0.10580676204735202
Rapture-Palooza,-0.10838405660033104
20 Feet from Stardom (Twenty Feet from Stardom),-0.021452732727878406
"Bling Ring, The",0.00480226951809706
Monsters University,-0.2566549263396012
Schlussmacher,1.5846939049303205e-05
Fullmetal Alchemist: The Sacred Star of Milos,-0.005450272679594742
Maniac,-0.1264480660337196
Not Suitable for Children,0.020461678049466955
Pacific Rim,0.05140177066194281
LEGO Batman: The Movie - DC Heroes Unite,0.06503314140844785
"Best Offer, The (Migliore offerta, La)",0.04763167143863267
Adam and Eve (National Lampoon's Adam & Eve),-0.05080370458882147
World War Z,0.08939903774620794
Elysium,0.008558510515544782
Despicable Me 2,-0.18981954160937414
White House Down,0.0055978459689204375
"World's End, The",0.25154134349706275
Redemption (Hummingbird),-0.04064296367105718
"Heat, The",-0.08201990871789562
"Lone Ranger, The",-0.048958960849564304
Passion,0.02167771380281595
V/H/S/2,-0.16257608490049674
"Knot, The",0.012277006829680156
The Spectacular Now,0.013989693772238562
"Lifeguard, The",0.011134291325226288
Sharknado,-0.0915731660614857
Craig Ferguson: I'm Here To Help,-0.03834079045048578
Stuck in Love,-0.01124553707785472
Class Act,-0.030482222753292827
Fruitvale Station,-0.013953748853439698
R.I.P.D.,0.026974784726997266
"Field in England, A",-0.16257608490049674
"Conjuring, The",-0.1310666653640543
Turbo,0.020461678049466955
"Wolverine, The",-0.163945040939272
Drinking Buddies,0.04633196310713401
Red 2,-0.04538466781589346
Coffee Town,0.008487276525837351
Revenge for Jolly!,0.016369342439573567
2 Guns,-0.00698284512138959
Blue Jasmine,-0.04981013958306764
"Great Beauty, The (Grande Bellezza, La)",-0.019792993403072123
3 dev adam (Three Giant Men),-0.010160740917764295
Louis C.K.: Oh My God,-0.031274385112503404
Percy Jackson: Sea of Monsters,-0.018060641475282455
"Smurfs 2, The",0.05125066012563544
Alan Partridge: Alpha Papa,0.032738684879147134
Man of Tai Chi,0.004046216764058172
Batman: Mystery of the Batwoman,0.06503314140844785
We're the Millers,0.0905474071297718
Grown Ups 2,-0.017882547047728722
Kick-Ass 2,0.06717191424703378
Riddick,0.04419796829293053
Planes,0.017809322046474917
Blackfish,0.002694425414114862
"Wind Rises, The (Kaze tachinu)",-0.005513125255582789
Jobs,0.05861739281576567
Lee Daniels' The Butler,-0.006944301089197862
In a World...,-0.0423893290688407
About Time,-0.3573548077857258
Justice League: Crisis on Two Earths,0.035907150622442215
You're Next,-0.09754294349204888
Maria Bamford: The Special Special Special!,-0.0017504099983926772
Getaway,0.008184671219786784
"Mystery of the Third Planet, The (Tayna tretey planety)",-0.10142759707065965
Rage of Honor,-0.04064296367105718
Gravity,0.14286868005799838
What If,-0.02794915500632494
"History of Future Folk, The",-0.05071008061356547
Prisoners,-0.06287008151491273
Austenland,0.06557703360757625
Insidious: Chapter 2,-0.11845621378386935
Rush,-0.06543814538277304
"Family, The",-0.17669186117307925
Short Term 12,-0.16071544467523632
Collision Course,-0.030482222753292827
"To Do List, The",0.013667787446013433
Inescapable,0.008184671219786784
Nebraska,0.20274710612305755
Enough Said,0.006544476147863834
Don Jon,0.11372430763287836
Mood Indigo (L'écume des jours),-0.01850205666902586
"Century of the Self, The",0.13933122045252036
Crystal Fairy & the Magical Cactus and 2012,0.1638297698252081
Bad Milo (Bad Milo!),0.014795905701729858
Runner Runner,0.012178879025267394
Blue Is the Warmest Color (La vie d'Adèle),0.026645299851659057
Cloudy with a Chance of Meatballs 2,0.03779055625832181
Captain Phillips,-0.05253608936711143
"All Dogs Christmas Carol, An",-0.034506711405437374
Machete Kills (Machete 2),0.11470964147653742
Filth,-0.01471674185939606
Escape Plan,0.07270687755048426
"Thief of Paris, The (Le voleur)",-0.060964445506585654
Carrie,0.05831836995275575
UnHung Hero,-0.034506711405437374
"Counselor, The",0.012277006829680156
Escape From Tomorrow,-0.10838405660033104
"Double, The",-0.01382291178088947
12 Years a Slave,-0.072964307254196
All Is Lost,-0.027592474510353942
Ender's Game,0.012530185496424331
Jackass Presents: Bad Grandpa,0.023520479176667202
Thor: The Dark World,-0.20088170722447446
Dallas Buyers Club,-0.15352860991525125
"Selfish Giant, The",0.009536427694765568
Last Vegas,0.012264901610992461
Philomena,0.03444929904648088
"Book Thief, The",0.0298059000408537
The Hunger Games: Catching Fire,-0.1816341335028959
"Hobbit: The Desolation of Smaug, The",-0.03597315350270904
47 Ronin,-0.04040066916561888
Delivery Man,-0.060382957287598536
Charlie Countryman,0.012277006829680156
Red Flag,-0.034506711405437374
"Day of the Doctor, The",0.016776296711649135
Guilty of Romance (Koi no tsumi),0.10445681712438581
Frozen,-0.21148043228817995
Inside Llewyn Davis,-0.11676989441361892
"Wolf of Wall Street, The",-0.1668959226130406
Homefront,0.0298059000408537
Mandela: Long Walk to Freedom,0.031586505128633646
Evangelion: 3.0 You Can (Not) Redo,0.05700101260383516
All is Bright,0.012277006829680156
Tim's Vermeer,-0.005901956974377733
American Hustle,-0.19426966927026237
"Secret Life of Walter Mitty, The",-0.060351806618655655
Her,-0.14371409771970733
RoboGeisha (Robo-geisha),-0.023004474270291494
"Christmas Carol, A",-0.005355579044507689
Lone Survivor,-0.11099114055349783
Saving Mr. Banks,-0.017898207991138636
Zatoichi and the Chest of Gold (Zatôichi senryô-kubi) (Zatôichi 6),-0.08114207765652788
Oldboy,0.03437467772881028
Dampfnudelblues,3.961734762327426e-05
Anchorman 2: The Legend Continues,-0.17063597709020195
Snowpiercer,-0.06997924362970963
Only Old Men Are Going to Battle (V boy idut odni stariki),-0.09128483736359383
Guest from the Future (Gostya iz buduschego),-0.08114207765652788
"Kidnapping, Caucasian Style (Kavkazskaya plennitsa)",-0.09128483736359383
Haunter,-0.10838405660033104
Wrong Cops,-0.14451207546710818
"Muppet Christmas: Letters to Santa, A",-0.01606673713352307
Ninja: Shadow of a Tear,-0.16257608490049674
"Fuck You, Goethe (Fack Ju Göhte)",-0.009633611618874513
High School,0.00495020809114847
Grudge Match,0.0001819590214018884
Highlander: The Search for Vengeance,0.06503314140844785
Only Lovers Left Alive,-0.18064009433388517
Cats,-0.004763442885119605
MacGyver: Trail to Doomsday,0.0025726363769574194
Bad Karma,0.016369342439573567
Hunting Elephants,-0.03834079045048578
Dragon Ball Z: Battle of Gods,0.08658001813871355
Freezer,0.016369342439573567
We Are What We Are,-0.11391498002181895
Dragon ball Z 04: Lord Slug,-0.08128592734211436
Chinese Puzzle (Casse-tête chinois),-0.03834079045048578
Dragon Ball: The Path to Power (Doragon bôru: Saikyô e no michi),-0.07112518642435009
Ride Along,-0.07412628363169937
Jack Ryan: Shadow Recruit,0.013517376960269252
Divergent,-0.05506149589215055
Hotel Chevalier (Part 1 of 'The Darjeeling Limited'),-0.07112518642435009
Ernest & Célestine (Ernest et Célestine),-0.09128483736359383
Drift,0.016369342439573567
"I, Frankenstein",-0.039173801832691105
Better Living Through Chemistry,0.012277006829680156
Nymphomaniac: Volume I,-0.08688465239368401
Enemy,0.0056131375774693855
Wonder Woman,0.10838856901407976
"Monuments Men, The",0.17683799686893673
The Lego Movie,-0.15199487567859324
RoboCop,-0.014835516250333676
"Art of the Steal, The",-0.0065077123384233064
Nymphomaniac: Volume II,-0.09128483736359383
Knights of Badassdom,0.016287569269229613
Venus in Fur (La Vénus à la fourrure),-0.015550775753500617
Date and Switch,0.016369342439573567
"Zero Theorem, The",0.011787563050970656
Winter's Tale,0.012277006829680156
On the Other Side of the Tracks (De l'autre côté du périph),-0.03834079045048578
GLOW: The Story of the Gorgeous Ladies of Wrestling,-0.010502459990356065
Cold Comes the Night,0.016369342439573567
Chouchou,-0.021145207621743857
Someone Marry Barry,0.020461678049466955
About Last Night,0.00612034558680854
"Grand Budapest Hotel, The",0.04841164849741538
"Oversimplification of Her Beauty, An",0.12186628664511685
Bring It On: Fight to the Finish,0.016369342439573567
That Awkward Moment,-0.017569881936406562
Interstellar,0.2346779740568743
3 Days to Kill,-0.007845690451220555
Welcome to the Jungle,-0.014500888392858294
Non-Stop,-0.14672216195032103
Wrinkles (Arrugas),-0.030672632360388637
"Garden of Words, The (Koto no ha no niwa)",-0.10142759707065965
300: Rise of an Empire,0.003924783717180602
Particle Fever,0.004271802012072625
"Bag Man, The",-0.03748905331155386
Mr. Peabody & Sherman,-0.013849171122064949
Under the Skin,0.02332560958821976
Need for Speed,0.023819660558315844
Barefoot,-0.01899365455465015
Veronica Mars,0.0003026053060505511
Bad Words,0.027832893861392864
Son of God,-0.0023147670297326162
Puss in Boots: The Three Diablos,0.044387717105189496
Why Don't You Play In Hell? (Jigoku de naze warui),-0.058773807688768366
Ocho apellidos vascos,0.0665815756577844
Captain America: The Winter Soldier,-0.1568777093231053
Noah,2.7657175137750215e-05
"Nut Job, The",-0.1007419817846004
King of Comedy (Hei kek ji wong),-0.14451207546710818
13 Sins,-0.1264480660337196
Muppets Most Wanted,0.07622520117693338
Me and you (io e te),0.00495020809114847
Free to Play,-0.0001471917066191199
"Unknown Known, The",0.01719276477698526
The Raid 2: Berandal,-0.1524586528704213
"Brain Smasher... A Love Story (Bouncer and the Lady, The)",-0.05080370458882147
The Amazing Spider-Man 2,-0.06819586389601356
Calvary,-0.08114207765652788
Oculus,-0.16257608490049674
God's Not Dead,-0.0023147670297326162
Cold in July,0.020461678049466955
Rio 2,0.013517376960269252
"Honest Liar, An",-0.027087865130713904
Fading Gigolo,-0.03685903480295843
Transcendence,0.08062808796124402
Hatchet III,-0.14451207546710818
"Other Woman, The",-0.01846662289197523
"Haunted House 2, A",-0.0017504099983926772
Mulan II,-0.006035863767155267
Brick Mansions,0.012277006829680156
Locke,-0.056145074487987764
Neighbors,-0.05084295016237958
Alpha and Omega 3: The Great Wolf Games,-0.034506711405437374
Mom's Night Out,-0.008330098338545894
Lucy,-0.10998727941406833
X-Men: Days of Future Past,-0.2728305673060717
Godzilla,0.19301729330141518
Walk of Shame,-0.008752049991963386
Blue Ruin,-0.021145207621743857
Chef,0.002608857252249052
Afflicted,-0.1264480660337196
Blended,-0.08952064588791492
Begin Again,-0.04153171467460657
Maleficent,-0.08443159558864313
Zombeavers,-0.11417105920403939
At Middleton,0.012277006829680156
"Dance of Reality, The (Danza de la realidad, La)",5.546428667255988e-05
A Million Ways to Die in the West,-0.19994568107014962
Edge of Tomorrow,-0.08694376066191142
Mission: Impossible - Rogue Nation,-0.043212582879631686
Midnight Chronicles,-0.010160740917764295
Million Dollar Arm,0.024554013659360312
G.B.F.,-0.009321711998077985
Jimi: All Is by My Side,0.12186628664511685
Bad Asses (Bad Ass 2),-0.03748905331155386
Lilting,-0.01398256799711704
The Fault in Our Stars,-0.050461891548264526
Tangled Ever After,-0.1539941279623054
Maps to the Stars,-0.00011448243848158172
22 Jump Street,-0.20164978014539214
"Equalizer, The",-0.10491710569268581
How to Train Your Dragon 2,-0.3628281653670224
Birdman: Or (The Unexpected Virtue of Ignorance),-0.16750662243022635
Boyhood,-0.21927824896019082
Think Like a Man Too,0.012277006829680156
Jersey Boys,0.036989764254324604
Nick Fury: Agent of S.H.I.E.L.D.,-0.02032148183552859
"Internet's Own Boy: The Story of Aaron Swartz, The",0.003307675341802452
Transformers: Age of Extinction,0.013976291840597859
Frank,-0.10917758477180749
They Came Together,-0.011106797784727845
Honey (Miele),0.0015811685904125064
Planes: Fire & Rescue,0.009964428419100396
Tammy,-0.0023177887705692663
Colourful (Karafuru),0.004732645848783318
"Babadook, The",-0.056751476893523216
Whiplash,0.00933355156176905
Gone Girl,-0.1992079038226545
"Angriest Man in Brooklyn, The",-0.010953889489346945
Dawn of the Planet of the Apes,-0.013485923686453967
Deliver Us from Evil,-0.10838405660033104
And So It Goes,0.016369342439573567
Sex Tape,0.024960738494159383
I Origins,-0.019569701501100715
"Purge: Anarchy, The",-0.06298471423882246
Guardians of the Galaxy,-0.3183610928621712
"Signal, The",-0.041466414153328315
The Expendables 3,0.019569104862644845
Hercules,0.028281343196044983
A Most Wanted Man,0.030839978360155295
Life After Beth,-0.1264480660337196
Felony,0.024554013659360312
Get on Up,-0.0022233858695610365
Magic in the Moonlight,0.024554013659360312
Housebound,-0.19324871726088516
The Hundred-Foot Journey,-0.0397833716185017
Batman: Assault on Arkham,0.06503314140844785
White Frog,-0.012428949330770649
"Den, The",-0.1264480660337196
Jupiter Ascending,-0.09387788441762368
Teenage Mutant Ninja Turtles,0.11294872332619574
I'll Follow You Down,0.012277006829680156
"Old Lady and the Pigeons, The (La vieille dame et les pigeons)",4.754081714791319e-05
"Giver, The",-0.015062237531699892
"Pretty One, The",-0.035362996994223725
Revenge of the Green Dragons,0.012277006829680156
Let's Be Cops,-0.03177414638926082
"Inbetweeners 2, The",0.019061695966075057
"Sacrament, The",-0.14451207546710818
Sin City: A Dame to Kill For,0.004564365743816102
If I Stay,-0.007374564561983909
"Two Days, One Night (Deux jours, une nuit)",-0.01620336920812832
Coherence,-0.027009759851677702
"As Above, So Below",-0.10838405660033104
"One I Love, The",-0.005235051114347306
Headshot,-0.05080370458882147
"Guest, The",-0.14451207546710818
Pride,0.020309735548376454
Honeymoon,-0.1264480660337196
The Drop,0.027595844929096412
"20,000 Days on Earth",0.0029401558593799416
The Skeleton Twins,0.007762979909718261
Beautiful Losers,-0.05080370458882147
"Maze Runner, The",-0.23069220901296184
Camp X-Ray,-0.03225165545258865
"Walk Among the Tombstones, A",0.0298059000408537
Laggies,-0.005235051114347306
La cravate,4.754081714791319e-05
Cesar Chavez,-0.006944301089197862
Who Am I (Kein System Ist Sicher),-0.0055309234214879375
"Tale of Princess Kaguya, The (Kaguyahime no monogatari)",-0.0046295340594652325
This Is Where I Leave You,0.017006026085878225
Angel's Egg (Tenshi no tamago),-0.07716781471471404
American Sniper,0.06036874303438783
Tusk,-0.1264480660337196
Hector and the Search for Happiness,0.10393956824156197
Horns,-0.10838405660033104
Annabelle,-0.022530721034835777
Two Night Stand,-0.0070661261636780414
Dracula Untold,-0.16050308041569683
Stretch,0.009652392156038725
Autómata (Automata),0.10445681712438581
"Captive, The",0.016369342439573567
Predestination,-0.13374466525887144
Justin and the Knights of Valour,0.029591811403459716
Ward 13,-0.026838553315340054
What We Do in the Shadows,-0.0963749917525505
John Wick,-0.13945799940188328
Plastic,0.016369342439573567
"Judge, The",0.020461678049466955
"Culture High, The",4.754081714791319e-05
Fury,-0.03952337724027895
"Salvation, The",0.024554013659360312
St. Vincent,0.026808956128011888
"Rewrite, The",-0.03748905331155386
Nightcrawler,0.029738985294080877
Big Hero 6,-0.10005224876492155
The Book of Life,-0.024595760424531755
"Love, Rosie",0.000636683646304714
Time Lapse,0.0016365894175759319
Ex Machina,0.11565671441873596
Crippled Avengers (Can que) (Return of the 5 Deadly Venoms),-0.18064009433388517
Mr Hublot,-0.060964445506585654
Copenhagen,0.030839978360155295
"Simpsons: The Longest Daycare, The",-0.06374074926669993
Generation War,0.0034174416096581554
Christmas in Connecticut,-0.030482222753292827
Leviathan,0.011296424675831232
Reign of Assassins,-0.05080370458882147
Zulu,0.012277006829680156
Tangerines,-0.09128483736359383
Life Partners,0.024554013659360312
Drive Hard,0.012277006829680156
New Kids Nitro,0.10445681712438581
Stalingrad,-0.008215417117010225
Dead Snow 2: Red vs. Dead,-0.17216073820367508
Volga - Volga,-0.026838553315340054
You Are the Apple of My Eye,-0.010953889489346945
DeadHeads,-0.026838553315340054
The Imitation Game,-0.3029586420283205
Inherent Vice,0.05360457074730418
Rudderless,-0.034506711405437374
The Hunger Games: Mockingjay - Part 1,-0.2456915953982409
Sex Ed,0.020461678049466955
Exodus: Gods and Kings,-0.002000844413567885
Wild Tales,0.023236817848860745
Jetsons: The Movie,-0.04064296367105718
Ski School,-0.030482222753292827
Dumb and Dumber To,-0.10485909976261419
The Longest Week,0.012277006829680156
Miss Meadows,0.020461678049466955
Too Many Cooks,-0.06498893415872986
Painted Skin,-0.008450209274017339
The Theory of Everything,-0.1326306901039745
Doctor Who: The Time of the Doctor,0.061357666320616996
Virunga,0.13927575616584764
The Madagascar Penguins in a Christmas Caper,-0.03748905331155386
Song of the Sea,-0.06085655824239578
In the Heart of the Sea,0.017077509939180224
Hello Ladies: The Movie,0.024554013659360312
Jurassic World,0.04767325526636713
Watermark,0.1740946952073098
Citizenfour,0.1128839000036985
Asterix: The Land of the Gods (Astérix: Le domaine des dieux),0.12090556931270639
Hit by Lightning,-0.02677789522253844
Horrible Bosses 2,-0.03362812583253503
Double Trouble,-0.02032148183552859
Dragonheart 2: A New Beginning,-0.01413297251808212
La Belle Verte,0.15668522568657858
Penguins of Madagascar,-0.1511907074365912
'71,-0.14451207546710818
The Rabbi's Cat (Le chat du rabbin),-0.013888602178395723
Still Alice,-0.030244559309785972
Paddington,-0.07830762783591005
Maze Runner: Scorch Trials,-0.0229351691430015
Ice Age: A Mammoth Christmas,-0.03748905331155386
The Voices,-0.1264480660337196
Courier,-0.07099931794946182
The Green Prince,0.003505384775354301
Dying of the Light,0.012277006829680156
Hellbenders,-0.03834079045048578
Omega Doom,-0.04064296367105718
By the Gun,0.016369342439573567
Kill the Messenger,0.024554013659360312
Bring It On: In It To Win It,0.012277006829680156
Fans,-0.034506711405437374
The Mule,-0.006118618701028264
The Hobbit: The Battle of the Five Armies,0.0024675310722319845
Selma,-0.00173071660498627
Unbroken,-0.09718144666979452
Black Sea,0.03974120005447162
Good Copy Bad Copy,0.12186628664511685
Playing It Cool,0.016369342439573567
National Lampoon's Bag Boy,-0.03834079045048578
Closer to the Moon,-0.030672632360388637
"Girl Walks Home Alone at Night, A",0.030891699565516722
Dave Chappelle: For What it's Worth,-0.096895767642062
Scooby-Doo! Abracadabra-Doo,-0.03834079045048578
Mommy,-0.08114207765652788
Wild,0.019053202087582637
Top Five,0.01839735241648869
Bill Burr: I'm Sorry You Feel That Way,-0.01575368998553412
Big Eyes,-0.05249572838727401
Into the Woods,-0.0016003286821668094
"Men, Women & Children",0.016369342439573567
The Interview,-0.10489075405946686
Kingsman: The Secret Service,-0.19830693997640964
Bill Burr: You People Are All the Same,-0.01575368998553412
Night at the Museum: Secret of the Tomb,-0.08034164911584774
Paradox,-0.010992311958508328
The Punisher: Dirty Laundry,-0.05080370458882147
Seventh Son,-0.0013999820833918391
Corner Gas: The Movie,-0.026838553315340054
A Man Called Blade,-0.060964445506585654
A Merry Friggin' Christmas,-0.021422316178030757
Into the Forest of Fireflies' Light,-0.02533733272496002
PK,-0.10142759707065965
Chappie,-0.052235197231858474
The Salt of the Earth,0.03675557194689326
The Fool,-0.09128483736359383
Taken 3,-0.05050003291725284
Blackhat,0.026902150424915002
By the Law,0.12186628664511685
Son of a Gun,0.020461678049466955
Terminator Genisys,0.013631993513583164
John Mulaney: New In Town,-0.005901956974377733
Patton Oswalt: My Weakness Is Strong,-0.034506711405437374
The Hound of the Baskervilles,-0.060964445506585654
Man on High Heels,-0.009321711998077985
Space Buddies,-0.030672632360388637
Houdini,-0.04064296367105718
To Grandmother's House We Go,-0.05482819324096567
101 Dalmatians II: Patch's London Adventure,-0.0029771518031997454
The Hungover Games,-0.0032108246605734476
The Duke of Burgundy,0.12186628664511685
Red Army,-0.012982110295735127
It Follows,-0.18194398293214353
The Town that Dreaded Sundown,0.012894573582738936
Carry on Cabby,-0.034506711405437374
Carry on Cruising,-0.026838553315340054
Bill Burr: Let It Go,-0.01575368998553412
Bill Burr: Why Do I Do This?,-0.01575368998553412
Killer Movie,-0.034506711405437374
Sebastian Maniscalco: What's Wrong with People?,-0.01225286998874882
Stuart Little 3: Call of the Wild,-0.03834079045048578
Guy X,-0.03834079045048578
Tooth Fairy 2,-0.0023147670297326162
The Diary of Anne Frank,-0.05080370458882147
The Deadly Bees,-0.02032148183552859
Wicked Blood,0.012277006829680156
Oblivion 2: Backlash,-0.010160740917764295
Mad Max: Fury Road,-0.15734526312266156
Insidious: Chapter 3,-0.11509882805602317
Star Wars: Episode VII - The Force Awakens,0.08232359529826974
Ben-hur,-0.0023147670297326162
Warcraft,-0.034186531399211094
Avengers: Age of Ultron,-0.26586003419739657
Pirates of the Caribbean: Dead Men Tell No Tales,-0.10511621426489048
Justice League,0.008046448593435281
Ant-Man,-0.04863501276079761
Fantastic Four,-0.02575055501638719
Deadpool,-0.337132951899407
Black Panther,0.22285359390849818
Avengers: Infinity War - Part I,0.07224621405319222
Thor: Ragnarok,0.03444129882630827
Guardians of the Galaxy 2,-0.0666156829236284
Captain America: Civil War,-0.09320312210216672
Doctor Strange,-0.1891898684741825
X-Men: Apocalypse,-0.15073186267365432
Untitled Spider-Man Reboot,0.09422765932642657
Elsa & Fred,0.016369342439573567
Jim Jefferies: I Swear to God,-0.01575368998553412
Tornado!,-0.04064296367105718
The Blue Lagoon,-0.0196240824393631
In the Name of the King III,-0.0031406605595738026
Cake,0.010670516428450532
Kevin Smith: Too Fat For 40,-0.034506711405437374
"Snowflake, the White Gorilla",-0.03834079045048578
Kenny & Company,0.06633801076915401
Delirium,-0.005235051114347306
Why Man Creates,0.13927575616584764
The Gambler,0.016369342439573567
The Beast of Hollow Mountain,0.004092335609893392
Mortdecai,0.010532807985341505
Fifty Shades of Grey,0.004398538164347096
Halloweentown,-0.026838553315340054
Halloweentown High,-0.0392675026461107
A Flintstones Christmas Carol,-0.03834079045048578
Hedgehog in the Fog,-0.09128483736359383
The Cave of the Golden Rose,-0.009657382027448385
American Heist,0.012277006829680156
Solyaris,-0.08114207765652788
The Pacific,-0.09758297525979451
Strange Magic,-0.015745874445549844
The DUFF,-0.06453338205067118
"Daddy, I'm A Zombie",-0.030672632360388637
The Fox and the Hound 2,-0.03834079045048578
Operation 'Y' & Other Shurik's Adventures,-0.14086785847587086
Project Almanac,0.031057196486177586
Louis C.K.: Live at The Comedy Store,-0.012143656340975624
Brooklyn,0.05868840325348189
The End of the Tour,0.13927575616584764
Experimenter,-0.01575368998553412
Mistress America,0.027413314097915944
Zipper,0.016369342439573567
A Walk in the Woods,-0.026838553315340054
True Story,0.006638766268577495
Kurt Cobain: Montage of Heck,4.754081714791319e-05
Going Clear: Scientology and the Prison of Belief,-0.02665423534472352
"What Happened, Miss Simone?",-0.005164212352580563
A Story of Children and Film,0.12186628664511685
"Story of Film: An Odyssey, The",0.13927575616584764
Eden,-0.03685903480295843
The D Train,0.016369342439573567
Dope,-0.11187906011874854
Me and Earl and the Dying Girl,-0.004301473873959293
The Overnight,0.18123923934593908
The Stanford Prison Experiment,-0.012263113529088186
A Pigeon Sat on a Branch Reflecting on Existence,0.1404818564784504
The Loft,0.012277006829680156
Vice,-0.002371891500454072
Family Guy Presents: Blue Harvest,-0.014003279987141418
Trinity and Sartana Are Coming,-0.03834079045048578
Kevin Hart: I'm a Grown Little Man,-0.034506711405437374
Jim Norton: American Degenerate,-0.014003279987141418
Jim Jefferies: BARE,-0.01575368998553412
Hard Promises,-0.04064296367105718
The Hateful Eight,0.1145004117843633
Patton Oswalt: Tragedy Plus Comedy Equals Time,-0.030672632360388637
Wild Card,-0.02764427610221884
Paper Towns,-0.024659595549931246
The Wedding Ringer,-0.0418184797445358
Wyrmwood,-0.009584653303178632
The Boy Next Door,0.008184671219786784
Boy Meets Girl,-0.030672632360388637
Victoria,-0.020940582096259548
The Dark Valley,3.961734762327426e-05
I'm Here,-0.07112518642435009
The Last Five Years,0.000636683646304714
Crimson Peak,-0.1264480660337196
Dragonheart 3: The Sorcerer's Curse,-0.01256264223829521
Chris Rock: Bigger & Blacker,-0.09547115691202318
The Natural Love,0.15668522568657858
The Forgotten Space,0.13927575616584764
Cloudburst,-0.012428949330770649
Tom Segura: Completely Normal,-0.017504099983926772
"Honey, We Shrunk Ourselves",-0.026838553315340054
Stitch! The Movie,0.02669235095796213
Hot Tub Time Machine 2,-0.012209651102409447
Johnny Express,0.15668522568657858
Eddie Izzard: Glorious,-0.026838553315340054
Northmen - A Viking Saga,-0.004828691013724192
Superfast!,0.004092335609893392
Reality,-0.14451207546710818
Julia,0.012277006829680156
Focus,-0.08725300563735862
Marvel One-Shot: Item 47,-0.05151829433548156
The Second Best Exotic Marigold Hotel,-0.010480944320478884
George Carlin: It's Bad for Ya!,-0.10142759707065965
Tracers,0.008184671219786784
"McFarland, USA",0.0286463492692538
Unfinished Business,0.007617292447610155
Ghost in the Shell Arise - Border 1: Ghost Pain,-0.05080370458882147
Run All Night,-0.09557255141143849
Digging Up the Marrow,-0.10838405660033104
Clown,-0.1264480660337196
Cinderella,-0.009657382027448385
Kidnapping Mr. Heineken,0.016369342439573567
The Cobbler,-0.006883835527691061
Ruby Red,-0.01256264223829521
Pan,-0.02807188455437618
While We're Young,-0.030672632360388637
Too Late for Tears,0.0029206857183549694
Insurgent,0.0663287429270011
La vérité si je mens !,-0.01850205666902586
The Amazing Screw-On Head,-0.1358629686975975
Home,-0.09890833389937928
Midnight Special,-0.002336208301082732
"Gunman, The",-0.03685903480295843
Furious 7,-0.12069043201902135
The Final Girls,-0.015745874445549844
Spring,-0.16257608490049674
Power/Rangers,-0.04044204216267109
George Carlin: Life Is Worth Losing,-0.10142759707065965
Legend No. 17,-0.09128483736359383
Love and Pigeons,-0.10142759707065965
Get Hard,-0.01576690883847193
That Sugar Film,-0.041466414153328315
Saving Santa,-0.03834079045048578
The Brain,-0.034506711405437374
Tom and Jerry: A Nutcracker Tale,-0.03834079045048578
What Men Talk About,-0.10142759707065965
Kill Me Three Times,-0.023004474270291494
Poker Night,0.016369342439573567
Reckless Kelly,-0.05080370458882147
Willy/Milly,-0.03834079045048578
Shaun the Sheep Movie,-0.014336498311967955
Last Knights,-0.04295221482641964
The Jinx: The Life and Deaths of Robert Durst,0.0011729872319465723
Batman vs. Robin,0.009048878333648296
Libre et assoupi,0.0033001387274322965
Woman in Gold,0.03974120005447162
Iliza Shlesinger: Freezing Hot,-0.040841833302481166
The Road Within,0.00495020809114847
The Malibu Bikini Shop,-0.005248624815183275
Tomorrowland,-0.110468750475617
Let It Be Me,-0.05080370458882147
Buzzard,-0.03834079045048578
Paul Blart: Mall Cop 2,-0.05633719714862562
Seve,0.04092335609893391
Breathe,-0.0046295340594652325
Patlabor 2: The Movie,-0.07112518642435009
Da Sweet Blood of Jesus,-0.1067627491389912
The Longest Ride,-0.020622909843722788
Girltrash: All Night Long,-0.010875330664424311
Sword of Vengeance,0.008184671219786784
Lovesick,0.016369342439573567
Danny Collins,-0.034506711405437374
The Even Stevens Movie,-0.026838553315340054
Kite,0.012277006829680156
Man Up,0.0030447593106881603
San Andreas,0.03337814183410385
Welcome to Me,-0.040037634826925114
Comedy Central Roast of James Franco,-0.011061846842975875
We Could Be King,0.01719276477698526
Hitman: Agent 47,0.012277006829680156
B/W,0.0038501618486709733
Ricki and the Flash,0.016369342439573567
Partisan,0.016369342439573567
Infini,0.012277006829680156
Pitch Perfect 2,-0.019643799880121052
Just Before I Go,0.008184671219786784
Carol,-0.012428949330770649
Office Romance,-0.11428931163388532
Bootleggers,-0.09128483736359383
The Lobster,-0.01825837305339261
Güeros,0.0013552873632107145
Maggie,0.016369342439573567
Hot Pursuit,0.012277006829680156
Slow West,0.012173150219470626
The Green Inferno,-0.1264480660337196
Barely Lethal,-0.034506711405437374
Carry On Don't Lose Your Head,-0.030672632360388637
What Love Is,-0.03834079045048578
The Monkey King,0.12186628664511685
5 to 7,0.020461678049466955
Afonya,-0.08114207765652788
My Love,-0.10142759707065965
Radio Day,-0.10142759707065965
The Martian,0.0758991724084966
Return to Sender,0.012277006829680156
Kung Fury,0.09342925187716365
Elections Day,-0.09128483736359383
Youth,0.1594652061562373
Survivor,-0.0023147670297326162
Hot Girls Wanted,-0.004426467730783324
That Munchhausen,-0.09128483736359383
The Taming of the Scoundrel,-0.09128483736359383
Phir Hera Pheri,-0.034506711405437374
Spy,-0.1741045826544179
Trainwreck,-0.14673064356539972
BMX Bandits,4.754081714791319e-05
Turtle Power: The Definitive History of the Teenage Mutant Ninja Turtles,0.06503314140844785
Aloha,0.002824106168957808
Dragon Blade,-0.005476944744673472
Entourage,0.011296424675831232
Bitter Lake,0.1740946952073098
No Way Jose,0.011296424675831232
Ghost Graduation,-0.03834079045048578
Duck Amuck,-0.08114207765652788
Inside Out,0.050325433896511645
The Wolfpack,0.0286463492692538
Trevor Noah: African American,-0.008752049991963386
Love & Mercy,0.23888056970920496
The Hunger Games: Mockingjay - Part 2,-0.2550055683561673
Pixels,-0.01731781616203891
Fantastic Beasts and Where to Find Them,0.17776533885760404
The Hairdresser,0.003426230178231559
The Star Wars Holiday Special,0.011056335128192337
Mr. Holmes,-0.013888602178395723
The Secret Life of Pets,-0.07318656068588275
Ghost in the Shell: Stand Alone Complex - The Laughing Man,-0.07107764560720209
Self/less,-0.011114359279315573
The Last Witch Hunter,-0.06531354575114318
Krampus,-0.1264480660337196
Suicide Squad,-0.10755342990251407
Independence Day: Resurgence,0.029049525476250043
Star Trek Beyond,-0.02334600857417037
Golmaal,-0.034506711405437374
Bruce Lee: A Warrior's Journey,-0.07112518642435009
Five Element Ninjas,-0.1264480660337196
The Magnificent Ruffians,-0.14451207546710818
Ted 2,0.021807022906515282
Absolutely Anything,-0.008215417117010225
Minions,-0.14495875375184492
The Silence of the Hams,-0.023004474270291494
Bloodsport III,-0.030482222753292827
The Good Dinosaur,-0.17831931013553817
Black Mass,-0.02457926183017274
Spectre,-0.08854044627023776
The Professional: Golgo 13,0.10445681712438581
Mortal Kombat: The Journey Begins,-0.010160740917764295
Sharknado 3: Oh Hell No!,0.0082005181588361
Scooby-Doo! and the Samurai Sword,-0.03834079045048578
Scooby-Doo! and the Loch Ness Monster,-0.03834079045048578
Big Top Scooby-Doo!,-0.03834079045048578
Scooby-Doo Goes Hollywood,-0.03834079045048578
Gabriel Iglesias: Hot and Fluffy,-0.0052512299951780325
George Carlin: Back in Town,-0.10142759707065965
George Carlin: You Are All Diseased,-0.10142759707065965
Ghost in the Shell 2.0,-0.061517184159409675
Larry David: Curb Your Enthusiasm,0.037689442775896094
Kevin Hart: Laugh at My Pain,-0.01225286998874882
Tom and Jerry: Shiver Me Whiskers,-0.03834079045048578
Jeff Dunham: All Over the Map,-0.007001639993570709
The FP,-0.01682303804173608
Kung Fu Panda: Secrets of the Masters,-0.024445698722566356
Steve Jobs,-0.07589463215382802
Macbeth,3.961734762327426e-05
Vacation,-0.1592344834687357
Creep,-0.15377114358603855
The Face of an Angel,0.012277006829680156
Wild Horses,0.008184671219786784
Search Party,-0.024066984232801843
The Squeeze,0.016369342439573567
Careful What You Wish For,0.012277006829680156
Robot Overlords,0.012277006829680156
Bad Asses on the Bayou,0.020461678049466955
The Eye: Infinity,-0.03834079045048578
Kiss me Kismet,-0.006035863767155267
Da geht noch was!,-0.008450209274017339
Villain,0.0036508571479437106
The Lovers,0.012277006829680156
Batman v Superman: Dawn of Justice,-0.004431617792736702
God Loves Caviar,0.0028043078202834412
Mortuary,0.04422534051276935
April Morning,-0.05080370458882147
Amy,0.14379427326369876
That Demon Within,-0.04064296367105718
Carnival Magic,0.004092335609893392
Magic Mike XXL,-0.035362996994223725
The Jungle Book,-0.1445106035092642
Dragon Ball Z Gaiden: The Plot to Destroy the Saiyans,-0.08128592734211436
Dragon Ball Z: Resurrection of F,0.0867108552112638
The Man from U.N.C.L.E.,-0.14633065652652125
Sorrow,-0.005355579044507689
7 Days in Hell,-0.022344432642006137
The Walk,0.028685966616876918
13 Hours,-0.11960053364879822
There Will Come a Day,0.0015811685904125064
The Opposite Sex,0.012277006829680156
The Gallows,-0.05419202830016552
Tokyo Tribe,-0.18064009433388517
Feast,-0.060964445506585654
Joe Dirt 2: Beautiful Loser,0.002824106168957808
Return to Treasure Island,-0.10142759707065965
Nasu: Summer in Andalusia,0.1740946952073098
Dark Places,0.016369342439573567
Afro Samurai,-0.05080370458882147
Massu Engira Maasilamani,-0.034506711405437374
The Revenant,0.07838259051255084
Irrational Man,0.024554013659360312
Exte: Hair Extensions,-0.10838405660033104
Ooops! Noah is Gone...,-0.03834079045048578
Southpaw,0.052878378157555625
Sicario,-0.19446572820397687
Goodnight Mommy (Ich seh ich seh),-0.10838405660033104
10 Cent Pistol,0.01101376339506585
Before We Go,0.000636683646304714
Anomalisa,-0.05711428365791475
Colonia,0.012277006829680156
Ghost in the Shell Arise - Border 2: Ghost Whispers,-0.05080370458882147
How to Make Love Like an Englishman,-0.010408552782964922
Fracchia contro Dracula,-0.030672632360388637
Always Watching: A Marble Hornets Story,-0.0067147714556921746
Madly in Love,-0.09128483736359383
The Intern,-0.11011541375619766
Hollywood Chainsaw Hookers,-0.03834079045048578
Love,0.15668522568657858
Room,-0.08318518155498726
The Runner,0.016369342439573567
The Gift,-0.035151309421037544
George Carlin: Jammin' in New York,-0.10142759707065965
The Witch,-0.14451207546710818
Men & Chicken,0.0029401558593799416
The Escort,-0.03213347426704614
Doctor Who: The Waters of Mars,0.06236559893316718
"Family Guy Presents: Something, Something, Something, Dark Side",-0.034506711405437374
"Visit, The",0.010881730654272757
Secret in Their Eyes,0.012277006829680156
The Electric Hotel,-0.030672632360388637
Jeff Ross Roasts Criminals: Live at Brazos County Jail,-0.030672632360388637
Battle For Sevastopol,0.049676500068089595
American Ultra,-0.05904908264253846
Straight Outta Compton,0.09630777522537932
Cop Car,0.011571903363625194
The Lost Room,0.12186628664511685
Tangerine,0.15668522568657858
Every Secret Thing,0.016369342439573567
964 Pinocchio,-0.02032148183552859
Joy,0.05064445135275391
Ready Player One,0.18210835017419402
Victor Frankenstein,-0.025097071713754734
Guardians,-0.007768093331731692
Invincible Shaolin,-0.14451207546710818
Scouts Guide to the Zombie Apocalypse,-0.12204788106380976
Suffragette,0.020461678049466955
Fort Tilden,-0.030672632360388637
Turbo Kid,0.07194064495593071
The Unauthorized Saved by the Bell Story,-0.026838553315340054
War Room,-0.0023147670297326162
Legend,0.01988479287312677
Deathgasm,-0.0050653412232264435
The Danish Girl,-0.0074578890547662485
Cooties,-0.1264480660337196
Autumn Marathon,-0.08114207765652788
12 Chairs,-0.10142759707065965
Ordinary Miracle,-0.09128483736359383
Old Men: Robbers,-0.08114207765652788
Unbelievable Adventures of Italians in Russia,-0.106621153543788
It Can't Be!,-0.09128483736359383
12 Chairs,-0.09128483736359383
Steve Jobs: The Man in the Machine,-0.00825128573813202
Green Room,-0.09599825530672537
Beasts of No Nation,-0.011325520971152152
Bloodsucking Bastards,-0.03834079045048578
Saving Christmas,0.011056335128192337
Oscar,-0.10142759707065965
Iron Man & Hulk: Heroes United,-0.0021342300745887466
Knock Knock,2.3770408573956597e-05
The Blue Planet,0.010629751040030867
Cornered!,-0.034506711405437374
Demolition,-0.007986669613805335
Cigarette Burns,-0.10838405660033104
Our Brand Is Crisis,-0.002000844413567885
High Rise,-0.12369795042752596
The Night Before,-0.02990439885906562
Into the Forest,0.016369342439573567
The Editor,-0.03834079045048578
Everest,0.03980469852023406
The Brand New Testament,0.12681649473626516
Spotlight,-0.146269349301908
Pawn Sacrifice,-0.011573835148663085
Hardcore Henry,0.02551019366458531
Burnt,-0.0019362342760914518
Ryuzo and the Seven Henchmen,-0.034506711405437374
If I Were a Rich Man,-0.01585890571630793
Last Shift,-0.14451207546710818
"F*ck You, Goethe 2",1.5846939049303205e-05
Garam Masala,-0.034506711405437374
Life Eternal,3.961734762327426e-05
Hotel Transylvania 2,0.00357830952752377
Anti-Social,0.012277006829680156
Jump In!,-0.03834079045048578
The Little Prince,-0.0770311826401089
Narcopolis,0.012277006829680156
Ashby,0.013278906599449993
Wonder Woman,0.12416615364173911
The Circle,-8.177317034393814e-05
Silence,-0.020931031072006372
Bridge of Spies,-0.07668012321776867
Hyena Road,0.016369342439573567
The Great Hypnotist,0.00377674539396165
Into the Grizzly Maze,0.012277006829680156
Human,-0.10142759707065965
Chasuke's Journey,0.13927575616584764
L.A. Slasher,-0.03834079045048578
"Hail, Caesar!",0.008960820230427241
How To Change The World,0.15668522568657858
Er ist wieder da,0.04607998436354059
Just Eat It: A Food Waste Story,0.0029401558593799416
Bros Before Hos,-0.023004474270291494
Slow Learners,0.016369342439573567
Unforgiven,-0.0005954303606399506
"Sex, Drugs & Taxation",0.15668522568657858
Sky High,-0.04064296367105718
Confessions of a Dangerous Mind,-0.014003279987141418
Goosebumps,0.013517376960269252
The Perfect Guy,0.012277006829680156
Rock the Kasbah,0.016369342439573567
Freaks of Nature,-0.01232312567551531
Bone Tomahawk,-0.09067197539182946
Extraordinary Tales,0.0870473476036549
The Dressmaker,0.024554013659360312
Nowitzki: The Perfect Shot,0.0025726363769574194
Trumbo,0.03974120005447162
Our Lips Are Sealed,-0.026838553315340054
Idaho Transfer,-0.010160740917764295
Witch Hunt,-0.05080370458882147
Concussion,0.013095377748797139
"Peanuts Movie, The",-0.0055309234214879375
Bloodsport: The Dark Kumite,-0.018064009433388522
Formula of Love,-0.10142759707065965
A Man from Boulevard des Capucines,-0.012982110295735127
The Adventures of Sherlock Holmes and Dr. Watson: The Hound of the Baskervilles,-0.08114207765652788
Blue Mountain State: The Rise of Thadland,-9.812780441278899e-05
Dil To Pagal Hai,-0.030672632360388637
The Boy and the Beast,-0.14451207546710818
Creed,0.04208653923375659
Dragons: Gift of the Night Fury,-0.015703302797868995
Twinsters,-0.005901956974377733
Cosmic Scrat-tastrophe,-0.03834079045048578
Solace,0.016369342439573567
Lost in the Sun,0.016369342439573567
Le Maître d'école,-0.030672632360388637
Eros,0.13927575616584764
Those Happy Days,0.0033001387274322965
The Girls,-0.10142759707065965
The Adventures of Sherlock Holmes and Doctor Watson,-0.10142759707065965
What Men Still Talk About,-0.08114207765652788
The Adventures of Sherlock Holmes and Doctor Watson: The Treasures of Agra,-0.10142759707065965
Adventures Of Sherlock Holmes And Dr. Watson: The Twentieth Century Approaches,-0.10142759707065965
The Adventures of Sherlock Holmes and Doctor Watson: King of Blackmailers,-0.10142759707065965
The Adventures of Sherlock Holmes and Dr. Watson: Bloody Signature,-0.10142759707065965
Sherlock Holmes and Dr. Watson: Acquaintance,-0.10142759707065965
Doctor Who: Last Christmas,0.05090016889036576
"Doctor Who: The Doctor, the Widow and the Wardrobe",0.04642783824188051
Doctor Who: A Christmas Carol,0.09425559649599763
Doctor Who: Planet of the Dead,0.04454509581650535
Doctor Who: The Next Doctor,0.045282840438302566
Doctor Who: Voyage Of The Damned,0.06810555204469652
Doctor Who: The Runaway Bride,0.04097311433235129
A Perfect Day,-0.03834079045048578
Masked Avengers,-0.14451207546710818
Return of the One-Armed Swordsman,-0.10838405660033104
The Lord's Lantern in Budapest,-0.034506711405437374
Hitchcock/Truffaut,-0.1264480660337196
The 5th Wave,-0.0006284811537917329
A Very Murray Christmas,-0.013215754763589934
Chi-Raq,0.04830116908624759
Truth,0.024554013659360312
Just Jim,0.024554013659360312
"Big Short, The",0.1944338537553052
Applesauce,-0.034506711405437374
The Ridiculous 6,0.04542295851638494
John Mulaney: The Comeback Kid,-0.005164212352580563
Saw,0.13638735527935353
North Pole: Open For Christmas,-0.021422316178030757
Mojave,0.016369342439573567
Wizards of Waverly Place: The Movie,-0.030672632360388637
World of Tomorrow,-0.04429287791907004
Zoolander 2,0.003149652597202624
How to Be Single,-0.00038533752825006107
Blue Exorcist: The Movie,-0.010900545359189485
Devil Dog: The Hound of Hell,-0.01382291178088947
He Never Died,-0.1264480660337196
Parasyte: Part 1,0.004400184969909707
Parasyte: Part 2,0.004400184969909707
A Cosmic Christmas,0.0884506810255387
Nocturnal Animals,-0.010072157183538252
Lumberjack Man,-0.03834079045048578
Daddy's Home,-0.04022298075145301
Sisters,-0.008539899843715717
'Tis the Season for Love,-0.01606673713352307
Kung Fu Panda 3,-0.11279923290076324
Spellbound,-0.03834079045048578
Unicorn City,-0.03834079045048578
Standoff,0.020461678049466955
Swelter,0.016369342439573567
Pride and Prejudice and Zombies,0.00495020809114847
Garm Wars: The Last Druid,0.0022000924849548535
The Devil's Candy,-0.009259068118930465
Close Range,-0.08383004294097067
Sherlock: The Abominable Bride,-0.16319264854525892
The Love Bug,-0.03834079045048578
Doctor Who: The Husbands of River Song,0.07257788269318179
Moonwalkers,0.020461678049466955
Tomorrow,0.15668522568657858
Anacleto: Agente secreto,-0.010953889489346945
Wiener-Dog,-0.010367183835667095
Ride Along 2,0.0017533581427853484
Maggie's Plan,0.016369342439573567
Eddie the Eagle,-0.002717489287625996
The Flash 2 - Revenge of the Trickster,-0.030482222753292827
Exposed,0.012277006829680156
Stonewall,-0.007768093331731692
Frankenstein,0.016369342439573567
Welcome to Happiness,0.012277006829680156
Risen,-0.0023147670297326162
The Survivalist,0.004400184969909707
Dirty Grandpa,-0.05428494024122144
Reptilicus,0.004092335609893392
Requiem for the American Dream,3.961734762327426e-05
Death Note Rewrite: Genshisuru Kami,0.0831329906924756
Three from Prostokvashino,-0.10142759707065965
The Finest Hours,0.024554013659360312
Ghost in the Shell: Solid State Society,-0.07112518642435009
Grease Live,-0.0056173284520631955
Gods of Egypt,-0.0023147670297326162
Embrace of the Serpent,0.12186628664511685
Race,-0.006944301089197862
10 Cloverfield Lane,-0.026887688622049384
London Has Fallen,-0.020684953882874085
Zootopia,-0.27845763746313285
Whiskey Tango Foxtrot,0.022797537386398472
Desierto,0.020461678049466955
The Brothers Grimsby,0.013701888371988078
Dad's Army,0.03683102048904056
Michael Jackson's Thriller,0.0867108552112638
The Wait,0.0015811685904125064
War and Peace,0.0038501618486709733
Southbound,-0.1264480660337196
Ip Man 3,-0.08114207765652788
Santa's Little Helper,0.012277006829680156
Who Killed Chea Vichea?,-0.017278639726111773
Hunt for the Wilderpeople,0.04735409294528716
Rabbits,-0.01620336920812832
Genius Party,-0.060964445506585654
Long Live Ghosts!,-0.023004474270291494
Tears for Sale,-0.030672632360388637
Dad's Army,0.016369342439573567
The Barkley Marathons: The Race That Eats Its Young,0.027413314097915944
Merci Patron !,-0.021145207621743857
The Neon Demon,-0.12369795042752596
Fraktus,0.0029401558593799416
Eye in the Sky,-0.04023634929864215
Camino,0.016369342439573567
Mr. Right,-0.015457945844205581
Noin 7 veljestä,-0.023004474270291494
Florence Foster Jenkins,0.032738684879147134
My Big Fat Greek Wedding 2,0.016369342439573567
Neon Bull,0.12186628664511685
Get a Job,0.006458398062325617
Keanu,-0.0006284811537917329
Me Him Her,0.016369342439573567
Ice Age: The Great Egg-Scapade,-0.03834079045048578
Everybody Wants Some,-0.1564711661812707
Sing Street,0.02337817577528373
Zoom,0.020461678049466955
Paterson,-0.02083290326759356
The Huntsman Winter's War,0.00997808673899687
Neighbors 2: Sorority Rising,0.0036855817658708223
Project X,-0.04064296367105718
The Trust,0.020461678049466955
Hush,-0.17496300911376747
Jimmy Carr: Telling Jokes,-0.030672632360388637
Jimmy Carr: Making People Laugh,0.0021359010060363125
Texas - Doc Snyder hält die Welt in Atem,0.003307675341802452
00 Schneider - Jagd auf Nihil Baxter,0.003307675341802452
The Man Who Knew Infinity,0.024554013659360312
Despite the Falling Snow,0.016369342439573567
Wizards of the Lost Kingdom II,0.004092335609893392
Money Monster,0.011202609930536483
Barbershop: The Next Cut,0.020461678049466955
Finding Dory,-0.22098778506115505
The Boss,-0.009976303208137194
The Angry Birds Movie,0.020461678049466955
Bakuman,-0.010900545359189485
I Am Wrath,0.012277006829680156
Precious Cargo,0.008184671219786784
Snowden,-0.04741635266476247
Tenchi Muyô! In Love,-0.03834079045048578
Ratchet & Clank,-0.030482222753292827
Kicking Off,0.012277006829680156
SORI: Voice from the Heart,0.049676500068089595
Gintama: The Final Chapter - Be Forever Yorozuya,-0.00953797718929081
The Nice Guys,0.11871054159618412
Kindergarten Cop 2,-0.007872937222774922
Buck Rogers in the 25th Century,-0.05080370458882147
World of Glory,-0.03834079045048578
The Crew,-0.050713798535329827
The Shallows,-0.008393464319615183
Gen-X Cops,-0.1264480660337196
The Handmaiden,-0.061757351447631496
Alice Through the Looking Glass,-0.004715341827069075
The BFG,0.05528167564096164
My Scientology Movie,0.12186628664511685
Sausage Party,-0.087930406005833
Karate Bullfighter,-0.060964445506585654
All Yours,-0.03834079045048578
Kill Command,-0.09201471416075747
Captain Fantastic,-0.045746780793539214
Toni Erdmann,0.1456985543914762
The Wailing,-0.060964445506585654
Comedy of the Strict Regime,-0.034506711405437374
The Meddler,0.020461678049466955
Now You See Me 2,-0.10361961037946055
Ali Wong: Baby Cobra,-0.01575368998553412
Café Society,0.024554013659360312
Neo Tokyo,-0.060964445506585654
Swiss Army Man,0.011211919037599369
The Do-Over,-0.024971895688013883
Death Smiles on a Murderer,0.04422534051276935
Teenage Mutant Ninja Turtles: Out of the Shadows,0.016369342439573567
The Fundamentals of Caring,0.03126347594658687
Popstar: Never Stop Never Stopping,-0.005382067067728337
A Midsummer Night's Dream,-0.01256264223829521
The Bremen Town Musicians,-0.10142759707065965
Planet Earth,-0.16014107120546778
Bo Burnham: Make Happy,-0.003688723108986064
The Conjuring 2,-0.015273184051880327
Pelé: Birth of a Legend,0.15668522568657858
Ghostbusters,-0.1132396721327074
Central Intelligence,-0.000375031535805641
O.J.: Made in America,-0.01575368998553412
Bloodmoon,-0.09032004716694259
Genius,0.0298059000408537
The Wooden Horse,-0.003572582163839681
Jason Bourne,0.10848083146354419
The Maid's Room,0.012277006829680156
Sympathy for the Underdog,-0.16257608490049674
The Legend of Tarzan,0.10141281323416762
The Purge: Election Year,0.03399769197226519
Mike & Dave Need Wedding Dates,-0.02723984431705725
Ice Age: Collision Course,1.5846939049303205e-05
Lights Out,-0.042046045831177055
Pete's Dragon,0.024554013659360312
Indignation,-0.017278639726111773
Goat,0.020461678049466955
Marauders,0.12186628664511685
Piper,-0.014907989236810313
The Adderall Diaries,0.016369342439573567
Hazard,-0.10838405660033104
The Red Turtle,0.006463708501087876
Satanic,-0.005355579044507689
Nerve,0.08920999022340091
Hellevator,-0.02032148183552859
Sully,0.009103047347169038
The Forbidden Dance,-0.05080370458882147
Jim Jefferies: Freedumb,-0.01575368998553412
The Grandmother,-0.05080370458882147
Webmaster,-0.060964445506585654
The Infiltrator,-0.0019260720160639818
War Dogs,0.07201749293695145
Vigilante Diaries,0.008184671219786784
Batman: The Killing Joke,0.06503314140844785
Bad Moms,-0.0236543781843243
Hell or High Water,-0.1520359639126234
Kingsglaive: Final Fantasy XV,-0.00953797718929081
Don't Breathe,-0.09152941377691558
Body,0.008184671219786784
Sharknado 4: The 4th Awakens,0.012277006829680156
The Edge of Seventeen,0.030096413268202442
Elle,0.004400184969909707
Train to Busan,0.0038501618486709733
Tom Segura: Mostly Stories,-0.017504099983926772
The Magnificent Seven,-0.15678730998099288
Moonlight,-0.017278639726111773
Masterminds,-0.011467987454106123
Kubo and the Two Strings,0.16808066535484378
Bridget Jones's Baby,-0.0011908607212799012
Deepwater Horizon,0.07587199830985585
Miss Peregrine's Home for Peculiar Children,-0.020896347157144703
The Girl on the Train,-0.01575368998553412
The Accountant,-0.06051244848261383
Imperium,0.020461678049466955
Kizumonogatari Part 1: Tekketsu,-0.010900545359189485
Steins;Gate the Movie: The Burden of Déjà vu,-0.008175409019392111
Shin Godzilla,0.0867108552112638
Winnie Pooh,-0.10142759707065965
Winnie the Pooh Goes Visiting,-0.10142759707065965
Your Name.,-0.09642262958297486
Winnie the Pooh and the Day of Concern,-0.10142759707065965
Comedy Central Roast of David Hasselhoff,-0.030672632360388637
DC Super Hero Girls: Hero of the Year,-0.012428949330770649
Hacksaw Ridge,-0.033982446236772164
David Cross: Making America Great Again,-0.004426467730783324
Over the Garden Wall,-0.05080370458882147
"Wings, Legs and Tails",-0.10142759707065965
Blair Witch,-0.1264480660337196
31,-0.1264480660337196
ARQ,0.04470885006128051
Arrival,-0.10323687519223708
Storks,-0.04625756145289835
Maximum Ride,-0.034506711405437374
Endless Poetry,5.546428667255988e-05
The Girl with All the Gifts,-0.013692361861683771
All Roads Lead to Rome,0.012277006829680156
Amanda Knox,-0.005164212352580563
Dirty 30,0.020461678049466955
Gimme Danger,-0.006911455890444735
Go Figure,-0.030672632360388637
Anything for Love,0.016369342439573567
Night Guards,0.0016500693637161482
La La Land,-0.039637755399605186
13th,-0.027813889282588853
London Town,0.020461678049466955
Inferno,-0.017634855025173642
Keeping Up with the Joneses,0.06339106591020495
Wild Oats,0.016369342439573567
The Rocky Horror Picture Show: Let's Do the Time Warp Again,0.012277006829680156
Jack Reacher: Never Go Back,0.016369342439573567
Joe Rogan: Triggered,-0.014003279987141418
Ethel & Ernest,-0.0029771518031997454
Flowers for Algernon,-0.04064296367105718
Manchester by the Sea,-0.043245103700322675
Lion,-0.041466414153328315
The Thinning,-0.002725136339797371
While You Were Fighting: A Thor Mockumentary,0.06493497918764986
Bad Santa 2,-0.0017504099983926772
Ice Guardians,-0.01575368998553412
Risk,-0.014003279987141418
The True Memoirs of an International Assassin,-0.02322148568962139
Alesha Popovich and Tugarin the Dragon,-0.10142759707065965
HyperNormalisation,0.15674068997325113
The African Doctor,0.0025726363769574194
Whiplash,0.020525871187490337
Junior and Karlson,-0.10142759707065965
Sapphire Blue,-0.01256264223829521
A Silent Voice,-0.027514283877382594
Moana,-0.0901356483689822
Office Christmas Party,-0.050492627690894326
The Space Between Us,-0.0046295340594652325
Rogue One: A Star Wars Story,0.05523932999759097
Split,-0.2067492431564533
Underworld: Blood Wars,0.06503314140844785
Miss Sloane,0.013315814122390655
Passengers,0.008913511994433215
Hidden Figures,0.02158574005844216
Fences,-0.013888602178395723
The Founder,0.09055547702212928
Why Him?,0.02302046123876195
Sing,-0.08453663530630534
I Am Not Your Negro,-0.017278639726111773
Iron Man,-0.00035570501243146016
Assassin's Creed,-9.071202990762905e-05
A Dog's Purpose,-0.034506711405437374
Microwave Massacre,0.022112670256384675
The OA,0.027413314097915944
Fist Fight,-0.01575368998553412
Shakespeare Behind Bars,-0.05080370458882147
A Street Cat Named Bob,-0.0035457388562585073
The Lego Batman Movie,0.06747463032981876
The Spirit of Christmas,-0.011502237135145747
The Good Boy,0.0038501618486709733
"Dana Carvey: Straight White Male, 60",-0.034506711405437374
Marvel One-Shot: Agent Carter,-0.012428949330770649
Kizumonogatari II: Passionate Blood,-0.010900545359189485
Joe Rogan: Live,-0.014003279987141418
Jim Gaffigan: Cinco,0.05645954925270274
Kizumonogatari III: Cold Blood,-0.012263113529088186
John Wick: Chapter Two,-0.19531341128101762
Get Out,-0.1902862993690643
Logan,-0.2475769288965041
Kong: Skull Island,0.09477786942851515
T2: Trainspotting,0.04395043663051816
The Big Sick,-0.04895236860946421
100 Streets,0.020461678049466955
Saturn 3,0.05528167564096164
Beauty and the Beast,0.0015770625102255354
The Boss Baby,-0.06660647308062888
Mercury Plains,0.016369342439573567
Call Me by Your Name,0.0803997059907508
Mudbound,-0.060964445506585654
Ghost in the Shell,0.14927960074303265
Bill Burr: Walk Your Way Out,-0.014003279987141418
Fifty Shades Darker,0.00062336289252766
Neal Brennan: 3 Mics,-0.01575368998553412
Lemonade,0.006463708501087876
American Fable,0.020461678049466955
The Void,-0.030482222753292827
Guyver: Dark Hero,-0.04064296367105718
Denis Leary: No Cure for Cancer,-0.03559060330730337
Buster's Mal Heart,-0.02032148183552859
Power Rangers,0.06503314140844785
Alien: Covenant,0.02577089579260515
Free Fire,0.023986649835676346
Species III,-0.005248624815183275
Ultimate Avengers 2,-0.04064296367105718
Mulholland Dr.,0.013010148864507425
Dave Chappelle: The Age of Spin,-0.014003279987141418
CHiPS,-0.014003279987141418
Table 19,-0.010502459990356065
Dave Chappelle: Deep in the Heart of Texas,-0.08114207765652788
The Quiet Family,-0.05080370458882147
A Plasticine Crow,-0.10142759707065965
Gifted,-0.02194497459755357
Band of Brothers,-0.0675767170011943
There Once Was a Dog,-0.10142759707065965
Baywatch,-0.019551680471148955
Snatched,-0.014003279987141418
The Mummy,-0.027483701718889062
Life-Size,-0.030672632360388637
The Fate of the Furious,-0.10846633746569459
Sandy Wexler,-0.007001639993570709
Betting on Zero,-0.010900545359189485
Win It All,-0.010502459990356065
Captain Underpants: The First Epic Movie,-0.009487524649224335
It Comes at Night,-0.01620336920812832
Cars 3,-0.010502459990356065
Mini's First Time,-0.030672632360388637
Planet Earth II,0.038139601853159545
The Hero,0.0029401558593799416
"Nobody Speak: Hulk Hogan, Gawker and Trials of a Free Press",-0.014003279987141418
Cosmos,0.09280876786519524
Maria Bamford: Old Baby,-0.0035008199967853544
Robin Williams: Live on Broadway,-0.060964445506585654
The Death of Louis XIV,5.546428667255988e-05
Death Note: Desu nôto (2006–2007),-0.10142759707065965
Munna bhai M.B.B.S.,-0.01917039522524289
The Beguiled,4.754081714791319e-05
Baby Driver,0.01840337905050588
Okja,0.03244064293209536
Embassy,-0.030672632360388637
Rough Night,-0.023092095085955642
Generation Iron 2,-0.01225286998874882
Mystère à la Tour Eiffel,-0.01398256799711704
Stefan Zweig: Farewell to Europe,4.754081714791319e-05
Saved by the Bell: Hawaiian Style,-0.06130616457917751
Plain Clothes,-0.060964445506585654
The Prime Gig,-0.05080370458882147
The Night Before,-0.060964445506585654
Late Night with Conan O'Brien: The Best of Triumph the Insult Comic Dog,-0.015336316180194319
Get Me Roger Stone,4.754081714791319e-05
T2 3-D: Battle Across Time,0.0867108552112638
Despicable Me 3,-0.013777398759939654
Last Year's Snow Was Falling,-0.10142759707065965
Investigation Held by Kolobki,-0.10142759707065965
Karlson Returns,-0.10142759707065965
Vacations in Prostokvashino,-0.10142759707065965
Winter in Prostokvashino,-0.10142759707065965
The Godfather Trilogy: 1972-1990,-0.04854512748238293
Priklyucheniya Kapitana Vrungelya,-0.10142759707065965
Tickling Giants,-0.013625681698986852
Vovka in the Kingdom of Far Far Away,-0.10142759707065965
Adventures of Mowgli: The Kidnapping,-0.09128483736359383
A Detective Story,0.10838856901407976
Final Flight of the Osiris,0.07587199830985585
Kid's Story,0.06503314140844785
Cheburashka,-0.10142759707065965
War for the Planet of the Apes,0.08214643537278388
The Square,0.17011573452600337
The Meyerowitz Stories,0.027413314097915944
War Machine,0.027413314097915944
Tokyo Idols,-0.012263113529088186
Vir Das: Abroad Understanding,-0.026838553315340054
"Norm Macdonald: Hitler's Dog, Gossip & Trickery",-0.008752049991963386
Valerian and the City of a Thousand Planets,0.03002773133166025
The Gracefield Incident,-0.005355579044507689
Shadow World,0.15668522568657858
Wow! A Talking Fish!,-0.10142759707065965
Travels of an Ant,-0.10142759707065965
The Adventures of Sherlock Holmes and Doctor Watson: The Hunt for the Tiger,-0.09128483736359383
Fugitives,-0.10142759707065965
Tiger Raid,0.016369342439573567
Gulliver's Travels,-0.04064296367105718
Seven Sisters,0.013298905239693126
Atomic Blonde,-9.812780441278899e-05
Empties,-0.10142759707065965
Goon: Last of the Enforcers,-0.014003279987141418
Black Mirror: White Christmas,-0.03041983284409224
Dunkirk,-0.02354131079885314
Belladonna of Sadness,5.546428667255988e-05
The Putin Interviews,3.961734762327426e-05
Unedited Footage of a Bear,-0.010900545359189485
Obsession,-0.10142759707065965
"Oh, Hello: On Broadway",-0.026838553315340054
Good Time,-0.060964445506585654
Don Camillo in Moscow,4.754081714791319e-05
The House,-0.01225286998874882
Logan Lucky,0.012261121321841487
The Dark Tower,0.009536427694765568
Annabelle: Creation,-0.013429542911384349
Gena the Crocodile,-0.10142759707065965
It,0.10554092231860425
On the Trail of the Bremen Town Musicians,-0.10142759707065965
"In the blue sea, in the white foam.",-0.10142759707065965
Wolf and Calf,-0.08114207765652788
Bobik Visiting Barbos,-0.10142759707065965
The Magic Ring,-0.09128483736359383
The Emoji Movie,-0.0013625681698986856
Death Note,0.06095336036827651
Wind River,-0.02960181371059738
Rory Scovel Tries Stand-Up for the First Time,-0.0052512299951780325
Shot Caller,-0.00953797718929081
The Hitman's Bodyguard,-0.006899945736878107
Rick and Morty: State of Georgia Vs. Denver Fenton Allen,3.961734762327426e-05
Themroc,5.546428667255988e-05
A German Life,4.754081714791319e-05
Self-criticism of a Bourgeois Dog,4.754081714791319e-05
Der Herr Karl,4.754081714791319e-05
LEGO DC Super Hero Girls: Brain Drain,-0.010875330664424311
Kingsman: The Golden Circle,0.04435551802496826
Ari Shaffir: Double Negative,-0.014003279987141418
Blade Runner 2049,0.1150633939412574
The Nut Job 2: Nutty by Nature,0.003019565840828413
Bliss,0.0038545089505105127
Alles Inklusive,0.0029979514059526083
Mother!,-0.08501378860274579
Icarus,0.027413314097915944
Cage Dive,0.0015097829204142065
Black Mirror,-0.03926243102698431
Boniface's Holiday,-0.015336316180194319
American Made,0.03168511610998855
Little Boxes,-0.030672632360388637
Geostorm,0.0433554276056319
Maz Jobrani: Immigrant,-0.034506711405437374
Sword Art Online The Movie: Ordinal Scale,-0.008175409019392111
"Three Billboards Outside Ebbing, Missouri",0.22577751920629657
Lady Bird,-0.01860843886545554
Murder on the Orient Express,0.06924459501058204
Coco,-0.11539185777618938
"The Night Is Short, Walk on Girl",-0.012263113529088186
"I, Tonya",-0.0293446696782447
"Fireworks, Should We See It from the Side or the Bottom?",-0.005450272679594742
Adventures in Plymptoons!,-0.07112518642435009
Gaga: Five Foot Two,-0.01225286998874882
Dave Chappelle: Killin' Them Softly,-0.08114207765652788
Front Cover,-0.010875330664424311
Paddington 2,-0.0298290509071152
2048: Nowhere to Run,-0.07112518642435009
Male Hunt,4.754081714791319e-05
The Death of Stalin,0.0867108552112638
Loving Vincent,-0.10142759707065965
Blue Planet II,0.1740946952073098
Christina P: Mother Inferior,-0.031423265213991726
Jumanji: Welcome to the Jungle,0.13933481884595297
Dane Cook: Troublemaker,-0.014003279987141418
Mayhem,-0.0046295340594652325
Emerald Green,-0.01256264223829521
Wonder Wheel,0.0013552873632107145
Creep 2,-0.006944301089197862
LBJ,-0.01382291178088947
"Roman J. Israel, Esq.",-0.006944301089197862
Darkest Hour,-0.03584248998431114
Star Wars: The Last Jedi,0.007992102714628638
A Bad Moms Christmas,-0.01225286998874882
The Shape of Water,-0.024153108733757384
Molly's Game,0.027413314097915944
Wonder,0.010646910423288442
Daddy's Home 2,-0.014676810200843033
The Shining,0.04422534051276935
Jim & Andy: The Great Beyond,-0.01575368998553412
The Disaster Artist,-0.07322755903567386
The Post,0.015150200568827705
Die Frauen von Ravensbrück,0.003307675341802452
The Greatest Showman,0.08978083884781453
Ferdinand,-0.0040877045096960555
Jack Whitehall: At Large,-0.04292550234913741
Lynne Koplitz: Hormonal Beast,-0.0052512299951780325
Phantom Thread,-0.07112518642435009
Too Funny to Fail: The Life and Death of The Dana Carvey Show,-0.012263113529088186
Craig Ferguson: Tickle Fight,-0.008752049991963386
Serving in Silence: The Margarethe Cammermeyer Story,-0.010875330664424311
Hare-um Scare-um,-0.030672632360388637
Porky in Wackyland,-0.030672632360388637
Porky's Hare Hunt,-0.030672632360388637
The Second Renaissance Part II,0.0867108552112638
Annihilation,0.09032550475097896
A Christmas Story Live!,0.04422534051276935
Pixel Perfect,-0.034506711405437374
Judd Apatow: The Return,-0.008752049991963386
The Purple Sea,-0.010875330664424311
Bright,0.07118789941880463
The Commuter,0.002103230865212572
Dave Chappelle: Equanimity,-0.01225286998874882
Quest,-0.01382291178088947
Dave Chappelle: The Bird Revelation,-0.01225286998874882
Insidious: The Last Key,-0.011750850047461294
The Tale of the Bunny Picnic,-0.060964445506585654
Patti Rocks,-0.015550775753500617
Game Night,-0.031409944821587446
Maze Runner: The Death Cure,-0.010875330664424311
Isle of Dogs,-0.031109719550272325
The Clapper,-0.0040877045096960555
Tom Segura: Disgraceful,-0.01575368998553412
When We First Met,-0.012367352427230202
Battle Planet,-0.006281321119147605
De platte jungle,0.1740946952073098
The Cloverfield Paradox,-0.002445604102282955
Making a Murderer,-0.014003279987141418
Elsa & Fred,-0.026838553315340054
Tomb Raider,0.1041133316859146
Fullmetal Alchemist 2018,-0.0013625681698986856
First Reformed,-0.01382291178088947
Fred Armisen: Standup for Drummers,-0.013539311049191262
Death Wish,0.0884506810255387
A Wrinkle in Time,0.06633801076915401
"Love, Simon",-0.012428949330770649
A Quiet Place,0.09087205207765092
Alpha,-0.03533618792428582
I Kill Giants,0.04422534051276935
Sherlock - A Study in Pink,-0.03595475568518195
"Game Over, Man!",-9.812780441278899e-05
Blockers,0.06633801076915401
Pacific Rim: Uprising,0.09117626080319875
Rampage,0.06633801076915401
Jurassic World: Fallen Kingdom,0.04315742828302874
Incredibles 2,0.018926466667646195
Deadpool 2,0.12047074738092182
Solo: A Star Wars Story,0.12117987227194044
Won't You Be My Neighbor?,-0.017278639726111773
Sorry to Bother You,-0.015550775753500617
Ant-Man and the Wasp,0.07432944669764116
Dogman,0.12186628664511685
Mamma Mia: Here We Go Again!,0.012261121321841487
Tag,0.0884506810255387
The Man Who Killed Don Quixote,0.15668522568657858
Boundaries,-3.7537319576607375e-05
Spiral,-4.5044783491933533e-05
Mission: Impossible - Fallout,-0.014031176813129147
SuperFly,0.0870473476036549
Iron Soldier,-0.0031406605595738026
BlacKkKlansman,-0.008639319863055887
The Darkest Minds,5.546428667255988e-05
Tilt,-2.2522391745966767e-05
Jeff Ross Roasts the Border,-6.005971132256861e-05
John From,-1.5014927830642451e-05
Liquid Truth,-2.2522391745966875e-05
Bunny,-1.5014927830642966e-05
Hommage à Zgougou (et salut à Sabine Mamou),-1.5014927830640445e-05
Gintama,-0.012263113529088186
Gintama: The Movie,-0.009537977189290813
anohana: The Flower We Saw That Day - The Movie,-0.008175409019392114
Silver Spoon,-0.0109005453591895
Love Live! The School Idol Movie,-0.010900545359189476
Jon Stewart Has Left the Building,-0.009537977189290815
Black Butler: Book of the Atlantic,-0.01090054535918948
No Game No Life: Zero,-0.00953797718929081
Flint,-0.00953797718929081
Bungo Stray Dogs: Dead Apple,-0.009537977189290813
Andrew Dice Clay: Dice Rules,-0.03341483477127328
